消費年月,縣市名稱,產業類別,交易筆數,交易金額,客單價
2020年8月,臺北市,食,8733141,7276230790,833.17
2020年8月,臺北市,衣,482869,1298815817,2689.79
2020年8月,臺北市,住,688128,3022547454,4392.42
2020年8月,臺北市,行,3188326,2139570548,671.06
2020年8月,臺北市,文教康樂,2676356,5420826211,2025.45
2020年8月,臺北市,百貨,1975428,4976515635,2519.21
2020年8月,臺北市,其他,7185064,19782327714,2753.26
2020年8月,新北市,食,9202190,7188449631,781.17
2020年8月,新北市,衣,568037,1236472313,2176.75
2020年8月,新北市,住,791825,2737813009,3457.6
2020年8月,新北市,行,3819093,2647123976,693.13
2020年8月,新北市,文教康樂,3089001,5371475260,1738.9
2020年8月,新北市,百貨,2108138,4710320250,2234.35
2020年8月,新北市,其他,9015405,20539520866,2278.27
2020年8月,桃園市,食,3854790,3351850924,869.53
2020年8月,桃園市,衣,225231,518001715,2299.87
2020年8月,桃園市,住,377450,1275882457,3380.27
2020年8月,桃園市,行,1915549,1472709327,768.82
2020年8月,桃園市,文教康樂,1341062,2189367313,1632.56
2020年8月,桃園市,百貨,977831,2217167178,2267.43
2020年8月,桃園市,其他,3864537,9002243249,2329.45
2020年8月,新竹縣,食,1109520,941977010,849.0
2020年8月,新竹縣,衣,59924,136565597,2278.98
2020年8月,新竹縣,住,111338,408142507,3665.8
2020年8月,新竹縣,行,539836,412355441,763.85
2020年8月,新竹縣,文教康樂,347445,601398438,1730.92
2020年8月,新竹縣,百貨,255227,585155570,2292.69
2020年8月,新竹縣,其他,1069023,2433367130,2276.25
2020年8月,新竹市,食,1194855,962978943,805.94
2020年8月,新竹市,衣,55612,132597535,2384.33
2020年8月,新竹市,住,109359,397865055,3638.16
2020年8月,新竹市,行,498168,346059391,694.66
2020年8月,新竹市,文教康樂,345556,612223446,1771.71
2020年8月,新竹市,百貨,277626,645191545,2323.96
2020年8月,新竹市,其他,1012478,2478987498,2448.44
2020年8月,苗栗縣,食,524376,469727450,895.78
2020年8月,苗栗縣,衣,39322,90197879,2293.83
2020年8月,苗栗縣,住,61232,210263050,3433.88
2020年8月,苗栗縣,行,396664,293234764,739.25
2020年8月,苗栗縣,文教康樂,208653,324526026,1555.34
2020年8月,苗栗縣,百貨,136414,330790124,2424.9
2020年8月,苗栗縣,其他,644216,1435202483,2227.83
2020年8月,臺中市,食,4880449,4293166080,879.67
2020年8月,臺中市,衣,319629,741484192,2319.83
2020年8月,臺中市,住,503026,1744270598,3467.56
2020年8月,臺中市,行,2552348,1961734913,768.6
2020年8月,臺中市,文教康樂,1635165,3344242753,2045.2
2020年8月,臺中市,百貨,1149046,2815618583,2450.4
2020年8月,臺中市,其他,4327109,11902888307,2750.77
2020年8月,彰化縣,食,1048977,950856589,906.46
2020年8月,彰化縣,衣,99907,234507071,2347.25
2020年8月,彰化縣,住,126764,437869478,3454.21
2020年8月,彰化縣,行,813037,644791718,793.07
2020年8月,彰化縣,文教康樂,412289,759883833,1843.09
2020年8月,彰化縣,百貨,254416,603530625,2372.22
2020年8月,彰化縣,其他,1182752,3188905239,2696.17
2020年8月,南投縣,食,346781,308179905,888.69
2020年8月,南投縣,衣,31690,67006633,2114.44
2020年8月,南投縣,住,42812,145113211,3389.55
2020年8月,南投縣,行,274800,213362874,776.43
2020年8月,南投縣,文教康樂,143778,241354151,1678.66
2020年8月,南投縣,百貨,86034,196340984,2282.13
2020年8月,南投縣,其他,406829,1010484639,2483.81
2020年8月,雲林縣,食,415606,395095244,950.65
2020年8月,雲林縣,衣,40197,87801004,2184.27
2020年8月,雲林縣,住,51642,178181343,3450.32
2020年8月,雲林縣,行,375455,292003287,777.73
2020年8月,雲林縣,文教康樂,178394,309244725,1733.49
2020年8月,雲林縣,百貨,99010,234032766,2363.73
2020年8月,雲林縣,其他,474333,1272689956,2683.11
2020年8月,嘉義縣,食,316021,299541710,947.85
2020年8月,嘉義縣,衣,26301,60079910,2284.32
2020年8月,嘉義縣,住,35959,121109058,3367.98
2020年8月,嘉義縣,行,273600,206485806,754.7
2020年8月,嘉義縣,文教康樂,127790,193178987,1511.69
2020年8月,嘉義縣,百貨,76180,177390276,2328.57
2020年8月,嘉義縣,其他,348233,915409922,2628.73
2020年8月,嘉義市,食,340910,326957283,959.07
2020年8月,嘉義市,衣,25189,59089021,2345.83
2020年8月,嘉義市,住,40166,149588553,3724.26
2020年8月,嘉義市,行,202610,153971199,759.94
2020年8月,嘉義市,文教康樂,119502,214233682,1792.72
2020年8月,嘉義市,百貨,83414,204254504,2448.68
2020年8月,嘉義市,其他,364347,1002022393,2750.19
2020年8月,臺南市,食,2357817,2065101790,875.85
2020年8月,臺南市,衣,168274,355217919,2110.95
2020年8月,臺南市,住,283722,946006180,3334.27
2020年8月,臺南市,行,1437381,1088798431,757.49
2020年8月,臺南市,文教康樂,836468,1317017388,1574.5
2020年8月,臺南市,百貨,681076,1526592828,2241.44
2020年8月,臺南市,其他,2369713,6383638515,2693.84
2020年8月,高雄市,食,3955491,3806669742,962.38
2020年8月,高雄市,衣,263587,551333664,2091.66
2020年8月,高雄市,住,457938,1495504405,3265.74
2020年8月,高雄市,行,2135970,1667207291,780.54
2020年8月,高雄市,文教康樂,1395089,2175286763,1559.25
2020年8月,高雄市,百貨,1177839,2500057535,2122.58
2020年8月,高雄市,其他,3780701,10365130037,2741.59
2020年8月,屏東縣,食,532605,517145836,970.97
2020年8月,屏東縣,衣,44200,93808040,2122.35
2020年8月,屏東縣,住,71218,247797820,3479.43
2020年8月,屏東縣,行,434646,332313190,764.56
2020年8月,屏東縣,文教康樂,242094,346916077,1432.98
2020年8月,屏東縣,百貨,172050,394545134,2293.2
2020年8月,屏東縣,其他,638772,1894921643,2966.51
2020年8月,基隆市,食,541709,447462756,826.02
2020年8月,基隆市,衣,41328,89179582,2157.85
2020年8月,基隆市,住,48878,193048991,3949.61
2020年8月,基隆市,行,281487,207021031,735.46
2020年8月,基隆市,文教康樂,204090,314291271,1539.96
2020年8月,基隆市,百貨,123487,262433499,2125.19
2020年8月,基隆市,其他,638201,1328970513,2082.37
2020年8月,宜蘭縣,食,422815,342952250,811.12
2020年8月,宜蘭縣,衣,31269,75606646,2417.94
2020年8月,宜蘭縣,住,50525,188611605,3733.04
2020年8月,宜蘭縣,行,260503,203688624,781.91
2020年8月,宜蘭縣,文教康樂,172243,271079181,1573.82
2020年8月,宜蘭縣,百貨,108391,237023414,2186.74
2020年8月,宜蘭縣,其他,475635,1122724801,2360.48
2020年8月,花蓮縣,食,272309,237595023,872.52
2020年8月,花蓮縣,衣,22012,47594614,2162.21
2020年8月,花蓮縣,住,35648,140332498,3936.62
2020年8月,花蓮縣,行,200870,151085782,752.16
2020年8月,花蓮縣,文教康樂,113120,174820217,1545.44
2020年8月,花蓮縣,百貨,66706,153855544,2306.47
2020年8月,花蓮縣,其他,323065,754048540,2334.05
2020年8月,臺東縣,食,148452,137371044,925.36
2020年8月,臺東縣,衣,13032,27504338,2110.52
2020年8月,臺東縣,住,18199,66038051,3628.66
2020年8月,臺東縣,行,107750,80897387,750.79
2020年8月,臺東縣,文教康樂,59013,86580681,1467.15
2020年8月,臺東縣,百貨,31659,69468701,2194.28
2020年8月,臺東縣,其他,144551,376149386,2602.19
2020年8月,澎湖縣,食,60355,44496329,737.24
2020年8月,澎湖縣,衣,6327,15293152,2417.13
2020年8月,澎湖縣,住,8663,32774970,3783.33
2020年8月,澎湖縣,行,46638,59006467,1265.2
2020年8月,澎湖縣,文教康樂,31302,46515407,1486.02
2020年8月,澎湖縣,百貨,21853,46992270,2150.38
2020年8月,澎湖縣,其他,63315,156206377,2467.13
2020年8月,金門縣,食,75365,56568812,750.6
2020年8月,金門縣,衣,5102,9766560,1914.26
2020年8月,金門縣,住,8639,32442434,3755.35
2020年8月,金門縣,行,35071,48143508,1372.74
2020年8月,金門縣,文教康樂,25751,35742973,1388.02
2020年8月,金門縣,百貨,20053,44031955,2195.78
2020年8月,金門縣,其他,63013,123800693,1964.68
2020年8月,連江縣,食,9796,5893854,601.66
2020年8月,連江縣,衣,833,1843881,2213.54
2020年8月,連江縣,住,1328,4074708,3068.3
2020年8月,連江縣,行,6842,12543042,1833.24
2020年8月,連江縣,文教康樂,4506,8109584,1799.73
2020年8月,連江縣,百貨,3559,8831671,2481.5
2020年8月,連江縣,其他,10907,21503664,1971.55
2020年9月,臺北市,食,7833224,6793875581,867.32
2020年9月,臺北市,衣,454087,1557775593,3430.57
2020年9月,臺北市,住,622040,2840197279,4565.94
2020年9月,臺北市,行,3058916,2117497373,692.24
2020年9月,臺北市,文教康樂,2447842,5115134133,2089.65
2020年9月,臺北市,百貨,1737523,5400957905,3108.42
2020年9月,臺北市,其他,6790320,17377749593,2559.19
2020年9月,新北市,食,8148585,6499853341,797.67
2020年9月,新北市,衣,529358,1275619677,2409.75
2020年9月,新北市,住,700502,2542549053,3629.61
2020年9月,新北市,行,3615828,2529981423,699.7
2020年9月,新北市,文教康樂,2836285,5040656337,1777.2
2020年9月,新北市,百貨,1797892,4488257882,2496.4
2020年9月,新北市,其他,8526734,18574124084,2178.34
2020年9月,桃園市,食,3350287,2932695809,875.36
2020年9月,桃園市,衣,209023,512535407,2452.05
2020年9月,桃園市,住,331135,1121770685,3387.65
2020年9月,桃園市,行,1755911,1358408520,773.62
2020年9月,桃園市,文教康樂,1199391,2047001421,1706.7
2020年9月,桃園市,百貨,826328,2058747928,2491.44
2020年9月,桃園市,其他,3621511,8250437148,2278.18
2020年9月,新竹縣,食,969683,844816098,871.23
2020年9月,新竹縣,衣,56117,143014843,2548.51
2020年9月,新竹縣,住,95250,349851021,3672.98
2020年9月,新竹縣,行,486416,372046087,764.87
2020年9月,新竹縣,文教康樂,318016,564946577,1776.47
2020年9月,新竹縣,百貨,213532,564584343,2644.03
2020年9月,新竹縣,其他,986456,2278996793,2310.29
2020年9月,新竹市,食,1043118,871676750,835.65
2020年9月,新竹市,衣,51422,128200886,2493.11
2020年9月,新竹市,住,94524,347814046,3679.64
2020年9月,新竹市,行,456224,310158302,679.84
2020年9月,新竹市,文教康樂,314315,589021108,1873.98
2020年9月,新竹市,百貨,240140,585147421,2436.69
2020年9月,新竹市,其他,930621,2412874982,2592.76
2020年9月,苗栗縣,食,457126,411741936,900.72
2020年9月,苗栗縣,衣,36238,88172656,2433.15
2020年9月,苗栗縣,住,52896,179885495,3400.74
2020年9月,苗栗縣,行,358389,263534475,735.33
2020年9月,苗栗縣,文教康樂,190300,304232184,1598.7
2020年9月,苗栗縣,百貨,111502,286261133,2567.32
2020年9月,苗栗縣,其他,599773,1326158454,2211.1
2020年9月,臺中市,食,4207231,3824310209,908.99
2020年9月,臺中市,衣,291346,720495267,2472.99
2020年9月,臺中市,住,447331,1544952286,3453.71
2020年9月,臺中市,行,2385428,1845122017,773.5
2020年9月,臺中市,文教康樂,1493462,2917064454,1953.22
2020年9月,臺中市,百貨,1133747,4247287668,3746.24
2020年9月,臺中市,其他,4104960,11243364684,2738.97
2020年9月,彰化縣,食,889896,816487342,917.51
2020年9月,彰化縣,衣,87604,212674687,2427.68
2020年9月,彰化縣,住,109614,372415572,3397.52
2020年9月,彰化縣,行,755663,603063931,798.06
2020年9月,彰化縣,文教康樂,372432,686917744,1844.41
2020年9月,彰化縣,百貨,233570,788391312,3375.4
2020年9月,彰化縣,其他,1115441,2920295919,2618.06
2020年9月,南投縣,食,299508,269195668,898.79
2020年9月,南投縣,衣,28611,71286690,2491.58
2020年9月,南投縣,住,37535,123856085,3299.75
2020年9月,南投縣,行,254419,195968431,770.26
2020年9月,南投縣,文教康樂,130153,220975923,1697.82
2020年9月,南投縣,百貨,80857,243707977,3014.06
2020年9月,南投縣,其他,381401,930336114,2439.26
2020年9月,雲林縣,食,356811,335218505,939.48
2020年9月,雲林縣,衣,36647,87748511,2394.43
2020年9月,雲林縣,住,45131,153346276,3397.8
2020年9月,雲林縣,行,353773,269233326,761.03
2020年9月,雲林縣,文教康樂,156235,256285750,1640.39
2020年9月,雲林縣,百貨,87652,263043446,3001.0
2020年9月,雲林縣,其他,446628,1134685893,2540.56
2020年9月,嘉義縣,食,269476,253895934,942.18
2020年9月,嘉義縣,衣,23797,56256728,2364.03
2020年9月,嘉義縣,住,31403,100335669,3195.1
2020年9月,嘉義縣,行,259714,195659832,753.37
2020年9月,嘉義縣,文教康樂,114353,176710344,1545.31
2020年9月,嘉義縣,百貨,65307,186256988,2852.02
2020年9月,嘉義縣,其他,326180,818916181,2510.63
2020年9月,嘉義市,食,300583,280238325,932.32
2020年9月,嘉義市,衣,24179,60730961,2511.72
2020年9月,嘉義市,住,35790,129384731,3615.11
2020年9月,嘉義市,行,190899,146221960,765.97
2020年9月,嘉義市,文教康樂,106877,197633433,1849.17
2020年9月,嘉義市,百貨,72987,241141081,3303.89
2020年9月,嘉義市,其他,341263,891593206,2612.63
2020年9月,臺南市,食,1992791,1776019330,891.22
2020年9月,臺南市,衣,154183,350074314,2270.51
2020年9月,臺南市,住,251436,848789153,3375.77
2020年9月,臺南市,行,1313104,1010978118,769.91
2020年9月,臺南市,文教康樂,743246,1188797287,1599.47
2020年9月,臺南市,百貨,530278,1234808446,2328.61
2020年9月,臺南市,其他,2189162,5734594177,2619.54
2020年9月,高雄市,食,3484559,3378176183,969.47
2020年9月,高雄市,衣,248170,547739041,2207.11
2020年9月,高雄市,住,417814,1412520978,3380.74
2020年9月,高雄市,行,2013095,1605969237,797.76
2020年9月,高雄市,文教康樂,1294426,2141058720,1654.06
2020年9月,高雄市,百貨,1041269,2766321050,2656.68
2020年9月,高雄市,其他,3546965,9516760437,2683.07
2020年9月,屏東縣,食,476074,456509492,958.9
2020年9月,屏東縣,衣,42197,93922189,2225.8
2020年9月,屏東縣,住,64719,226339043,3497.26
2020年9月,屏東縣,行,411523,325719701,791.5
2020年9月,屏東縣,文教康樂,220829,337493031,1528.3
2020年9月,屏東縣,百貨,149475,364623984,2439.36
2020年9月,屏東縣,其他,596667,1697313391,2844.66
2020年9月,基隆市,食,478184,410118762,857.66
2020年9月,基隆市,衣,37674,87731735,2328.71
2020年9月,基隆市,住,43604,170706523,3914.93
2020年9月,基隆市,行,261126,192930964,738.84
2020年9月,基隆市,文教康樂,185060,300189521,1622.12
2020年9月,基隆市,百貨,108675,250274916,2302.97
2020年9月,基隆市,其他,588535,1179679119,2004.43
2020年9月,宜蘭縣,食,365154,301083411,824.54
2020年9月,宜蘭縣,衣,29351,76482447,2605.79
2020年9月,宜蘭縣,住,44543,156150300,3505.61
2020年9月,宜蘭縣,行,237773,188049144,790.88
2020年9月,宜蘭縣,文教康樂,158473,255023067,1609.25
2020年9月,宜蘭縣,百貨,96444,258685795,2682.24
2020年9月,宜蘭縣,其他,440815,1021487324,2317.27
2020年9月,花蓮縣,食,245460,212208251,864.53
2020年9月,花蓮縣,衣,20417,48410352,2371.08
2020年9月,花蓮縣,住,32414,119299153,3680.48
2020年9月,花蓮縣,行,185031,135095378,730.12
2020年9月,花蓮縣,文教康樂,101954,170235678,1669.73
2020年9月,花蓮縣,百貨,57826,137200955,2372.65
2020年9月,花蓮縣,其他,299265,702869639,2348.65
2020年9月,臺東縣,食,132484,120298452,908.02
2020年9月,臺東縣,衣,12072,27173741,2250.97
2020年9月,臺東縣,住,16559,61759459,3729.66
2020年9月,臺東縣,行,99659,74911786,751.68
2020年9月,臺東縣,文教康樂,51812,85222734,1644.85
2020年9月,臺東縣,百貨,26271,61259587,2331.83
2020年9月,臺東縣,其他,134842,342921730,2543.14
2020年9月,澎湖縣,食,52792,40269550,762.8
2020年9月,澎湖縣,衣,6074,15002659,2469.98
2020年9月,澎湖縣,住,7601,27323340,3594.7
2020年9月,澎湖縣,行,45711,54944600,1202.0
2020年9月,澎湖縣,文教康樂,29156,41090128,1409.32
2020年9月,澎湖縣,百貨,19123,44227688,2312.8
2020年9月,澎湖縣,其他,58810,141974261,2414.12
2020年9月,金門縣,食,68136,73391159,1077.13
2020年9月,金門縣,衣,4613,9633957,2088.44
2020年9月,金門縣,住,7635,28897674,3784.9
2020年9月,金門縣,行,33981,45435344,1337.08
2020年9月,金門縣,文教康樂,23026,33273046,1445.02
2020年9月,金門縣,百貨,16293,40614541,2492.76
2020年9月,金門縣,其他,60191,120318814,1998.95
2020年9月,連江縣,食,8401,8923240,1062.16
2020年9月,連江縣,衣,719,1731443,2408.13
2020年9月,連江縣,住,1151,3132807,2721.81
2020年9月,連江縣,行,6307,10945247,1735.41
2020年9月,連江縣,文教康樂,3899,5921457,1518.71
2020年9月,連江縣,百貨,2771,6991501,2523.1
2020年9月,連江縣,其他,10024,17678659,1763.63
2020年10月,臺北市,食,9044254,7255442365,802.22
2020年10月,臺北市,衣,519259,1645403189,3168.75
2020年10月,臺北市,住,700607,3222737459,4599.92
2020年10月,臺北市,行,3517074,2264254196,643.79
2020年10月,臺北市,文教康樂,2821824,5149609001,1824.92
2020年10月,臺北市,百貨,2102077,8051710991,3830.36
2020年10月,臺北市,其他,7680546,18444967230,2401.52
2020年10月,新北市,食,9415151,6982907982,741.67
2020年10月,新北市,衣,624283,1545533803,2475.69
2020年10月,新北市,住,795454,2923554403,3675.33
2020年10月,新北市,行,4228999,2827299790,668.55
2020年10月,新北市,文教康樂,3289466,4669626557,1419.57
2020年10月,新北市,百貨,2278427,7328225526,3216.35
2020年10月,新北市,其他,9651406,19576165996,2028.32
2020年10月,桃園市,食,3944313,3154512725,799.76
2020年10月,桃園市,衣,252717,644128266,2548.81
2020年10月,桃園市,住,367794,1261220332,3429.15
2020年10月,桃園市,行,2100100,1569969826,747.57
2020年10月,桃園市,文教康樂,1430066,1959491051,1370.21
2020年10月,桃園市,百貨,1044771,3317166794,3175.02
2020年10月,桃園市,其他,4276168,8853402458,2070.41
2020年10月,新竹縣,食,1146237,911585078,795.28
2020年10月,新竹縣,衣,67064,171774776,2561.36
2020年10月,新竹縣,住,105806,394108096,3724.82
2020年10月,新竹縣,行,599725,446198758,744.01
2020年10月,新竹縣,文教康樂,375384,550821178,1467.35
2020年10月,新竹縣,百貨,256748,782412357,3047.39
2020年10月,新竹縣,其他,1155218,2487967057,2153.68
2020年10月,新竹市,食,1215027,940805359,774.31
2020年10月,新竹市,衣,61864,162940599,2633.85
2020年10月,新竹市,住,104745,388627756,3710.23
2020年10月,新竹市,行,544681,362802771,666.08
2020年10月,新竹市,文教康樂,369350,544799393,1475.02
2020年10月,新竹市,百貨,291339,920315738,3158.92
2020年10月,新竹市,其他,1088361,2361452947,2169.73
2020年10月,苗栗縣,食,535934,434616469,810.95
2020年10月,苗栗縣,衣,43356,104897336,2419.44
2020年10月,苗栗縣,住,57024,191162396,3352.31
2020年10月,苗栗縣,行,436485,312299599,715.49
2020年10月,苗栗縣,文教康樂,224895,293393078,1304.58
2020年10月,苗栗縣,百貨,136179,396778555,2913.65
2020年10月,苗栗縣,其他,702496,1360904107,1937.24
2020年10月,臺中市,食,4993349,4049334412,810.95
2020年10月,臺中市,衣,341677,894078172,2616.74
2020年10月,臺中市,住,494226,1734567599,3509.66
2020年10月,臺中市,行,2811032,2093204580,744.64
2020年10月,臺中市,文教康樂,1740849,2716253183,1560.3
2020年10月,臺中市,百貨,1271863,4266838336,3354.79
2020年10月,臺中市,其他,4890339,11504569437,2352.51
2020年10月,彰化縣,食,1073971,865111920,805.53
2020年10月,彰化縣,衣,101068,251564903,2489.07
2020年10月,彰化縣,住,119923,410737092,3425.01
2020年10月,彰化縣,行,881593,682342020,773.99
2020年10月,彰化縣,文教康樂,441125,620531235,1406.7
2020年10月,彰化縣,百貨,273283,860259656,3147.87
2020年10月,彰化縣,其他,1312728,3155547986,2403.81
2020年10月,南投縣,食,359437,281727724,783.8
2020年10月,南投縣,衣,33216,80737027,2430.67
2020年10月,南投縣,住,40573,133944268,3301.32
2020年10月,南投縣,行,302562,228467539,755.11
2020年10月,南投縣,文教康樂,153004,210179709,1373.69
2020年10月,南投縣,百貨,90932,263603673,2898.91
2020年10月,南投縣,其他,451609,975166547,2159.32
2020年10月,雲林縣,食,428475,349388654,815.42
2020年10月,雲林縣,衣,43629,101251249,2320.73
2020年10月,雲林縣,住,50136,166117304,3313.33
2020年10月,雲林縣,行,403458,308343375,764.25
2020年10月,雲林縣,文教康樂,188080,237056615,1260.4
2020年10月,雲林縣,百貨,104406,340053569,3257.03
2020年10月,雲林縣,其他,535846,1215105848,2267.64
2020年10月,嘉義縣,食,316326,266694866,843.1
2020年10月,嘉義縣,衣,27304,64570733,2364.88
2020年10月,嘉義縣,住,33406,104467060,3127.19
2020年10月,嘉義縣,行,298345,219655546,736.25
2020年10月,嘉義縣,文教康樂,136463,167492895,1227.39
2020年10月,嘉義縣,百貨,82801,280284596,3385.04
2020年10月,嘉義縣,其他,380945,878639779,2306.47
2020年10月,嘉義市,食,351079,290539476,827.56
2020年10月,嘉義市,衣,26497,66383030,2505.3
2020年10月,嘉義市,住,38419,141627282,3686.39
2020年10月,嘉義市,行,222585,159286568,715.62
2020年10月,嘉義市,文教康樂,124252,172044550,1384.64
2020年10月,嘉義市,百貨,94387,367573699,3894.33
2020年10月,嘉義市,其他,413822,922750681,2229.83
2020年10月,臺南市,食,2461862,1912657754,776.92
2020年10月,臺南市,衣,178685,416865036,2332.96
2020年10月,臺南市,住,276793,919331782,3321.37
2020年10月,臺南市,行,1622767,1156085360,712.42
2020年10月,臺南市,文教康樂,896937,1201268409,1339.3
2020年10月,臺南市,百貨,823703,3357643264,4076.28
2020年10月,臺南市,其他,2663293,6234150530,2340.77
2020年10月,高雄市,食,4086705,3487794712,853.45
2020年10月,高雄市,衣,284251,636210126,2238.2
2020年10月,高雄市,住,461056,1529248950,3316.84
2020年10月,高雄市,行,2399177,1761950623,734.4
2020年10月,高雄市,文教康樂,1484594,2005579958,1350.93
2020年10月,高雄市,百貨,1345696,4160644134,3091.82
2020年10月,高雄市,其他,4199610,9827492361,2340.1
2020年10月,屏東縣,食,571846,510827345,893.3
2020年10月,屏東縣,衣,47606,109416228,2298.37
2020年10月,屏東縣,住,69400,225841525,3254.2
2020年10月,屏東縣,行,490670,364781128,743.43
2020年10月,屏東縣,文教康樂,253556,310662688,1225.22
2020年10月,屏東縣,百貨,205213,690475552,3364.68
2020年10月,屏東縣,其他,701339,1744246186,2487.02
2020年10月,基隆市,食,552997,440887138,797.27
2020年10月,基隆市,衣,44744,113699274,2541.11
2020年10月,基隆市,住,48765,191222798,3921.31
2020年10月,基隆市,行,313300,222283487,709.49
2020年10月,基隆市,文教康樂,217966,274414430,1258.98
2020年10月,基隆市,百貨,133493,398686324,2986.57
2020年10月,基隆市,其他,691364,1274170060,1842.98
2020年10月,宜蘭縣,食,424632,318933351,751.08
2020年10月,宜蘭縣,衣,34153,92876756,2719.43
2020年10月,宜蘭縣,住,52271,189423357,3623.87
2020年10月,宜蘭縣,行,283895,218951062,771.24
2020年10月,宜蘭縣,文教康樂,183126,222322708,1214.04
2020年10月,宜蘭縣,百貨,119199,349333351,2930.67
2020年10月,宜蘭縣,其他,533153,1072441501,2011.51
2020年10月,花蓮縣,食,284808,225204468,790.72
2020年10月,花蓮縣,衣,24584,59561740,2422.78
2020年10月,花蓮縣,住,35289,126610222,3587.81
2020年10月,花蓮縣,行,215868,152671259,707.24
2020年10月,花蓮縣,文教康樂,123729,159748736,1291.12
2020年10月,花蓮縣,百貨,75334,274741209,3646.97
2020年10月,花蓮縣,其他,372124,742705285,1995.85
2020年10月,臺東縣,食,152635,126396220,828.09
2020年10月,臺東縣,衣,14111,32708447,2317.94
2020年10月,臺東縣,住,17644,62326815,3532.47
2020年10月,臺東縣,行,117814,87014072,738.57
2020年10月,臺東縣,文教康樂,60890,77446464,1271.91
2020年10月,臺東縣,百貨,31128,81548419,2619.78
2020年10月,臺東縣,其他,156789,358566378,2286.94
2020年10月,澎湖縣,食,62838,45905361,730.54
2020年10月,澎湖縣,衣,7540,18909142,2507.84
2020年10月,澎湖縣,住,8695,32112898,3693.26
2020年10月,澎湖縣,行,50274,54169604,1077.49
2020年10月,澎湖縣,文教康樂,34022,43018486,1264.43
2020年10月,澎湖縣,百貨,22915,55356448,2415.73
2020年10月,澎湖縣,其他,66725,150574726,2256.65
2020年10月,金門縣,食,80038,63461567,792.89
2020年10月,金門縣,衣,5806,13105832,2257.29
2020年10月,金門縣,住,8217,35939249,4373.77
2020年10月,金門縣,行,35332,45804040,1296.39
2020年10月,金門縣,文教康樂,26915,30544691,1134.86
2020年10月,金門縣,百貨,19577,52495035,2681.46
2020年10月,金門縣,其他,66934,133762600,1998.43
2020年10月,連江縣,食,9055,5884601,649.87
2020年10月,連江縣,衣,919,2502003,2722.53
2020年10月,連江縣,住,1275,4176506,3275.69
2020年10月,連江縣,行,6933,11181660,1612.82
2020年10月,連江縣,文教康樂,4912,7050648,1435.39
2020年10月,連江縣,百貨,2936,7643164,2603.26
2020年10月,連江縣,其他,11274,19379020,1718.91
2020年11月,臺北市,食,8985707,7125440623,792.97
2020年11月,臺北市,衣,513412,1712179049,3334.9
2020年11月,臺北市,住,698411,3223524618,4615.51
2020年11月,臺北市,行,3365340,2198561683,653.3
2020年11月,臺北市,文教康樂,2755326,4910547520,1782.2
2020年11月,臺北市,百貨,2225949,8424101703,3784.5
2020年11月,臺北市,其他,8080923,23693837554,2932.07
2020年11月,新北市,食,9433817,6975831515,739.45
2020年11月,新北市,衣,613180,1596122707,2603.02
2020年11月,新北市,住,810076,3049565257,3764.54
2020年11月,新北市,行,4003244,2678957994,669.2
2020年11月,新北市,文教康樂,3202441,4532319291,1415.27
2020年11月,新北市,百貨,2396452,7654322111,3194.02
2020年11月,新北市,其他,10111183,24032054371,2376.78
2020年11月,桃園市,食,3983440,3186478421,799.93
2020年11月,桃園市,衣,251599,661114850,2627.65
2020年11月,桃園市,住,375261,1321508065,3521.57
2020年11月,桃園市,行,2005505,1487161763,741.54
2020年11月,桃園市,文教康樂,1392946,1907179527,1369.17
2020年11月,桃園市,百貨,1119717,3490552190,3117.35
2020年11月,桃園市,其他,4377468,10481982390,2394.53
2020年11月,新竹縣,食,1146067,912871215,796.53
2020年11月,新竹縣,衣,67255,176871668,2629.87
2020年11月,新竹縣,住,107963,415754811,3850.9
2020年11月,新竹縣,行,567925,421231153,741.7
2020年11月,新竹縣,文教康樂,363658,528809943,1454.14
2020年11月,新竹縣,百貨,291570,998080992,3423.13
2020年11月,新竹縣,其他,1199245,2864543518,2388.62
2020年11月,新竹市,食,1214070,946465748,779.58
2020年11月,新竹市,衣,62859,175844252,2797.44
2020年11月,新竹市,住,107451,419035859,3899.79
2020年11月,新竹市,行,519726,338926407,652.13
2020年11月,新竹市,文教康樂,367723,549021502,1493.03
2020年11月,新竹市,百貨,326334,1154524071,3537.86
2020年11月,新竹市,其他,1139841,2973577240,2608.76
2020年11月,苗栗縣,食,551005,437478160,793.96
2020年11月,苗栗縣,衣,42806,113627871,2654.48
2020年11月,苗栗縣,住,61014,225590440,3697.36
2020年11月,苗栗縣,行,417201,301105642,721.73
2020年11月,苗栗縣,文教康樂,219805,280891407,1277.91
2020年11月,苗栗縣,百貨,142382,419955709,2949.5
2020年11月,苗栗縣,其他,704402,1629280464,2313.0
2020年11月,臺中市,食,5049986,4205577001,832.79
2020年11月,臺中市,衣,348831,958246922,2747.02
2020年11月,臺中市,住,518868,1918025989,3696.56
2020年11月,臺中市,行,2699903,2007254197,743.45
2020年11月,臺中市,文教康樂,1725991,2707282737,1568.54
2020年11月,臺中市,百貨,1156662,3247290417,2807.47
2020年11月,臺中市,其他,5065904,13921603882,2748.1
2020年11月,彰化縣,食,1085928,878898483,809.35
2020年11月,彰化縣,衣,103682,270876230,2612.57
2020年11月,彰化縣,住,127406,455913933,3578.43
2020年11月,彰化縣,行,843188,667802240,792.0
2020年11月,彰化縣,文教康樂,434757,621842247,1430.32
2020年11月,彰化縣,百貨,262165,707957115,2700.43
2020年11月,彰化縣,其他,1371799,3772846372,2750.29
2020年11月,南投縣,食,362421,291499611,804.31
2020年11月,南投縣,衣,33862,84834207,2505.29
2020年11月,南投縣,住,43347,153452745,3540.1
2020年11月,南投縣,行,290219,216941290,747.51
2020年11月,南投縣,文教康樂,151761,197667712,1302.49
2020年11月,南投縣,百貨,87901,220457254,2508.02
2020年11月,南投縣,其他,465099,1173161590,2522.39
2020年11月,雲林縣,食,431101,353298986,819.53
2020年11月,雲林縣,衣,43933,105723594,2406.47
2020年11月,雲林縣,住,53429,186443665,3489.56
2020年11月,雲林縣,行,390915,295261475,755.31
2020年11月,雲林縣,文教康樂,180238,223244767,1238.61
2020年11月,雲林縣,百貨,101857,269946069,2650.25
2020年11月,雲林縣,其他,554523,1464694590,2641.36
2020年11月,嘉義縣,食,323227,282442824,873.82
2020年11月,嘉義縣,衣,28510,70701203,2479.87
2020年11月,嘉義縣,住,35724,116005920,3247.28
2020年11月,嘉義縣,行,287156,212085432,738.57
2020年11月,嘉義縣,文教康樂,135657,163404926,1204.54
2020年11月,嘉義縣,百貨,77564,224359818,2892.58
2020年11月,嘉義縣,其他,392026,1035192945,2640.62
2020年11月,嘉義市,食,357621,305337684,853.8
2020年11月,嘉義市,衣,27172,71460507,2629.93
2020年11月,嘉義市,住,39609,145286251,3668.01
2020年11月,嘉義市,行,213691,159497205,746.39
2020年11月,嘉義市,文教康樂,124250,172754604,1390.38
2020年11月,嘉義市,百貨,84435,258660159,3063.42
2020年11月,嘉義市,其他,402955,1116364830,2770.45
2020年11月,臺南市,食,2474200,1952231696,789.04
2020年11月,臺南市,衣,187190,451154370,2410.14
2020年11月,臺南市,住,295823,1006959716,3403.93
2020年11月,臺南市,行,1559479,1129015900,723.97
2020年11月,臺南市,文教康樂,890982,1200448561,1347.33
2020年11月,臺南市,百貨,746909,2060064300,2758.12
2020年11月,臺南市,其他,2796587,7559200414,2703.01
2020年11月,高雄市,食,4099012,3591276267,876.13
2020年11月,高雄市,衣,286046,672122940,2349.7
2020年11月,高雄市,住,479216,1643819448,3430.23
2020年11月,高雄市,行,2291878,1721784838,751.26
2020年11月,高雄市,文教康樂,1448702,1948522440,1345.01
2020年11月,高雄市,百貨,1269387,3813219627,3003.99
2020年11月,高雄市,其他,4418068,12426251519,2812.6
2020年11月,屏東縣,食,568656,536745157,943.88
2020年11月,屏東縣,衣,47924,112940854,2356.67
2020年11月,屏東縣,住,73039,259429936,3551.94
2020年11月,屏東縣,行,464764,348084608,748.95
2020年11月,屏東縣,文教康樂,244958,308757648,1260.45
2020年11月,屏東縣,百貨,186210,530063697,2846.59
2020年11月,屏東縣,其他,723304,2112617861,2920.79
2020年11月,基隆市,食,565201,446833753,790.57
2020年11月,基隆市,衣,42972,112247362,2612.1
2020年11月,基隆市,住,51618,197786462,3831.73
2020年11月,基隆市,行,299126,219919427,735.21
2020年11月,基隆市,文教康樂,209216,272484465,1302.41
2020年11月,基隆市,百貨,142226,416628459,2929.34
2020年11月,基隆市,其他,698984,1489711974,2131.25
2020年11月,宜蘭縣,食,430341,333904616,775.91
2020年11月,宜蘭縣,衣,33813,93792278,2773.85
2020年11月,宜蘭縣,住,52348,206768641,3949.89
2020年11月,宜蘭縣,行,272787,211066532,773.74
2020年11月,宜蘭縣,文教康樂,176748,219205618,1240.22
2020年11月,宜蘭縣,百貨,119595,327694862,2740.04
2020年11月,宜蘭縣,其他,549827,1299415669,2363.32
2020年11月,花蓮縣,食,283408,223163945,787.43
2020年11月,花蓮縣,衣,23783,61105197,2569.28
2020年11月,花蓮縣,住,36536,141276969,3866.79
2020年11月,花蓮縣,行,204233,148397399,726.61
2020年11月,花蓮縣,文教康樂,121909,159359259,1307.2
2020年11月,花蓮縣,百貨,77922,252376897,3238.84
2020年11月,花蓮縣,其他,367172,860727517,2344.21
2020年11月,臺東縣,食,157791,124832256,791.12
2020年11月,臺東縣,衣,14415,34406977,2386.89
2020年11月,臺東縣,住,19369,73988000,3819.92
2020年11月,臺東縣,行,114190,86464110,757.2
2020年11月,臺東縣,文教康樂,60223,76407569,1268.74
2020年11月,臺東縣,百貨,33992,86261951,2537.71
2020年11月,臺東縣,其他,161548,444696294,2752.72
2020年11月,澎湖縣,食,63822,45065093,706.11
2020年11月,澎湖縣,衣,7169,19213480,2680.08
2020年11月,澎湖縣,住,9701,36912656,3805.04
2020年11月,澎湖縣,行,48712,53975070,1108.04
2020年11月,澎湖縣,文教康樂,33166,40869385,1232.27
2020年11月,澎湖縣,百貨,22253,55875739,2510.93
2020年11月,澎湖縣,其他,69186,175022220,2529.73
2020年11月,金門縣,食,80146,63723265,795.09
2020年11月,金門縣,衣,5794,13571878,2342.4
2020年11月,金門縣,住,8716,36398830,4176.09
2020年11月,金門縣,行,33346,43146081,1293.89
2020年11月,金門縣,文教康樂,26072,31639761,1213.55
2020年11月,金門縣,百貨,18156,59274386,3264.73
2020年11月,金門縣,其他,67394,145602662,2160.47
2020年11月,連江縣,食,9663,5921451,612.8
2020年11月,連江縣,衣,912,2193911,2405.6
2020年11月,連江縣,住,1288,4367784,3391.14
2020年11月,連江縣,行,6026,10019660,1662.74
2020年11月,連江縣,文教康樂,4677,6330982,1353.64
2020年11月,連江縣,百貨,3244,9807341,3023.22
2020年11月,連江縣,其他,11894,25676518,2158.78
2020年12月,臺北市,食,9133411,7632198746,835.64
2020年12月,臺北市,衣,603448,1932783010,3202.9
2020年12月,臺北市,住,718557,3140824374,4371.02
2020年12月,臺北市,行,3615926,2416628595,668.33
2020年12月,臺北市,文教康樂,2897976,4914389339,1695.8
2020年12月,臺北市,百貨,2278501,6137391075,2693.61
2020年12月,臺北市,其他,7878123,26556542863,3370.92
2020年12月,新北市,食,9523498,7302319413,766.77
2020年12月,新北市,衣,724717,1838778045,2537.24
2020年12月,新北市,住,831699,2950369330,3547.4
2020年12月,新北市,行,4268945,2980910554,698.28
2020年12月,新北市,文教康樂,3356298,4656924655,1387.52
2020年12月,新北市,百貨,2507193,5876312175,2343.78
2020年12月,新北市,其他,9869072,27362263934,2772.53
2020年12月,桃園市,食,4016095,3308127417,823.72
2020年12月,桃園市,衣,299484,786841582,2627.32
2020年12月,桃園市,住,387354,1277025891,3296.79
2020年12月,桃園市,行,2136542,1652087996,773.25
2020年12月,桃園市,文教康樂,1455007,1916116131,1316.91
2020年12月,桃園市,百貨,1155299,2677156659,2317.28
2020年12月,桃園市,其他,4297476,11897434424,2768.47
2020年12月,新竹縣,食,1142820,959809553,839.86
2020年12月,新竹縣,衣,77584,207022562,2668.37
2020年12月,新竹縣,住,111330,412352371,3703.87
2020年12月,新竹縣,行,598203,472035910,789.09
2020年12月,新竹縣,文教康樂,377764,534275106,1414.31
2020年12月,新竹縣,百貨,331102,853320836,2577.21
2020年12月,新竹縣,其他,1167955,3197144285,2737.39
2020年12月,新竹市,食,1212525,985401643,812.69
2020年12月,新竹市,衣,72866,202387274,2777.53
2020年12月,新竹市,住,110102,409458286,3718.9
2020年12月,新竹市,行,542939,375684724,691.95
2020年12月,新竹市,文教康樂,380480,575201287,1511.78
2020年12月,新竹市,百貨,370466,965396004,2605.9
2020年12月,新竹市,其他,1105753,3294046266,2979.01
2020年12月,苗栗縣,食,539653,450007989,833.88
2020年12月,苗栗縣,衣,51753,133680633,2583.05
2020年12月,苗栗縣,住,61497,210145648,3417.17
2020年12月,苗栗縣,行,436351,328508294,752.85
2020年12月,苗栗縣,文教康樂,227319,267083193,1174.93
2020年12月,苗栗縣,百貨,160628,371060670,2310.06
2020年12月,苗栗縣,其他,698058,1847649080,2646.84
2020年12月,臺中市,食,5072554,4445294658,876.34
2020年12月,臺中市,衣,413597,1098884666,2656.9
2020年12月,臺中市,住,530988,1810676527,3410.01
2020年12月,臺中市,行,2899320,2229715089,769.05
2020年12月,臺中市,文教康樂,1779411,2708378826,1522.06
2020年12月,臺中市,百貨,1425908,3736114750,2620.17
2020年12月,臺中市,其他,4935560,15886810508,3218.85
2020年12月,彰化縣,食,1063746,897604555,843.81
2020年12月,彰化縣,衣,123380,317084882,2569.99
2020年12月,彰化縣,住,130442,428884429,3287.93
2020年12月,彰化縣,行,892693,732404935,820.44
2020年12月,彰化縣,文教康樂,451663,609218638,1348.83
2020年12月,彰化縣,百貨,308512,717400887,2325.36
2020年12月,彰化縣,其他,1347966,4421872478,3280.4
2020年12月,南投縣,食,353705,296450660,838.13
2020年12月,南投縣,衣,40455,99054314,2448.51
2020年12月,南投縣,住,44368,144593620,3258.96
2020年12月,南投縣,行,305116,238613693,782.04
2020年12月,南投縣,文教康樂,157694,196855931,1248.34
2020年12月,南投縣,百貨,105402,225624375,2140.61
2020年12月,南投縣,其他,457374,1321846586,2890.08
2020年12月,雲林縣,食,419039,356259584,850.18
2020年12月,雲林縣,衣,52345,126318704,2413.2
2020年12月,雲林縣,住,53636,175785503,3277.38
2020年12月,雲林縣,行,411191,325563463,791.76
2020年12月,雲林縣,文教康樂,190847,223967185,1173.54
2020年12月,雲林縣,百貨,117749,261622809,2221.87
2020年12月,雲林縣,其他,544371,1639244000,3011.26
2020年12月,嘉義縣,食,311079,276793008,889.78
2020年12月,嘉義縣,衣,31923,79403734,2487.35
2020年12月,嘉義縣,住,37019,115822400,3128.73
2020年12月,嘉義縣,行,301721,233681883,774.5
2020年12月,嘉義縣,文教康樂,140781,160916348,1143.03
2020年12月,嘉義縣,百貨,89619,213079863,2377.62
2020年12月,嘉義縣,其他,392012,1239242428,3161.24
2020年12月,嘉義市,食,345981,306123164,884.8
2020年12月,嘉義市,衣,30711,77803905,2533.42
2020年12月,嘉義市,住,40717,141709057,3480.34
2020年12月,嘉義市,行,224827,168993956,751.66
2020年12月,嘉義市,文教康樂,131766,171063593,1298.24
2020年12月,嘉義市,百貨,97197,240401923,2473.35
2020年12月,嘉義市,其他,399127,1287700219,3226.29
2020年12月,臺南市,食,2417354,1947054346,805.45
2020年12月,臺南市,衣,212400,514453790,2422.1
2020年12月,臺南市,住,301867,981582597,3251.71
2020年12月,臺南市,行,1649587,1241565827,752.65
2020年12月,臺南市,文教康樂,926253,1193971284,1289.03
2020年12月,臺南市,百貨,825407,1705685130,2066.48
2020年12月,臺南市,其他,2732569,8462722374,3096.98
2020年12月,高雄市,食,4091034,3630230776,887.36
2020年12月,高雄市,衣,327524,756733645,2310.47
2020年12月,高雄市,住,490543,1586322293,3233.81
2020年12月,高雄市,行,2456064,1880875066,765.81
2020年12月,高雄市,文教康樂,1504863,1973941091,1311.71
2020年12月,高雄市,百貨,1396508,3025247814,2166.29
2020年12月,高雄市,其他,4332438,13967279879,3223.88
2020年12月,屏東縣,食,557454,477572182,856.7
2020年12月,屏東縣,衣,54251,126565327,2332.96
2020年12月,屏東縣,住,76057,251274052,3303.76
2020年12月,屏東縣,行,493631,383812989,777.53
2020年12月,屏東縣,文教康樂,257736,310179100,1203.48
2020年12月,屏東縣,百貨,200192,455742130,2276.53
2020年12月,屏東縣,其他,726961,2513130855,3457.04
2020年12月,基隆市,食,555607,459716979,827.41
2020年12月,基隆市,衣,50441,130217210,2581.57
2020年12月,基隆市,住,52598,199605514,3794.93
2020年12月,基隆市,行,317913,242938140,764.17
2020年12月,基隆市,文教康樂,220074,272743582,1239.33
2020年12月,基隆市,百貨,153292,331158589,2160.31
2020年12月,基隆市,其他,705468,1782462313,2526.64
2020年12月,宜蘭縣,食,429234,345829027,805.69
2020年12月,宜蘭縣,衣,38839,108226183,2786.53
2020年12月,宜蘭縣,住,53871,203117971,3770.45
2020年12月,宜蘭縣,行,293297,237627386,810.19
2020年12月,宜蘭縣,文教康樂,188006,227074420,1207.8
2020年12月,宜蘭縣,百貨,140778,304380829,2162.13
2020年12月,宜蘭縣,其他,532822,1513651345,2840.82
2020年12月,花蓮縣,食,288268,231545230,803.23
2020年12月,花蓮縣,衣,27047,67683126,2502.43
2020年12月,花蓮縣,住,38197,136764602,3580.51
2020年12月,花蓮縣,行,209957,153361323,730.44
2020年12月,花蓮縣,文教康樂,126632,155689319,1229.46
2020年12月,花蓮縣,百貨,83171,200474723,2410.39
2020年12月,花蓮縣,其他,363794,1004930022,2762.36
2020年12月,臺東縣,食,159589,129038853,808.57
2020年12月,臺東縣,衣,16910,39917249,2360.57
2020年12月,臺東縣,住,19150,66152729,3454.45
2020年12月,臺東縣,行,118175,89307444,755.72
2020年12月,臺東縣,文教康樂,63400,78661897,1240.72
2020年12月,臺東縣,百貨,36777,72564876,1973.1
2020年12月,臺東縣,其他,160857,515736304,3206.18
2020年12月,澎湖縣,食,60628,45955434,757.99
2020年12月,澎湖縣,衣,8290,21957485,2648.67
2020年12月,澎湖縣,住,9412,32382769,3440.58
2020年12月,澎湖縣,行,54968,67824340,1233.89
2020年12月,澎湖縣,文教康樂,35386,42176195,1191.89
2020年12月,澎湖縣,百貨,25689,54622510,2126.3
2020年12月,澎湖縣,其他,69898,214140372,3063.61
2020年12月,金門縣,食,78676,83121475,1056.5
2020年12月,金門縣,衣,6676,15398004,2306.47
2020年12月,金門縣,住,8759,29564438,3375.32
2020年12月,金門縣,行,37955,53918544,1420.59
2020年12月,金門縣,文教康樂,27983,30428359,1087.39
2020年12月,金門縣,百貨,20948,46104565,2200.91
2020年12月,金門縣,其他,66269,159749931,2410.63
2020年12月,連江縣,食,9370,6040186,644.63
2020年12月,連江縣,衣,1130,2953160,2613.42
2020年12月,連江縣,住,1429,3724779,2606.56
2020年12月,連江縣,行,6605,10736664,1625.54
2020年12月,連江縣,文教康樂,4973,6702315,1347.74
2020年12月,連江縣,百貨,3152,9088975,2883.56
2020年12月,連江縣,其他,11789,27351923,2320.12
2021年1月,臺北市,食,9707205,8466910280,872.23
2021年1月,臺北市,衣,574228,1874606438,3264.57
2021年1月,臺北市,住,737639,3319019247,4499.52
2021年1月,臺北市,行,3641908,2463341509,676.39
2021年1月,臺北市,文教康樂,2899513,5638105053,1944.5
2021年1月,臺北市,百貨,2433800,6516729134,2677.59
2021年1月,臺北市,其他,7635799,20504406406,2685.3
2021年1月,新北市,食,10175901,8457446889,831.13
2021年1月,新北市,衣,712536,1875255166,2631.8
2021年1月,新北市,住,877766,3224014371,3672.98
2021年1月,新北市,行,4335061,3099786931,715.05
2021年1月,新北市,文教康樂,3389654,5387116159,1589.28
2021年1月,新北市,百貨,2705387,6372405583,2355.45
2021年1月,新北市,其他,9669943,21366918135,2209.62
2021年1月,桃園市,食,4295733,3879056658,903.0
2021年1月,桃園市,衣,288660,805223205,2789.52
2021年1月,桃園市,住,410293,1476078172,3597.62
2021年1月,桃園市,行,2133088,1721347957,806.97
2021年1月,桃園市,文教康樂,1455491,2139136435,1469.7
2021年1月,桃園市,百貨,1187915,2819090661,2373.14
2021年1月,桃園市,其他,4224784,9566377540,2264.35
2021年1月,新竹縣,食,1220273,1120790246,918.48
2021年1月,新竹縣,衣,78013,215491091,2762.25
2021年1月,新竹縣,住,118120,473103199,4005.28
2021年1月,新竹縣,行,592244,477697903,806.59
2021年1月,新竹縣,文教康樂,381254,600805466,1575.87
2021年1月,新竹縣,百貨,323355,743575980,2299.57
2021年1月,新竹縣,其他,1159716,2640651938,2276.98
2021年1月,新竹市,食,1299805,1168971213,899.34
2021年1月,新竹市,衣,71726,200087086,2789.6
2021年1月,新竹市,住,116602,452166414,3877.86
2021年1月,新竹市,行,537813,388068670,721.57
2021年1月,新竹市,文教康樂,379842,617547921,1625.8
2021年1月,新竹市,百貨,347989,801409632,2302.97
2021年1月,新竹市,其他,1082802,2567180387,2370.87
2021年1月,苗栗縣,食,587370,561122311,955.31
2021年1月,苗栗縣,衣,53594,147502363,2752.22
2021年1月,苗栗縣,住,66702,239309501,3587.74
2021年1月,苗栗縣,行,436015,345345603,792.05
2021年1月,苗栗縣,文教康樂,229949,299723811,1303.44
2021年1月,苗栗縣,百貨,171628,378560769,2205.71
2021年1月,苗栗縣,其他,691736,1485672215,2147.74
2021年1月,臺中市,食,5416181,5229770481,965.58
2021年1月,臺中市,衣,430231,1172288585,2724.79
2021年1月,臺中市,住,569485,2058303631,3614.32
2021年1月,臺中市,行,2872191,2255380257,785.25
2021年1月,臺中市,文教康樂,1793568,2952777269,1646.31
2021年1月,臺中市,百貨,1611695,4116561474,2554.18
2021年1月,臺中市,其他,4831826,12450615279,2576.79
2021年1月,彰化縣,食,1145248,1106522729,966.19
2021年1月,彰化縣,衣,135597,369561806,2725.44
2021年1月,彰化縣,住,139600,496075933,3553.55
2021年1月,彰化縣,行,886135,745304190,841.07
2021年1月,彰化縣,文教康樂,453133,660827473,1458.35
2021年1月,彰化縣,百貨,355801,835599402,2348.5
2021年1月,彰化縣,其他,1325020,3340382282,2521.01
2021年1月,南投縣,食,378637,359057794,948.29
2021年1月,南投縣,衣,44531,112828840,2533.71
2021年1月,南投縣,住,47484,166345221,3503.18
2021年1月,南投縣,行,303791,246412291,811.12
2021年1月,南投縣,文教康樂,160230,211061294,1317.24
2021年1月,南投縣,百貨,123883,265224912,2140.93
2021年1月,南投縣,其他,453372,1059610862,2337.18
2021年1月,雲林縣,食,452271,452010700,999.42
2021年1月,雲林縣,衣,56900,143049363,2514.05
2021年1月,雲林縣,住,56428,216471808,3836.25
2021年1月,雲林縣,行,408563,340126847,832.5
2021年1月,雲林縣,文教康樂,195792,276519307,1412.31
2021年1月,雲林縣,百貨,137156,301112486,2195.4
2021年1月,雲林縣,其他,532503,1291000096,2424.4
2021年1月,嘉義縣,食,345451,341274154,987.91
2021年1月,嘉義縣,衣,34937,88702050,2538.91
2021年1月,嘉義縣,住,38785,134584343,3470.01
2021年1月,嘉義縣,行,301100,240272873,797.98
2021年1月,嘉義縣,文教康樂,142237,180097894,1266.18
2021年1月,嘉義縣,百貨,107702,249928239,2320.55
2021年1月,嘉義縣,其他,384968,939923222,2441.56
2021年1月,嘉義市,食,372157,382002355,1026.45
2021年1月,嘉義市,衣,32897,90241538,2743.15
2021年1月,嘉義市,住,43789,161888900,3697.02
2021年1月,嘉義市,行,219784,168610089,767.16
2021年1月,嘉義市,文教康樂,130164,192201110,1476.61
2021年1月,嘉義市,百貨,115405,286744596,2484.68
2021年1月,嘉義市,其他,391552,983466651,2511.71
2021年1月,臺南市,食,2588912,2387142511,922.06
2021年1月,臺南市,衣,230912,571960294,2476.96
2021年1月,臺南市,住,320725,1110051375,3461.07
2021年1月,臺南市,行,1636811,1260736534,770.24
2021年1月,臺南市,文教康樂,933258,1276763668,1368.07
2021年1月,臺南市,百貨,1016261,2257826662,2221.7
2021年1月,臺南市,其他,2671659,6712003365,2512.3
2021年1月,高雄市,食,4368688,4349102129,995.52
2021年1月,高雄市,衣,351721,841164771,2391.57
2021年1月,高雄市,住,523886,1777067019,3392.09
2021年1月,高雄市,行,2427330,1879101709,774.14
2021年1月,高雄市,文教康樂,1525769,2054561388,1346.57
2021年1月,高雄市,百貨,1557541,3336703299,2142.29
2021年1月,高雄市,其他,4233984,11045241320,2608.71
2021年1月,屏東縣,食,590256,578796574,980.59
2021年1月,屏東縣,衣,59150,143500169,2426.04
2021年1月,屏東縣,住,80406,294526668,3662.99
2021年1月,屏東縣,行,493678,398787062,807.79
2021年1月,屏東縣,文教康樂,263883,329653348,1249.24
2021年1月,屏東縣,百貨,230998,506280570,2191.71
2021年1月,屏東縣,其他,710771,1938567179,2727.41
2021年1月,基隆市,食,601462,538790786,895.8
2021年1月,基隆市,衣,51829,146815440,2832.69
2021年1月,基隆市,住,55005,227332966,4132.95
2021年1月,基隆市,行,322539,248760895,771.26
2021年1月,基隆市,文教康樂,225853,301933144,1336.86
2021年1月,基隆市,百貨,173449,375100008,2162.6
2021年1月,基隆市,其他,682660,1371277689,2008.73
2021年1月,宜蘭縣,食,450854,394684136,875.41
2021年1月,宜蘭縣,衣,39815,114608586,2878.53
2021年1月,宜蘭縣,住,55917,222081954,3971.64
2021年1月,宜蘭縣,行,292161,251166730,859.69
2021年1月,宜蘭縣,文教康樂,188197,240111786,1275.85
2021年1月,宜蘭縣,百貨,154527,312191072,2020.3
2021年1月,宜蘭縣,其他,514990,1131907476,2197.92
2021年1月,花蓮縣,食,318017,284077521,893.28
2021年1月,花蓮縣,衣,30917,80307564,2597.52
2021年1月,花蓮縣,住,40106,157521528,3927.63
2021年1月,花蓮縣,行,217474,174489832,802.35
2021年1月,花蓮縣,文教康樂,126077,167215565,1326.3
2021年1月,花蓮縣,百貨,97745,239993156,2455.3
2021年1月,花蓮縣,其他,355904,797694295,2241.32
2021年1月,臺東縣,食,172465,165146288,957.56
2021年1月,臺東縣,衣,18840,46906453,2489.73
2021年1月,臺東縣,住,19016,75171258,3953.05
2021年1月,臺東縣,行,119306,96805345,811.4
2021年1月,臺東縣,文教康樂,64045,84858726,1324.99
2021年1月,臺東縣,百貨,41971,79700605,1898.94
2021年1月,臺東縣,其他,157213,405674579,2580.41
2021年1月,澎湖縣,食,65916,52711864,799.68
2021年1月,澎湖縣,衣,9237,25213498,2729.62
2021年1月,澎湖縣,住,10125,36752514,3629.88
2021年1月,澎湖縣,行,50586,57346998,1133.65
2021年1月,澎湖縣,文教康樂,35820,44426491,1240.27
2021年1月,澎湖縣,百貨,28907,58461713,2022.41
2021年1月,澎湖縣,其他,69569,162903241,2341.61
2021年1月,金門縣,食,80807,82887638,1025.75
2021年1月,金門縣,衣,6820,16881760,2475.33
2021年1月,金門縣,住,8838,39718092,4494.01
2021年1月,金門縣,行,33388,41025982,1228.76
2021年1月,金門縣,文教康樂,27220,30548540,1122.28
2021年1月,金門縣,百貨,21216,46405261,2187.28
2021年1月,金門縣,其他,65509,137496560,2098.9
2021年1月,連江縣,食,10762,13511374,1255.47
2021年1月,連江縣,衣,964,2525548,2619.86
2021年1月,連江縣,住,1319,3283321,2489.25
2021年1月,連江縣,行,6324,10097942,1596.77
2021年1月,連江縣,文教康樂,5499,7723664,1404.56
2021年1月,連江縣,百貨,3291,8204677,2493.07
2021年1月,連江縣,其他,11877,21011263,1769.07
2021年2月,臺北市,食,6174987,4658289232,754.38
2021年2月,臺北市,衣,427376,1439143587,3367.39
2021年2月,臺北市,住,624870,2723314768,4358.21
2021年2月,臺北市,行,3287173,2566022231,780.62
2021年2月,臺北市,文教康樂,3026604,6201417361,2048.97
2021年2月,臺北市,百貨,5778258,9125172951,1579.23
2021年2月,臺北市,其他,4016753,11794055278,2936.22
2021年2月,新北市,食,6219506,4036359801,648.98
2021年2月,新北市,衣,521676,1388361351,2661.35
2021年2月,新北市,住,733564,2643073217,3603.06
2021年2月,新北市,行,4021250,3287301017,817.48
2021年2月,新北市,文教康樂,3630269,6710578305,1848.51
2021年2月,新北市,百貨,6902933,9975843307,1445.16
2021年2月,新北市,其他,5177583,12515465996,2417.24
2021年2月,桃園市,食,2512749,1549996416,616.85
2021年2月,桃園市,衣,213521,591156472,2768.61
2021年2月,桃園市,住,347132,1211728991,3490.69
2021年2月,桃園市,行,1993577,1896182357,951.15
2021年2月,桃園市,文教康樂,1594069,2802351644,1757.99
2021年2月,桃園市,百貨,3002380,4901338186,1632.48
2021年2月,桃園市,其他,2398980,5555144000,2315.63
2021年2月,新竹縣,食,722655,487225155,674.22
2021年2月,新竹縣,衣,56209,154573473,2749.98
2021年2月,新竹縣,住,99595,378616749,3801.56
2021年2月,新竹縣,行,551767,543678883,985.34
2021年2月,新竹縣,文教康樂,417397,754843877,1808.46
2021年2月,新竹縣,百貨,804419,1253250453,1557.96
2021年2月,新竹縣,其他,653978,1501339456,2295.7
2021年2月,新竹市,食,749327,498992522,665.92
2021年2月,新竹市,衣,52496,153796527,2929.68
2021年2月,新竹市,住,99400,382024584,3843.31
2021年2月,新竹市,行,496287,444535862,895.72
2021年2月,新竹市,文教康樂,408720,782424227,1914.33
2021年2月,新竹市,百貨,852790,1293663988,1516.98
2021年2月,新竹市,其他,604435,1622883755,2684.96
2021年2月,苗栗縣,食,320850,218525111,681.08
2021年2月,苗栗縣,衣,37297,103630472,2778.52
2021年2月,苗栗縣,住,53422,196792854,3683.74
2021年2月,苗栗縣,行,390318,365635360,936.76
2021年2月,苗栗縣,文教康樂,252016,411324055,1632.13
2021年2月,苗栗縣,百貨,425739,644326706,1513.43
2021年2月,苗栗縣,其他,402260,877554201,2181.56
2021年2月,臺中市,食,3132453,2531211782,808.06
2021年2月,臺中市,衣,311971,874837118,2804.23
2021年2月,臺中市,住,467273,1706037365,3651.05
2021年2月,臺中市,行,2612574,2472638255,946.44
2021年2月,臺中市,文教康樂,1925683,4232512360,2197.93
2021年2月,臺中市,百貨,3721718,5876981136,1579.1
2021年2月,臺中市,其他,2820913,7539592604,2672.75
2021年2月,彰化縣,食,618096,472627922,764.65
2021年2月,彰化縣,衣,95115,258887298,2721.83
2021年2月,彰化縣,住,114716,422309421,3681.35
2021年2月,彰化縣,行,792121,787113715,993.68
2021年2月,彰化縣,文教康樂,488284,980525458,2008.1
2021年2月,彰化縣,百貨,850328,1287776328,1514.45
2021年2月,彰化縣,其他,794645,2095358447,2636.85
2021年2月,南投縣,食,205627,149354822,726.34
2021年2月,南投縣,衣,31743,80434593,2533.93
2021年2月,南投縣,住,37466,128598377,3432.4
2021年2月,南投縣,行,270212,267021891,988.19
2021年2月,南投縣,文教康樂,173989,305546645,1756.13
2021年2月,南投縣,百貨,286204,420244255,1468.34
2021年2月,南投縣,其他,269866,641304283,2376.38
2021年2月,雲林縣,食,230082,162204684,704.99
2021年2月,雲林縣,衣,39495,100841296,2553.27
2021年2月,雲林縣,住,45518,170692384,3750.0
2021年2月,雲林縣,行,361775,341754618,944.66
2021年2月,雲林縣,文教康樂,208636,364646028,1747.76
2021年2月,雲林縣,百貨,339562,524714330,1545.27
2021年2月,雲林縣,其他,324948,822642782,2531.61
2021年2月,嘉義縣,食,173427,117220305,675.91
2021年2月,嘉義縣,衣,25072,65998993,2632.38
2021年2月,嘉義縣,住,31185,106421042,3412.57
2021年2月,嘉義縣,行,269184,243557207,904.8
2021年2月,嘉義縣,文教康樂,154756,252486954,1631.52
2021年2月,嘉義縣,百貨,267350,420391629,1572.44
2021年2月,嘉義縣,其他,225695,593907830,2631.46
2021年2月,嘉義市,食,185959,138800762,746.41
2021年2月,嘉義市,衣,23753,67348496,2835.37
2021年2月,嘉義市,住,35184,124455608,3537.28
2021年2月,嘉義市,行,199022,180406312,906.46
2021年2月,嘉義市,文教康樂,137330,263748749,1920.55
2021年2月,嘉義市,百貨,286848,477495881,1664.63
2021年2月,嘉義市,其他,234525,613475712,2615.82
2021年2月,臺南市,食,1435251,1013230424,705.96
2021年2月,臺南市,衣,160247,390563543,2437.26
2021年2月,臺南市,住,265995,883513412,3321.54
2021年2月,臺南市,行,1489899,1331224330,893.5
2021年2月,臺南市,文教康樂,1005980,1757460302,1747.01
2021年2月,臺南市,百貨,2052871,3250300579,1583.3
2021年2月,臺南市,其他,1580999,4044852365,2558.42
2021年2月,高雄市,食,2472029,1964784472,794.81
2021年2月,高雄市,衣,252754,602035848,2381.9
2021年2月,高雄市,住,437312,1494411049,3417.27
2021年2月,高雄市,行,2229503,2000271289,897.18
2021年2月,高雄市,文教康樂,1674096,2791419652,1667.42
2021年2月,高雄市,百貨,3316099,5161727516,1556.57
2021年2月,高雄市,其他,2465073,6631390856,2690.14
2021年2月,屏東縣,食,304367,233217442,766.24
2021年2月,屏東縣,衣,42453,102500415,2414.44
2021年2月,屏東縣,住,65399,229863420,3514.78
2021年2月,屏東縣,行,442279,406746236,919.66
2021年2月,屏東縣,文教康樂,281620,452055128,1605.2
2021年2月,屏東縣,百貨,481779,769590291,1597.39
2021年2月,屏東縣,其他,426752,1198523921,2808.48
2021年2月,基隆市,食,350781,229983136,655.63
2021年2月,基隆市,衣,38314,109364693,2854.43
2021年2月,基隆市,住,44628,164566536,3687.52
2021年2月,基隆市,行,302346,260729250,862.35
2021年2月,基隆市,文教康樂,244751,414031073,1691.64
2021年2月,基隆市,百貨,436012,601961495,1380.61
2021年2月,基隆市,其他,384307,821094369,2136.56
2021年2月,宜蘭縣,食,222244,144265940,649.13
2021年2月,宜蘭縣,衣,29725,86573124,2912.47
2021年2月,宜蘭縣,住,44051,164869059,3742.69
2021年2月,宜蘭縣,行,260223,243318783,935.04
2021年2月,宜蘭縣,文教康樂,202728,353233266,1742.4
2021年2月,宜蘭縣,百貨,367498,501098273,1363.54
2021年2月,宜蘭縣,其他,300311,692419582,2305.68
2021年2月,花蓮縣,食,160950,125712357,781.06
2021年2月,花蓮縣,衣,22094,61804121,2797.33
2021年2月,花蓮縣,住,30999,117143643,3778.95
2021年2月,花蓮縣,行,190959,177536645,929.71
2021年2月,花蓮縣,文教康樂,137496,227384865,1653.76
2021年2月,花蓮縣,百貨,235247,344353603,1463.8
2021年2月,花蓮縣,其他,202218,490937685,2427.76
2021年2月,臺東縣,食,86420,59515339,688.68
2021年2月,臺東縣,衣,13431,34166165,2543.83
2021年2月,臺東縣,住,15420,58063102,3765.44
2021年2月,臺東縣,行,106925,101524595,949.49
2021年2月,臺東縣,文教康樂,70185,111124108,1583.3
2021年2月,臺東縣,百貨,117321,167782466,1430.11
2021年2月,臺東縣,其他,87459,235106401,2688.19
2021年2月,澎湖縣,食,36566,25037302,684.72
2021年2月,澎湖縣,衣,6893,19938419,2892.56
2021年2月,澎湖縣,住,7464,25784825,3454.56
2021年2月,澎湖縣,行,42780,53206665,1243.73
2021年2月,澎湖縣,文教康樂,36863,55151758,1496.13
2021年2月,澎湖縣,百貨,55626,82214751,1477.99
2021年2月,澎湖縣,其他,39347,111155963,2825.02
2021年2月,金門縣,食,40510,35031244,864.76
2021年2月,金門縣,衣,4799,11386325,2372.65
2021年2月,金門縣,住,6535,24371779,3729.42
2021年2月,金門縣,行,27537,35656024,1294.84
2021年2月,金門縣,文教康樂,29149,44156713,1514.86
2021年2月,金門縣,百貨,59206,93136170,1573.09
2021年2月,金門縣,其他,36545,94483648,2585.41
2021年2月,連江縣,食,8226,5778305,702.44
2021年2月,連江縣,衣,858,1973770,2300.43
2021年2月,連江縣,住,1197,3313991,2768.58
2021年2月,連江縣,行,5879,9731835,1655.36
2021年2月,連江縣,文教康樂,5868,9376721,1597.94
2021年2月,連江縣,百貨,7796,12069903,1548.22
2021年2月,連江縣,其他,6567,15489149,2358.63
2021年3月,臺北市,食,6488334,4117285637,634.57
2021年3月,臺北市,衣,443432,1431219090,3227.6
2021年3月,臺北市,住,585835,2491597013,4253.07
2021年3月,臺北市,行,3786323,2885307379,762.03
2021年3月,臺北市,文教康樂,2975262,5178324729,1740.46
2021年3月,臺北市,百貨,6286099,8546943351,1359.66
2021年3月,臺北市,其他,5034502,17051798173,3386.99
2021年3月,新北市,食,6414725,3534480004,550.99
2021年3月,新北市,衣,525908,1307607716,2486.38
2021年3月,新北市,住,699648,2444478027,3493.87
2021年3月,新北市,行,4532481,3723114408,821.43
2021年3月,新北市,文教康樂,3512567,5071132873,1443.71
2021年3月,新北市,百貨,7482943,9469186770,1265.44
2021年3月,新北市,其他,6526044,16797881748,2573.98
2021年3月,桃園市,食,2578068,1392647627,540.19
2021年3月,桃園市,衣,210920,545643150,2586.97
2021年3月,桃園市,住,333762,1124345951,3368.71
2021年3月,桃園市,行,2239341,2171390141,969.66
2021年3月,桃園市,文教康樂,1517070,2115333178,1394.35
2021年3月,桃園市,百貨,3218217,4487875281,1394.52
2021年3月,桃園市,其他,2994807,7347311210,2453.35
2021年3月,新竹縣,食,750723,428358587,570.59
2021年3月,新竹縣,衣,57008,149462195,2621.78
2021年3月,新竹縣,住,93310,358489626,3841.92
2021年3月,新竹縣,行,615932,607124776,985.7
2021年3月,新竹縣,文教康樂,405906,605139263,1490.84
2021年3月,新竹縣,百貨,863994,1153747376,1335.37
2021年3月,新竹縣,其他,819461,1912242355,2333.54
2021年3月,新竹市,食,773578,435373102,562.8
2021年3月,新竹市,衣,52590,142324007,2706.29
2021年3月,新竹市,住,93296,351177016,3764.12
2021年3月,新竹市,行,549931,483131837,878.53
2021年3月,新竹市,文教康樂,393569,598293017,1520.17
2021年3月,新竹市,百貨,913735,1209307696,1323.48
2021年3月,新竹市,其他,762197,1969719172,2584.27
2021年3月,苗栗縣,食,323570,194053744,599.73
2021年3月,苗栗縣,衣,35854,88396792,2465.47
2021年3月,苗栗縣,住,52709,177777350,3372.81
2021年3月,苗栗縣,行,442551,419991092,949.02
2021年3月,苗栗縣,文教康樂,242718,320327630,1319.75
2021年3月,苗栗縣,百貨,463663,604316811,1303.35
2021年3月,苗栗縣,其他,523354,1165432881,2226.85
2021年3月,臺中市,食,3214133,2133970131,663.93
2021年3月,臺中市,衣,299449,800996233,2674.9
2021年3月,臺中市,住,456455,1563474614,3425.25
2021年3月,臺中市,行,2938756,2756768496,938.07
2021年3月,臺中市,文教康樂,1860600,2986817989,1605.3
2021年3月,臺中市,百貨,4077344,6070811865,1488.91
2021年3月,臺中市,其他,3612270,10071981198,2788.27
2021年3月,彰化縣,食,622312,397899225,639.39
2021年3月,彰化縣,衣,88342,221995075,2512.91
2021年3月,彰化縣,住,110752,373716916,3374.36
2021年3月,彰化縣,行,893427,882007752,987.22
2021年3月,彰化縣,文教康樂,465492,673296701,1446.42
2021年3月,彰化縣,百貨,943415,1312970058,1391.72
2021年3月,彰化縣,其他,1027152,2889824217,2813.43
2021年3月,南投縣,食,209210,129539347,619.18
2021年3月,南投縣,衣,29206,67020797,2294.76
2021年3月,南投縣,住,37283,114847666,3080.43
2021年3月,南投縣,行,310221,297768328,959.86
2021年3月,南投縣,文教康樂,165131,227309222,1376.54
2021年3月,南投縣,百貨,320841,432950373,1349.42
2021年3月,南投縣,其他,341679,842804714,2466.66
2021年3月,雲林縣,食,237634,147507781,620.74
2021年3月,雲林縣,衣,37847,89202830,2356.93
2021年3月,雲林縣,住,45953,158602298,3451.4
2021年3月,雲林縣,行,420313,392947301,934.89
2021年3月,雲林縣,文教康樂,198405,256636471,1293.5
2021年3月,雲林縣,百貨,381192,529571488,1389.25
2021年3月,雲林縣,其他,422989,1085547302,2566.37
2021年3月,嘉義縣,食,177066,104053984,587.66
2021年3月,嘉義縣,衣,24119,58294051,2416.93
2021年3月,嘉義縣,住,31060,100172846,3225.14
2021年3月,嘉義縣,行,309671,277380527,895.73
2021年3月,嘉義縣,文教康樂,148527,181066075,1219.08
2021年3月,嘉義縣,百貨,298992,419261500,1402.25
2021年3月,嘉義縣,其他,297737,804078128,2700.63
2021年3月,嘉義市,食,185473,118640993,639.67
2021年3月,嘉義市,衣,24154,59887653,2479.41
2021年3月,嘉義市,住,34575,117866568,3409.01
2021年3月,嘉義市,行,229222,203092169,886.01
2021年3月,嘉義市,文教康樂,130443,183920945,1409.97
2021年3月,嘉義市,百貨,314306,461718853,1469.01
2021年3月,嘉義市,其他,298735,836365157,2799.69
2021年3月,臺南市,食,1448291,850213426,587.05
2021年3月,臺南市,衣,164922,381419006,2312.72
2021年3月,臺南市,住,262905,837832089,3186.82
2021年3月,臺南市,行,1677130,1502284035,895.75
2021年3月,臺南市,文教康樂,956551,1335518787,1396.18
2021年3月,臺南市,百貨,2225647,3065584109,1377.39
2021年3月,臺南市,其他,2118652,5388892022,2543.55
2021年3月,高雄市,食,2493943,1650111218,661.65
2021年3月,高雄市,衣,254195,575661104,2264.64
2021年3月,高雄市,住,429876,1469965731,3419.51
2021年3月,高雄市,行,2520831,2311912374,917.12
2021年3月,高雄市,文教康樂,1608371,2178270474,1354.33
2021年3月,高雄市,百貨,3571337,4999388236,1399.86
2021年3月,高雄市,其他,3133239,8811749433,2812.35
2021年3月,屏東縣,食,311439,203922916,654.78
2021年3月,屏東縣,衣,43136,95760601,2219.97
2021年3月,屏東縣,住,65466,216146742,3301.66
2021年3月,屏東縣,行,504728,466983894,925.22
2021年3月,屏東縣,文教康樂,271477,355524847,1309.59
2021年3月,屏東縣,百貨,522531,740222703,1416.61
2021年3月,屏東縣,其他,556587,1623717690,2917.28
2021年3月,基隆市,食,359785,201247844,559.36
2021年3月,基隆市,衣,36772,102377365,2784.11
2021年3月,基隆市,住,43630,155967844,3574.78
2021年3月,基隆市,行,340311,293508213,862.47
2021年3月,基隆市,文教康樂,233382,300919528,1289.39
2021年3月,基隆市,百貨,481648,587325515,1219.41
2021年3月,基隆市,其他,485616,1171311119,2412.01
2021年3月,宜蘭縣,食,224623,131734721,586.47
2021年3月,宜蘭縣,衣,30129,80975914,2687.64
2021年3月,宜蘭縣,住,43424,146056092,3363.49
2021年3月,宜蘭縣,行,294353,275557894,936.15
2021年3月,宜蘭縣,文教康樂,194131,246200330,1268.22
2021年3月,宜蘭縣,百貨,404141,516765866,1278.68
2021年3月,宜蘭縣,其他,388419,951634289,2450.02
2021年3月,花蓮縣,食,159579,112760486,706.61
2021年3月,花蓮縣,衣,19907,48183553,2420.43
2021年3月,花蓮縣,住,30756,108631480,3532.04
2021年3月,花蓮縣,行,224073,203585503,908.57
2021年3月,花蓮縣,文教康樂,131390,174773379,1330.19
2021年3月,花蓮縣,百貨,249510,307559286,1232.65
2021年3月,花蓮縣,其他,258208,625317160,2421.76
2021年3月,臺東縣,食,86728,52943880,610.46
2021年3月,臺東縣,衣,12177,28326179,2326.2
2021年3月,臺東縣,住,16251,57600379,3544.42
2021年3月,臺東縣,行,125669,116540753,927.36
2021年3月,臺東縣,文教康樂,68078,88114214,1294.31
2021年3月,臺東縣,百貨,128198,158921808,1239.66
2021年3月,臺東縣,其他,118049,334357442,2832.36
2021年3月,澎湖縣,食,37621,22650262,602.06
2021年3月,澎湖縣,衣,5672,14880825,2623.56
2021年3月,澎湖縣,住,8344,27823542,3334.56
2021年3月,澎湖縣,行,50080,68857666,1374.95
2021年3月,澎湖縣,文教康樂,35652,48742036,1367.16
2021年3月,澎湖縣,百貨,61306,75045697,1224.12
2021年3月,澎湖縣,其他,51635,142566147,2761.04
2021年3月,金門縣,食,40166,51201138,1274.74
2021年3月,金門縣,衣,4425,9731040,2199.11
2021年3月,金門縣,住,7018,27296152,3889.45
2021年3月,金門縣,行,30475,38713629,1270.34
2021年3月,金門縣,文教康樂,26694,30946401,1159.3
2021年3月,金門縣,百貨,64215,77945990,1213.83
2021年3月,金門縣,其他,47246,106517917,2254.54
2021年3月,連江縣,食,7195,3328243,462.58
2021年3月,連江縣,衣,692,1422776,2056.03
2021年3月,連江縣,住,1288,3564763,2767.67
2021年3月,連江縣,行,6566,9553882,1455.05
2021年3月,連江縣,文教康樂,5458,7516069,1377.07
2021年3月,連江縣,百貨,7318,9543608,1304.13
2021年3月,連江縣,其他,8235,15948602,1936.69
2021年4月,臺北市,食,6954482,4535655098,652.19
2021年4月,臺北市,衣,500287,1630586405,3259.3
2021年4月,臺北市,住,663871,3081472378,4641.67
2021年4月,臺北市,行,3888123,2998392169,771.17
2021年4月,臺北市,文教康樂,3144891,5363779638,1705.55
2021年4月,臺北市,百貨,6604582,10424937464,1578.44
2021年4月,臺北市,其他,5062948,16047231069,3169.54
2021年4月,新北市,食,6850186,3964993284,578.82
2021年4月,新北市,衣,603904,1498961215,2482.12
2021年4月,新北市,住,793461,3122261088,3934.99
2021年4月,新北市,行,4636867,3845067277,829.24
2021年4月,新北市,文教康樂,3723564,5287265302,1419.95
2021年4月,新北市,百貨,7844532,10615706913,1353.26
2021年4月,新北市,其他,6587917,16581271281,2516.92
2021年4月,桃園市,食,2733522,1580722563,578.27
2021年4月,桃園市,衣,244749,619477990,2531.07
2021年4月,桃園市,住,373921,1436096355,3840.64
2021年4月,桃園市,行,2283991,2215971757,970.22
2021年4月,桃園市,文教康樂,1598066,2241772620,1402.8
2021年4月,桃園市,百貨,3394288,5063737916,1491.84
2021年4月,桃園市,其他,3120017,7519329086,2410.03
2021年4月,新竹縣,食,815524,494096020,605.86
2021年4月,新竹縣,衣,66918,173189924,2588.09
2021年4月,新竹縣,住,107902,490693818,4547.59
2021年4月,新竹縣,行,635184,643766127,1013.51
2021年4月,新竹縣,文教康樂,428271,624652810,1458.55
2021年4月,新竹縣,百貨,916239,1335027986,1457.07
2021年4月,新竹縣,其他,844826,2040072104,2414.78
2021年4月,新竹市,食,838501,503370729,600.32
2021年4月,新竹市,衣,61637,164918683,2675.64
2021年4月,新竹市,住,105843,460793131,4353.55
2021年4月,新竹市,行,565283,513835892,908.99
2021年4月,新竹市,文教康樂,416369,635593810,1526.52
2021年4月,新竹市,百貨,963139,1433544069,1488.41
2021年4月,新竹市,其他,779227,2050909882,2631.98
2021年4月,苗栗縣,食,351722,220754886,627.64
2021年4月,苗栗縣,衣,42460,105870399,2493.41
2021年4月,苗栗縣,住,60915,235981113,3873.94
2021年4月,苗栗縣,行,453430,436893611,963.53
2021年4月,苗栗縣,文教康樂,256492,324275192,1264.27
2021年4月,苗栗縣,百貨,485482,678533706,1397.65
2021年4月,苗栗縣,其他,538670,1202418484,2232.2
2021年4月,臺中市,食,3459016,2419731684,699.54
2021年4月,臺中市,衣,342073,877317580,2564.71
2021年4月,臺中市,住,515320,1993804404,3869.06
2021年4月,臺中市,行,3000253,2883695181,961.15
2021年4月,臺中市,文教康樂,1946313,2936666763,1508.84
2021年4月,臺中市,百貨,4196080,6430379537,1532.47
2021年4月,臺中市,其他,3679579,10220492478,2777.63
2021年4月,彰化縣,食,682025,478089760,700.99
2021年4月,彰化縣,衣,103035,248835198,2415.06
2021年4月,彰化縣,住,125074,484536262,3874.0
2021年4月,彰化縣,行,906664,904800232,997.94
2021年4月,彰化縣,文教康樂,483226,702496004,1453.76
2021年4月,彰化縣,百貨,988953,1458379288,1474.67
2021年4月,彰化縣,其他,1050470,2844882798,2708.2
2021年4月,南投縣,食,225495,152850203,677.84
2021年4月,南投縣,衣,33626,75728866,2252.09
2021年4月,南投縣,住,41264,157830152,3824.89
2021年4月,南投縣,行,317812,316642509,996.32
2021年4月,南投縣,文教康樂,170089,225901117,1328.13
2021年4月,南投縣,百貨,330878,458465856,1385.6
2021年4月,南投縣,其他,350962,896321277,2553.9
2021年4月,雲林縣,食,258945,174000557,671.96
2021年4月,雲林縣,衣,44860,104938144,2339.24
2021年4月,雲林縣,住,54303,214713352,3953.99
2021年4月,雲林縣,行,425492,411924658,968.11
2021年4月,雲林縣,文教康樂,209184,269402660,1287.87
2021年4月,雲林縣,百貨,393799,582224406,1478.48
2021年4月,雲林縣,其他,433236,1140825745,2633.27
2021年4月,嘉義縣,食,190335,124357249,653.36
2021年4月,嘉義縣,衣,28912,68419578,2366.48
2021年4月,嘉義縣,住,34454,130633128,3791.52
2021年4月,嘉義縣,行,313110,290113397,926.55
2021年4月,嘉義縣,文教康樂,155616,187271303,1203.42
2021年4月,嘉義縣,百貨,309241,461830060,1493.43
2021年4月,嘉義縣,其他,301277,826773058,2744.23
2021年4月,嘉義市,食,197697,135440524,685.09
2021年4月,嘉義市,衣,27691,68259690,2465.05
2021年4月,嘉義市,住,37807,155150479,4103.75
2021年4月,嘉義市,行,234153,213251116,910.73
2021年4月,嘉義市,文教康樂,138963,194822376,1401.97
2021年4月,嘉義市,百貨,324307,494741736,1525.54
2021年4月,嘉義市,其他,309030,827386775,2677.37
2021年4月,臺南市,食,1553107,992530637,639.06
2021年4月,臺南市,衣,187641,426399127,2272.42
2021年4月,臺南市,住,291393,1063188635,3648.64
2021年4月,臺南市,行,1700786,1556144489,914.96
2021年4月,臺南市,文教康樂,1009537,1370339875,1357.39
2021年4月,臺南市,百貨,2329597,3474972627,1491.66
2021年4月,臺南市,其他,2117830,5454937481,2575.72
2021年4月,高雄市,食,2668400,1856966341,695.91
2021年4月,高雄市,衣,284570,635399447,2232.84
2021年4月,高雄市,住,464026,1724730656,3716.88
2021年4月,高雄市,行,2623655,2385947267,909.4
2021年4月,高雄市,文教康樂,1667368,2206495236,1323.34
2021年4月,高雄市,百貨,3788193,5847469051,1543.6
2021年4月,高雄市,其他,3162886,8761884739,2770.22
2021年4月,屏東縣,食,347078,242329062,698.2
2021年4月,屏東縣,衣,47896,108396995,2263.17
2021年4月,屏東縣,住,71607,268251714,3746.17
2021年4月,屏東縣,行,518556,490453679,945.81
2021年4月,屏東縣,文教康樂,284457,360996309,1269.07
2021年4月,屏東縣,百貨,558534,886727072,1587.6
2021年4月,屏東縣,其他,560062,1619132122,2890.99
2021年4月,基隆市,食,383738,230302926,600.16
2021年4月,基隆市,衣,42184,116932466,2771.96
2021年4月,基隆市,住,49390,206887941,4188.86
2021年4月,基隆市,行,344949,303203219,878.98
2021年4月,基隆市,文教康樂,249202,328922256,1319.9
2021年4月,基隆市,百貨,503455,649271136,1289.63
2021年4月,基隆市,其他,491825,1115359634,2267.8
2021年4月,宜蘭縣,食,239730,148889761,621.07
2021年4月,宜蘭縣,衣,32965,87017964,2639.71
2021年4月,宜蘭縣,住,49317,193564057,3924.9
2021年4月,宜蘭縣,行,298898,284980656,953.44
2021年4月,宜蘭縣,文教康樂,198551,254083131,1279.69
2021年4月,宜蘭縣,百貨,418843,546156726,1303.97
2021年4月,宜蘭縣,其他,397571,974769247,2451.81
2021年4月,花蓮縣,食,170690,130877628,766.76
2021年4月,花蓮縣,衣,22203,52827582,2379.3
2021年4月,花蓮縣,住,33999,136456192,4013.54
2021年4月,花蓮縣,行,227308,208222545,916.04
2021年4月,花蓮縣,文教康樂,135757,179337384,1321.02
2021年4月,花蓮縣,百貨,265683,355633593,1338.56
2021年4月,花蓮縣,其他,267345,672318131,2514.8
2021年4月,臺東縣,食,92710,59167772,638.2
2021年4月,臺東縣,衣,13830,32636509,2359.83
2021年4月,臺東縣,住,17999,71709726,3984.1
2021年4月,臺東縣,行,128365,121544547,946.87
2021年4月,臺東縣,文教康樂,68886,85814182,1245.74
2021年4月,臺東縣,百貨,136533,172291013,1261.9
2021年4月,臺東縣,其他,116186,353249660,3040.38
2021年4月,澎湖縣,食,39426,24866558,630.71
2021年4月,澎湖縣,衣,6807,17581612,2582.87
2021年4月,澎湖縣,住,9516,33950534,3567.73
2021年4月,澎湖縣,行,50575,66399091,1312.88
2021年4月,澎湖縣,文教康樂,35316,44872155,1270.59
2021年4月,澎湖縣,百貨,63875,83647089,1309.54
2021年4月,澎湖縣,其他,49415,128076730,2591.86
2021年4月,金門縣,食,43048,31403681,729.5
2021年4月,金門縣,衣,5230,11582392,2214.61
2021年4月,金門縣,住,8296,33592542,4049.25
2021年4月,金門縣,行,33476,42852073,1280.08
2021年4月,金門縣,文教康樂,29099,34293287,1178.5
2021年4月,金門縣,百貨,67484,88849997,1316.61
2021年4月,金門縣,其他,46854,95173136,2031.27
2021年4月,連江縣,食,8467,3770018,445.26
2021年4月,連江縣,衣,772,1730655,2241.78
2021年4月,連江縣,住,1370,5103056,3724.86
2021年4月,連江縣,行,7200,12023807,1669.97
2021年4月,連江縣,文教康樂,5230,7782090,1487.97
2021年4月,連江縣,百貨,8045,10833593,1346.62
2021年4月,連江縣,其他,8101,17966315,2217.79
2021年5月,臺北市,食,7620683,4238839178,556.23
2021年5月,臺北市,衣,431364,1346889039,3122.4
2021年5月,臺北市,住,623700,2437417789,3908.0
2021年5月,臺北市,行,3015641,2408500950,798.67
2021年5月,臺北市,文教康樂,3045182,4787205072,1572.06
2021年5月,臺北市,百貨,7297080,10452264298,1432.39
2021年5月,臺北市,其他,5326390,24159130731,4535.74
2021年5月,新北市,食,7730648,3828171208,495.19
2021年5月,新北市,衣,523143,1275514053,2438.17
2021年5月,新北市,住,798559,2633237295,3297.49
2021年5月,新北市,行,3713181,3022391766,813.96
2021年5月,新北市,文教康樂,3649294,4595434934,1259.27
2021年5月,新北市,百貨,8730940,11738625855,1344.49
2021年5月,新北市,其他,7030044,21175304488,3012.12
2021年5月,桃園市,食,3415763,1593284443,466.45
2021年5月,桃園市,衣,225122,553060239,2456.71
2021年5月,桃園市,住,379739,1292211608,3402.89
2021年5月,桃園市,行,1905578,1893376709,993.6
2021年5月,桃園市,文教康樂,1595781,1982439417,1242.3
2021年5月,桃園市,百貨,3649681,5443839626,1491.59
2021年5月,桃園市,其他,3313271,9385734078,2832.77
2021年5月,新竹縣,食,988129,505891202,511.97
2021年5月,新竹縣,衣,63381,173521998,2737.76
2021年5月,新竹縣,住,110963,428529846,3861.92
2021年5月,新竹縣,行,521252,540114477,1036.19
2021年5月,新竹縣,文教康樂,425391,556940373,1309.24
2021年5月,新竹縣,百貨,1025958,1480823933,1443.36
2021年5月,新竹縣,其他,898585,3447961871,3837.1
2021年5月,新竹市,食,1010302,505757570,500.6
2021年5月,新竹市,衣,59079,150232604,2542.91
2021年5月,新竹市,住,110375,405234213,3671.43
2021年5月,新竹市,行,456700,433936170,950.16
2021年5月,新竹市,文教康樂,413291,562393925,1360.77
2021年5月,新竹市,百貨,1069387,1585907785,1483.01
2021年5月,新竹市,其他,847574,4213032541,4970.7
2021年5月,苗栗縣,食,471764,227335871,481.88
2021年5月,苗栗縣,衣,39924,97349851,2438.38
2021年5月,苗栗縣,住,63267,236760002,3742.24
2021年5月,苗栗縣,行,395952,392752093,991.92
2021年5月,苗栗縣,文教康樂,265286,296772585,1118.69
2021年5月,苗栗縣,百貨,542732,721373277,1329.15
2021年5月,苗栗縣,其他,577221,1454750860,2520.27
2021年5月,臺中市,食,4349939,2395435514,550.68
2021年5月,臺中市,衣,312506,790654737,2530.05
2021年5月,臺中市,住,528538,1847345712,3495.2
2021年5月,臺中市,行,2506195,2515444481,1003.69
2021年5月,臺中市,文教康樂,1905988,2696171943,1414.58
2021年5月,臺中市,百貨,4643823,6583332253,1417.65
2021年5月,臺中市,其他,3929581,12913797252,3286.3
2021年5月,彰化縣,食,918670,481852585,524.51
2021年5月,彰化縣,衣,92373,225736022,2443.74
2021年5月,彰化縣,住,131094,480004347,3661.53
2021年5月,彰化縣,行,786384,819496907,1042.11
2021年5月,彰化縣,文教康樂,490247,623245181,1271.29
2021年5月,彰化縣,百貨,1113436,1477877072,1327.31
2021年5月,彰化縣,其他,1137074,3372210783,2965.69
2021年5月,南投縣,食,303143,155929593,514.38
2021年5月,南投縣,衣,29151,65273074,2239.14
2021年5月,南投縣,住,43836,158424884,3614.04
2021年5月,南投縣,行,277678,286149816,1030.51
2021年5月,南投縣,文教康樂,174372,205765901,1180.04
2021年5月,南投縣,百貨,370402,483383383,1305.02
2021年5月,南投縣,其他,371455,1041633617,2804.2
2021年5月,雲林縣,食,340055,175753758,516.84
2021年5月,雲林縣,衣,39101,91503121,2340.17
2021年5月,雲林縣,住,54511,200705593,3681.93
2021年5月,雲林縣,行,372150,374154773,1005.39
2021年5月,雲林縣,文教康樂,210443,244141379,1160.13
2021年5月,雲林縣,百貨,445244,612167273,1374.9
2021年5月,雲林縣,其他,461218,1337758712,2900.49
2021年5月,嘉義縣,食,243859,125754739,515.69
2021年5月,嘉義縣,衣,25395,61536563,2423.18
2021年5月,嘉義縣,住,36410,132446644,3637.64
2021年5月,嘉義縣,行,279866,268638717,959.88
2021年5月,嘉義縣,文教康樂,157712,171288132,1086.08
2021年5月,嘉義縣,百貨,343181,479152998,1396.21
2021年5月,嘉義縣,其他,326445,916661820,2808.01
2021年5月,嘉義市,食,263520,140793878,534.28
2021年5月,嘉義市,衣,24109,66877051,2773.95
2021年5月,嘉義市,住,39396,144230952,3661.06
2021年5月,嘉義市,行,197005,186322979,945.78
2021年5月,嘉義市,文教康樂,138356,189104654,1366.8
2021年5月,嘉義市,百貨,363046,506276614,1394.52
2021年5月,嘉義市,其他,323358,1000410791,3093.82
2021年5月,臺南市,食,1933116,1005054802,519.91
2021年5月,臺南市,衣,169636,390560383,2302.34
2021年5月,臺南市,住,305970,1003759937,3280.58
2021年5月,臺南市,行,1476433,1368424626,926.85
2021年5月,臺南市,文教康樂,1005919,1268254461,1260.79
2021年5月,臺南市,百貨,2497112,3444084079,1379.23
2021年5月,臺南市,其他,2271336,7365181663,3242.66
2021年5月,高雄市,食,3227547,1796096614,556.49
2021年5月,高雄市,衣,265373,585846892,2207.64
2021年5月,高雄市,住,485209,1593215748,3283.57
2021年5月,高雄市,行,2204874,2022366403,917.23
2021年5月,高雄市,文教康樂,1670379,1988439379,1190.41
2021年5月,高雄市,百貨,3977329,5588802777,1405.16
2021年5月,高雄市,其他,3434026,10957832149,3190.96
2021年5月,屏東縣,食,450653,249534818,553.72
2021年5月,屏東縣,衣,42876,98044441,2286.7
2021年5月,屏東縣,住,75557,280267179,3709.35
2021年5月,屏東縣,行,462904,440309986,951.19
2021年5月,屏東縣,文教康樂,286910,324565652,1131.25
2021年5月,屏東縣,百貨,605397,850306263,1404.54
2021年5月,屏東縣,其他,602066,1829872444,3039.32
2021年5月,基隆市,食,442157,218812756,494.88
2021年5月,基隆市,衣,35778,94014023,2627.7
2021年5月,基隆市,住,49738,187927387,3778.35
2021年5月,基隆市,行,293396,256373203,873.81
2021年5月,基隆市,文教康樂,243480,286087922,1175.0
2021年5月,基隆市,百貨,561006,721757162,1286.54
2021年5月,基隆市,其他,515702,1414910752,2743.66
2021年5月,宜蘭縣,食,332195,160225991,482.33
2021年5月,宜蘭縣,衣,29974,75690718,2525.21
2021年5月,宜蘭縣,住,50312,190761779,3791.58
2021年5月,宜蘭縣,行,255706,251232724,982.51
2021年5月,宜蘭縣,文教康樂,203427,235183559,1156.11
2021年5月,宜蘭縣,百貨,467538,578856529,1238.1
2021年5月,宜蘭縣,其他,433138,1165358015,2690.5
2021年5月,花蓮縣,食,237903,140867804,592.12
2021年5月,花蓮縣,衣,20704,48376249,2336.57
2021年5月,花蓮縣,住,33627,135315346,4024.01
2021年5月,花蓮縣,行,179981,175461972,974.89
2021年5月,花蓮縣,文教康樂,136757,154908629,1132.73
2021年5月,花蓮縣,百貨,324122,413873126,1276.91
2021年5月,花蓮縣,其他,283300,773146269,2729.07
2021年5月,臺東縣,食,120064,61663665,513.59
2021年5月,臺東縣,衣,13141,30109403,2291.26
2021年5月,臺東縣,住,16632,71209646,4281.48
2021年5月,臺東縣,行,103489,100331438,969.49
2021年5月,臺東縣,文教康樂,72533,81968500,1130.09
2021年5月,臺東縣,百貨,154896,196405166,1267.98
2021年5月,臺東縣,其他,126545,392726715,3103.46
2021年5月,澎湖縣,食,50064,24176411,482.91
2021年5月,澎湖縣,衣,5878,14844832,2525.49
2021年5月,澎湖縣,住,8558,27307653,3190.89
2021年5月,澎湖縣,行,34626,25890518,747.72
2021年5月,澎湖縣,文教康樂,35886,41682953,1161.54
2021年5月,澎湖縣,百貨,67335,81261460,1206.82
2021年5月,澎湖縣,其他,55031,159084673,2890.82
2021年5月,金門縣,食,50382,30556579,606.5
2021年5月,金門縣,衣,5055,10887101,2153.73
2021年5月,金門縣,住,8001,28416913,3551.67
2021年5月,金門縣,行,24891,28314991,1137.56
2021年5月,金門縣,文教康樂,29954,31982541,1067.72
2021年5月,金門縣,百貨,74399,99080183,1331.74
2021年5月,金門縣,其他,51767,130637294,2523.56
2021年5月,連江縣,食,9347,5260796,562.83
2021年5月,連江縣,衣,691,1768108,2558.77
2021年5月,連江縣,住,1100,2503906,2276.28
2021年5月,連江縣,行,3676,3426615,932.16
2021年5月,連江縣,文教康樂,5347,6918551,1293.91
2021年5月,連江縣,百貨,8092,11292479,1395.51
2021年5月,連江縣,其他,9154,23002482,2512.83
2021年6月,臺北市,食,8066506,3803383693,471.5
2021年6月,臺北市,衣,340236,1025714142,3014.71
2021年6月,臺北市,住,632191,1894266382,2996.35
2021年6月,臺北市,行,2105377,2040332913,969.11
2021年6月,臺北市,文教康樂,2988756,4727294762,1581.69
2021年6月,臺北市,百貨,5877611,8389446170,1427.36
2021年6月,臺北市,其他,4163899,48957778808,11757.68
2021年6月,新北市,食,8490228,3547714336,417.86
2021年6月,新北市,衣,422393,979096190,2317.97
2021年6月,新北市,住,820317,2174834237,2651.21
2021年6月,新北市,行,2753977,2494529337,905.79
2021年6月,新北市,文教康樂,3686353,4363482563,1183.69
2021年6月,新北市,百貨,7190870,9815020086,1364.93
2021年6月,新北市,其他,5444478,27653863138,5079.25
2021年6月,桃園市,食,4074971,1589287971,390.01
2021年6月,桃園市,衣,191491,459698997,2400.63
2021年6月,桃園市,住,388431,1100464878,2833.1
2021年6月,桃園市,行,1450517,1550089784,1068.65
2021年6月,桃園市,文教康樂,1667969,1973550706,1183.21
2021年6月,桃園市,百貨,3059613,4656872728,1522.05
2021年6月,桃園市,其他,2514312,11186906979,4449.29
2021年6月,新竹縣,食,1147164,548921423,478.5
2021年6月,新竹縣,衣,55158,131556585,2385.09
2021年6月,新竹縣,住,111674,348250098,3118.45
2021年6月,新竹縣,行,372863,428980889,1150.51
2021年6月,新竹縣,文教康樂,440800,562028926,1275.02
2021年6月,新竹縣,百貨,863346,1248530738,1446.15
2021年6月,新竹縣,其他,683743,5693180855,8326.49
2021年6月,新竹市,食,1166557,555163015,475.9
2021年6月,新竹市,衣,52117,127251713,2441.65
2021年6月,新竹市,住,110754,340631976,3075.57
2021年6月,新竹市,行,325332,340741312,1047.36
2021年6月,新竹市,文教康樂,420844,544105352,1292.89
2021年6月,新竹市,百貨,896102,1293474896,1443.45
2021年6月,新竹市,其他,658791,6244710037,9479.05
2021年6月,苗栗縣,食,575527,226904477,394.26
2021年6月,苗栗縣,衣,32862,75413922,2294.87
2021年6月,苗栗縣,住,63895,194202269,3039.4
2021年6月,苗栗縣,行,298801,311342445,1041.97
2021年6月,苗栗縣,文教康樂,276997,292052207,1054.35
2021年6月,苗栗縣,百貨,465676,634778057,1363.13
2021年6月,苗栗縣,其他,433341,1681954445,3881.36
2021年6月,臺中市,食,5115141,2124603730,415.36
2021年6月,臺中市,衣,263137,636607604,2419.3
2021年6月,臺中市,住,533132,1528979073,2867.92
2021年6月,臺中市,行,1837510,2015529633,1096.88
2021年6月,臺中市,文教康樂,1967674,2497534178,1269.28
2021年6月,臺中市,百貨,3925950,5535956348,1410.09
2021年6月,臺中市,其他,3111589,18326907332,5889.89
2021年6月,彰化縣,食,1130733,443519655,392.24
2021年6月,彰化縣,衣,75081,170316700,2268.44
2021年6月,彰化縣,住,136286,404909394,2971.03
2021年6月,彰化縣,行,601747,663312493,1102.31
2021年6月,彰化縣,文教康樂,520805,604996468,1161.66
2021年6月,彰化縣,百貨,969028,1292468979,1333.78
2021年6月,彰化縣,其他,881346,3904467062,4430.12
2021年6月,南投縣,食,378229,146883396,388.35
2021年6月,南投縣,衣,23084,50281060,2178.18
2021年6月,南投縣,住,43973,125280225,2849.03
2021年6月,南投縣,行,207833,228277762,1098.37
2021年6月,南投縣,文教康樂,183072,199469221,1089.57
2021年6月,南投縣,百貨,318102,422199077,1327.24
2021年6月,南投縣,其他,287050,1146368563,3993.62
2021年6月,雲林縣,食,413697,165519119,400.1
2021年6月,雲林縣,衣,30842,66667807,2161.59
2021年6月,雲林縣,住,55688,165619476,2974.06
2021年6月,雲林縣,行,284720,306046780,1074.9
2021年6月,雲林縣,文教康樂,229111,239087879,1043.55
2021年6月,雲林縣,百貨,391357,557535046,1424.62
2021年6月,雲林縣,其他,360637,1631275080,4523.32
2021年6月,嘉義縣,食,286147,113830022,397.8
2021年6月,嘉義縣,衣,20678,49028990,2371.07
2021年6月,嘉義縣,住,37510,109160076,2910.16
2021年6月,嘉義縣,行,211778,220303065,1040.25
2021年6月,嘉義縣,文教康樂,169350,172574653,1019.04
2021年6月,嘉義縣,百貨,295569,410674453,1389.44
2021年6月,嘉義縣,其他,262066,1039085980,3964.98
2021年6月,嘉義市,食,328663,130040511,395.67
2021年6月,嘉義市,衣,19047,48210634,2531.14
2021年6月,嘉義市,住,38063,112843807,2964.66
2021年6月,嘉義市,行,143700,146763404,1021.32
2021年6月,嘉義市,文教康樂,142417,170656637,1198.29
2021年6月,嘉義市,百貨,306929,432405093,1408.81
2021年6月,嘉義市,其他,244159,1143224205,4682.29
2021年6月,臺南市,食,2234615,917691521,410.67
2021年6月,臺南市,衣,143140,311640169,2177.17
2021年6月,臺南市,住,305305,811092389,2656.66
2021年6月,臺南市,行,1119502,1084475128,968.71
2021年6月,臺南市,文教康樂,1035337,1188339051,1147.78
2021年6月,臺南市,百貨,2129689,2961302385,1390.49
2021年6月,臺南市,其他,1802512,8780893053,4871.48
2021年6月,高雄市,食,3615427,1542018864,426.51
2021年6月,高雄市,衣,219075,477865804,2181.29
2021年6月,高雄市,住,476004,1341392864,2818.03
2021年6月,高雄市,行,1639254,1609812466,982.04
2021年6月,高雄市,文教康樂,1681304,1825780680,1085.93
2021年6月,高雄市,百貨,3364200,4682755590,1391.94
2021年6月,高雄市,其他,2737830,13069482939,4773.66
2021年6月,屏東縣,食,529259,228583200,431.89
2021年6月,屏東縣,衣,36460,83802102,2298.47
2021年6月,屏東縣,住,75425,236007115,3129.03
2021年6月,屏東縣,行,356167,359295405,1008.78
2021年6月,屏東縣,文教康樂,299223,301931251,1009.05
2021年6月,屏東縣,百貨,519312,709917991,1367.04
2021年6月,屏東縣,其他,479327,1807210045,3770.31
2021年6月,基隆市,食,506143,205743173,406.49
2021年6月,基隆市,衣,28140,75708126,2690.41
2021年6月,基隆市,住,53195,171386020,3221.84
2021年6月,基隆市,行,228297,217470547,952.58
2021年6月,基隆市,文教康樂,251764,271459369,1078.23
2021年6月,基隆市,百貨,471005,616265858,1308.41
2021年6月,基隆市,其他,398941,1421104195,3562.19
2021年6月,宜蘭縣,食,432386,165102671,381.84
2021年6月,宜蘭縣,衣,25798,59029414,2288.14
2021年6月,宜蘭縣,住,51460,161676189,3141.78
2021年6月,宜蘭縣,行,200566,210921769,1051.63
2021年6月,宜蘭縣,文教康樂,214744,226842516,1056.34
2021年6月,宜蘭縣,百貨,404666,483268113,1194.24
2021年6月,宜蘭縣,其他,316927,1146227292,3616.69
2021年6月,花蓮縣,食,318286,142160860,446.65
2021年6月,花蓮縣,衣,16310,36512905,2238.68
2021年6月,花蓮縣,住,31632,110749293,3501.18
2021年6月,花蓮縣,行,131405,144335448,1098.4
2021年6月,花蓮縣,文教康樂,143263,150931954,1053.53
2021年6月,花蓮縣,百貨,277918,352461384,1268.22
2021年6月,花蓮縣,其他,207717,748890338,3605.34
2021年6月,臺東縣,食,145897,59804073,409.91
2021年6月,臺東縣,衣,9853,20663035,2097.13
2021年6月,臺東縣,住,14806,54817708,3702.4
2021年6月,臺東縣,行,77575,82596310,1064.73
2021年6月,臺東縣,文教康樂,75124,73816011,982.59
2021年6月,臺東縣,百貨,134493,174634319,1298.46
2021年6月,臺東縣,其他,101896,402830924,3953.35
2021年6月,澎湖縣,食,59806,23953050,400.51
2021年6月,澎湖縣,衣,4425,10510942,2375.35
2021年6月,澎湖縣,住,7590,19471469,2565.41
2021年6月,澎湖縣,行,22038,10481821,475.62
2021年6月,澎湖縣,文教康樂,39272,40961880,1043.03
2021年6月,澎湖縣,百貨,55614,66333274,1192.74
2021年6月,澎湖縣,其他,44901,160852334,3582.38
2021年6月,金門縣,食,51333,19669494,383.17
2021年6月,金門縣,衣,4097,8495033,2073.48
2021年6月,金門縣,住,8071,22821799,2827.63
2021年6月,金門縣,行,15794,15489514,980.72
2021年6月,金門縣,文教康樂,31605,33096889,1047.2
2021年6月,金門縣,百貨,65674,89831478,1367.84
2021年6月,金門縣,其他,41184,138506701,3363.12
2021年6月,連江縣,食,9100,5669102,622.98
2021年6月,連江縣,衣,617,1107833,1795.52
2021年6月,連江縣,住,1007,1926886,1913.49
2021年6月,連江縣,行,469,-2870145,-6119.71
2021年6月,連江縣,文教康樂,6279,7069233,1125.85
2021年6月,連江縣,百貨,6551,9213216,1406.38
2021年6月,連江縣,其他,7709,24431165,3169.17
2021年7月,臺北市,食,9005562,4052787529,450.03
2021年7月,臺北市,衣,396459,1276631171,3220.08
2021年7月,臺北市,住,687803,2520918197,3665.17
2021年7月,臺北市,行,2797510,2496646368,892.45
2021年7月,臺北市,文教康樂,3149098,5045467147,1602.19
2021年7月,臺北市,百貨,6382765,8984061159,1407.55
2021年7月,臺北市,其他,4341196,14908002128,3434.08
2021年7月,新北市,食,9517323,3802496526,399.53
2021年7月,新北市,衣,488269,1237284603,2534.02
2021年7月,新北市,住,871019,2688385178,3086.48
2021年7月,新北市,行,3544180,3247228330,916.21
2021年7月,新北市,文教康樂,3874374,5192586331,1340.24
2021年7月,新北市,百貨,7869279,10420932820,1324.26
2021年7月,新北市,其他,5772072,15522367702,2689.22
2021年7月,桃園市,食,4381907,1667663001,380.58
2021年7月,桃園市,衣,218615,584201615,2672.29
2021年7月,桃園市,住,412653,1375464274,3333.22
2021年7月,桃園市,行,1811875,1990860540,1098.78
2021年7月,桃園市,文教康樂,1742451,2244836639,1288.32
2021年7月,桃園市,百貨,3430408,5085937220,1482.6
2021年7月,桃園市,其他,2671061,6848642785,2564.02
2021年7月,新竹縣,食,1254497,516006895,411.33
2021年7月,新竹縣,衣,62688,162165129,2586.86
2021年7月,新竹縣,住,117606,434369670,3693.43
2021年7月,新竹縣,行,476384,563550100,1182.97
2021年7月,新竹縣,文教康樂,462763,638101627,1378.9
2021年7月,新竹縣,百貨,953720,1361899908,1427.99
2021年7月,新竹縣,其他,709231,1901856807,2681.58
2021年7月,新竹市,食,1254940,510236893,406.58
2021年7月,新竹市,衣,57162,152285586,2664.11
2021年7月,新竹市,住,116930,412498646,3527.74
2021年7月,新竹市,行,413234,438258101,1060.56
2021年7月,新竹市,文教康樂,441779,622664734,1409.45
2021年7月,新竹市,百貨,1000344,1427745274,1427.25
2021年7月,新竹市,其他,675027,1961973516,2906.51
2021年7月,苗栗縣,食,626435,238409882,380.58
2021年7月,苗栗縣,衣,39862,96777708,2427.82
2021年7月,苗栗縣,住,67235,234058951,3481.21
2021年7月,苗栗縣,行,373766,410625318,1098.62
2021年7月,苗栗縣,文教康樂,289857,341594692,1178.49
2021年7月,苗栗縣,百貨,521145,701629177,1346.32
2021年7月,苗栗縣,其他,457694,1146909845,2505.84
2021年7月,臺中市,食,5513327,2275274571,412.69
2021年7月,臺中市,衣,312804,821548733,2626.4
2021年7月,臺中市,住,577219,1901641998,3294.49
2021年7月,臺中市,行,2310300,2588075743,1120.23
2021年7月,臺中市,文教康樂,2086272,3005983860,1440.84
2021年7月,臺中市,百貨,4388629,6380083071,1453.78
2021年7月,臺中市,其他,3309810,9629466196,2909.37
2021年7月,彰化縣,食,1217277,484697450,398.18
2021年7月,彰化縣,衣,91220,228545180,2505.43
2021年7月,彰化縣,住,143549,478863572,3335.89
2021年7月,彰化縣,行,738401,847711686,1148.04
2021年7月,彰化縣,文教康樂,541649,701520017,1295.16
2021年7月,彰化縣,百貨,1064997,1436779217,1349.09
2021年7月,彰化縣,其他,932459,2569567408,2755.69
2021年7月,南投縣,食,407242,158975839,390.37
2021年7月,南投縣,衣,29120,65041132,2233.56
2021年7月,南投縣,住,47862,159579182,3334.15
2021年7月,南投縣,行,258044,292494990,1133.51
2021年7月,南投縣,文教康樂,188593,228467834,1211.43
2021年7月,南投縣,百貨,356517,472788035,1326.13
2021年7月,南投縣,其他,306320,832803444,2718.74
2021年7月,雲林縣,食,442447,178989153,404.54
2021年7月,雲林縣,衣,37980,86195580,2269.5
2021年7月,雲林縣,住,58759,201608725,3431.11
2021年7月,雲林縣,行,345692,386427419,1117.84
2021年7月,雲林縣,文教康樂,236496,273563100,1156.73
2021年7月,雲林縣,百貨,430912,596342347,1383.91
2021年7月,雲林縣,其他,384240,1045333945,2720.52
2021年7月,嘉義縣,食,298146,123093283,412.86
2021年7月,嘉義縣,衣,25300,58898303,2328.0
2021年7月,嘉義縣,住,40017,124415518,3109.07
2021年7月,嘉義縣,行,257634,272562218,1057.94
2021年7月,嘉義縣,文教康樂,175937,202465732,1150.79
2021年7月,嘉義縣,百貨,328762,469187554,1427.13
2021年7月,嘉義縣,其他,283335,753798586,2660.45
2021年7月,嘉義市,食,348805,145966205,418.48
2021年7月,嘉義市,衣,23377,62522701,2674.54
2021年7月,嘉義市,住,40962,130866699,3194.83
2021年7月,嘉義市,行,177708,186686328,1050.52
2021年7月,嘉義市,文教康樂,147801,188774655,1277.22
2021年7月,嘉義市,百貨,337466,491023257,1455.03
2021年7月,嘉義市,其他,259898,770633918,2965.14
2021年7月,臺南市,食,2385663,976135777,409.17
2021年7月,臺南市,衣,166976,376716537,2256.11
2021年7月,臺南市,住,326046,1024889354,3143.39
2021年7月,臺南市,行,1349487,1371104006,1016.02
2021年7月,臺南市,文教康樂,1095294,1406799946,1284.4
2021年7月,臺南市,百貨,2393755,3400109631,1420.41
2021年7月,臺南市,其他,1950737,5149401185,2639.72
2021年7月,高雄市,食,3893563,1663813154,427.32
2021年7月,高雄市,衣,255951,570113605,2227.43
2021年7月,高雄市,住,515829,1621250382,3143.0
2021年7月,高雄市,行,2004826,2061861182,1028.45
2021年7月,高雄市,文教康樂,1773315,2227760308,1256.27
2021年7月,高雄市,百貨,3823955,5525722006,1445.03
2021年7月,高雄市,其他,2940157,8281213724,2816.59
2021年7月,屏東縣,食,566261,246758162,435.77
2021年7月,屏東縣,衣,43556,100257264,2301.8
2021年7月,屏東縣,住,83190,287742317,3458.86
2021年7月,屏東縣,行,427875,446783455,1044.19
2021年7月,屏東縣,文教康樂,319015,363320150,1138.88
2021年7月,屏東縣,百貨,588761,852481395,1447.92
2021年7月,屏東縣,其他,515724,1474483572,2859.06
2021年7月,基隆市,食,561503,218876277,389.8
2021年7月,基隆市,衣,33833,92458674,2732.8
2021年7月,基隆市,住,55516,188883036,3402.32
2021年7月,基隆市,行,281204,271915176,966.97
2021年7月,基隆市,文教康樂,264712,303573569,1146.81
2021年7月,基隆市,百貨,510894,649034753,1270.39
2021年7月,基隆市,其他,418941,1042193220,2487.68
2021年7月,宜蘭縣,食,465094,175648894,377.66
2021年7月,宜蘭縣,衣,29149,70909836,2432.67
2021年7月,宜蘭縣,住,55836,191333214,3426.7
2021年7月,宜蘭縣,行,245286,267575967,1090.87
2021年7月,宜蘭縣,文教康樂,227125,260622321,1147.48
2021年7月,宜蘭縣,百貨,446699,531513674,1189.87
2021年7月,宜蘭縣,其他,334250,886243469,2651.44
2021年7月,花蓮縣,食,342833,151561535,442.09
2021年7月,花蓮縣,衣,19849,47039161,2369.85
2021年7月,花蓮縣,住,34999,132827335,3795.18
2021年7月,花蓮縣,行,168347,183902923,1092.4
2021年7月,花蓮縣,文教康樂,151038,173102343,1146.08
2021年7月,花蓮縣,百貨,303409,391115093,1289.07
2021年7月,花蓮縣,其他,221391,615997038,2782.39
2021年7月,臺東縣,食,158427,66133730,417.44
2021年7月,臺東縣,衣,12334,27942850,2265.51
2021年7月,臺東縣,住,16540,68566450,4145.49
2021年7月,臺東縣,行,98542,103909573,1054.47
2021年7月,臺東縣,文教康樂,79162,85862802,1084.65
2021年7月,臺東縣,百貨,147999,191721196,1295.42
2021年7月,臺東縣,其他,105909,309445677,2921.81
2021年7月,澎湖縣,食,63180,24011698,380.05
2021年7月,澎湖縣,衣,5499,14128644,2569.31
2021年7月,澎湖縣,住,8780,24280652,2765.45
2021年7月,澎湖縣,行,35643,37703038,1057.8
2021年7月,澎湖縣,文教康樂,40440,46601640,1152.36
2021年7月,澎湖縣,百貨,63022,74363725,1179.96
2021年7月,澎湖縣,其他,45628,126256295,2767.08
2021年7月,金門縣,食,57135,20887898,365.59
2021年7月,金門縣,衣,4649,10059022,2163.7
2021年7月,金門縣,住,8464,25967693,3068.02
2021年7月,金門縣,行,22707,28535821,1256.7
2021年7月,金門縣,文教康樂,32666,35574005,1089.02
2021年7月,金門縣,百貨,72887,99433038,1364.21
2021年7月,金門縣,其他,43627,102536477,2350.3
2021年7月,連江縣,食,10209,3650929,357.62
2021年7月,連江縣,衣,744,1510168,2029.8
2021年7月,連江縣,住,1153,2642366,2291.73
2021年7月,連江縣,行,3959,4440623,1121.65
2021年7月,連江縣,文教康樂,6364,8237638,1294.41
2021年7月,連江縣,百貨,7554,9799307,1297.23
2021年7月,連江縣,其他,7928,17175380,2166.42
2021年8月,臺北市,食,9415416,4821838542,512.12
2021年8月,臺北市,衣,485602,1470953026,3029.13
2021年8月,臺北市,住,758293,3042192016,4011.9
2021年8月,臺北市,行,3714366,3110514518,837.43
2021年8月,臺北市,文教康樂,3402160,6187285846,1818.63
2021年8月,臺北市,百貨,7210608,10300807331,1428.56
2021年8月,臺北市,其他,4570126,15438175868,3378.06
2021年8月,新北市,食,9988580,4461654553,446.68
2021年8月,新北市,衣,604869,1457102884,2408.96
2021年8月,新北市,住,949238,3083380713,3248.27
2021年8月,新北市,行,4493102,3929895228,874.65
2021年8月,新北市,文教康樂,4120214,6511162335,1580.3
2021年8月,新北市,百貨,8800557,11768713798,1337.27
2021年8月,新北市,其他,6001590,16505907566,2750.26
2021年8月,桃園市,食,4516169,1928521561,427.03
2021年8月,桃園市,衣,259197,623156616,2404.18
2021年8月,桃園市,住,447349,1459113741,3261.69
2021年8月,桃園市,行,2247486,2318004374,1031.38
2021年8月,桃園市,文教康樂,1838621,2800736454,1523.28
2021年8月,桃園市,百貨,3899054,5795074634,1486.28
2021年8月,桃園市,其他,2772803,7339350070,2646.91
2021年8月,新竹縣,食,1301987,598066531,459.35
2021年8月,新竹縣,衣,71138,182032141,2558.86
2021年8月,新竹縣,住,128235,483876278,3773.36
2021年8月,新竹縣,行,613362,651942640,1062.9
2021年8月,新竹縣,文教康樂,488697,798834296,1634.62
2021年8月,新竹縣,百貨,1059972,1538303488,1451.27
2021年8月,新竹縣,其他,731388,1975141618,2700.54
2021年8月,新竹市,食,1289431,588150287,456.13
2021年8月,新竹市,衣,65852,159535963,2422.64
2021年8月,新竹市,住,124065,465440181,3751.58
2021年8月,新竹市,行,530472,540778680,1019.43
2021年8月,新竹市,文教康樂,469838,818047381,1741.13
2021年8月,新竹市,百貨,1102672,1599171325,1450.27
2021年8月,新竹市,其他,703545,2020463378,2871.83
2021年8月,苗栗縣,食,649611,276994244,426.4
2021年8月,苗栗縣,衣,46514,106567159,2291.08
2021年8月,苗栗縣,住,72780,229403672,3152.02
2021年8月,苗栗縣,行,443961,456301473,1027.8
2021年8月,苗栗縣,文教康樂,300066,441827169,1472.43
2021年8月,苗栗縣,百貨,571817,807377652,1411.95
2021年8月,苗栗縣,其他,464343,1192370148,2567.87
2021年8月,臺中市,食,5658929,2696559360,476.51
2021年8月,臺中市,衣,362460,865676063,2388.34
2021年8月,臺中市,住,607616,1984825569,3266.58
2021年8月,臺中市,行,2829356,2928853785,1035.17
2021年8月,臺中市,文教康樂,2225313,4107550305,1845.83
2021年8月,臺中市,百貨,4881700,7218789110,1478.74
2021年8月,臺中市,其他,3365139,9976633420,2964.7
2021年8月,彰化縣,食,1253367,556508682,444.01
2021年8月,彰化縣,衣,110026,262539521,2386.16
2021年8月,彰化縣,住,152377,505604127,3318.11
2021年8月,彰化縣,行,868366,934355435,1075.99
2021年8月,彰化縣,文教康樂,567775,944098424,1662.8
2021年8月,彰化縣,百貨,1182426,1696594326,1434.84
2021年8月,彰化縣,其他,957173,2755111361,2878.38
2021年8月,南投縣,食,422717,188683729,446.36
2021年8月,南投縣,衣,35678,79431354,2226.34
2021年8月,南投縣,住,50453,158521512,3141.96
2021年8月,南投縣,行,304131,324025354,1065.41
2021年8月,南投縣,文教康樂,199447,304226466,1525.35
2021年8月,南投縣,百貨,393215,546552705,1389.96
2021年8月,南投縣,其他,308374,859961887,2788.7
2021年8月,雲林縣,食,461390,203404423,440.85
2021年8月,雲林縣,衣,47079,103837917,2205.61
2021年8月,雲林縣,住,62683,196279689,3131.31
2021年8月,雲林縣,行,407644,427322934,1048.27
2021年8月,雲林縣,文教康樂,248539,401074123,1613.73
2021年8月,雲林縣,百貨,477988,709415758,1484.17
2021年8月,雲林縣,其他,393400,1152051649,2928.45
2021年8月,嘉義縣,食,312287,140929957,451.28
2021年8月,嘉義縣,衣,29537,66088233,2237.47
2021年8月,嘉義縣,住,43029,134958309,3136.45
2021年8月,嘉義縣,行,299982,302049426,1006.89
2021年8月,嘉義縣,文教康樂,183113,243057820,1327.37
2021年8月,嘉義縣,百貨,371604,541314013,1456.7
2021年8月,嘉義縣,其他,288309,781739953,2711.47
2021年8月,嘉義市,食,363867,162154511,445.64
2021年8月,嘉義市,衣,27028,66681634,2467.13
2021年8月,嘉義市,住,45266,142000498,3137.02
2021年8月,嘉義市,行,214584,216180676,1007.44
2021年8月,嘉義市,文教康樂,156928,252241436,1607.37
2021年8月,嘉義市,百貨,383537,558877317,1457.17
2021年8月,嘉義市,其他,265230,810482436,3055.77
2021年8月,臺南市,食,2417215,1102883634,456.26
2021年8月,臺南市,衣,192120,410886572,2138.7
2021年8月,臺南市,住,350904,1111252334,3166.83
2021年8月,臺南市,行,1597391,1559248398,976.12
2021年8月,臺南市,文教康樂,1151770,1739059154,1509.9
2021年8月,臺南市,百貨,2733550,4031666258,1474.88
2021年8月,臺南市,其他,1990854,5589868158,2807.77
2021年8月,高雄市,食,3952727,1968002933,497.88
2021年8月,高雄市,衣,295387,618120023,2092.58
2021年8月,高雄市,住,548733,1756233483,3200.52
2021年8月,高雄市,行,2416703,2402417868,994.09
2021年8月,高雄市,文教康樂,1911360,2699629621,1412.41
2021年8月,高雄市,百貨,4352012,6426056900,1476.57
2021年8月,高雄市,其他,3028414,8695584356,2871.33
2021年8月,屏東縣,食,580383,284427501,490.07
2021年8月,屏東縣,衣,50935,110127776,2162.12
2021年8月,屏東縣,住,89711,297112172,3311.88
2021年8月,屏東縣,行,502510,507022839,1008.98
2021年8月,屏東縣,文教康樂,332122,441365447,1328.93
2021年8月,屏東縣,百貨,657905,976861808,1484.81
2021年8月,屏東縣,其他,536355,1626945109,3033.34
2021年8月,基隆市,食,593046,256196529,432.0
2021年8月,基隆市,衣,43893,109614756,2497.32
2021年8月,基隆市,住,59133,197072289,3332.7
2021年8月,基隆市,行,342046,316248134,924.58
2021年8月,基隆市,文教康樂,280714,381103070,1357.62
2021年8月,基隆市,百貨,567233,726537041,1280.84
2021年8月,基隆市,其他,444387,1095194136,2464.51
2021年8月,宜蘭縣,食,486067,196245451,403.74
2021年8月,宜蘭縣,衣,35126,85867904,2444.57
2021年8月,宜蘭縣,住,58346,183430826,3143.85
2021年8月,宜蘭縣,行,296206,308641428,1041.98
2021年8月,宜蘭縣,文教康樂,234166,329509835,1407.16
2021年8月,宜蘭縣,百貨,502704,644657123,1282.38
2021年8月,宜蘭縣,其他,342612,927284836,2706.52
2021年8月,花蓮縣,食,355146,165454697,465.88
2021年8月,花蓮縣,衣,24269,56642974,2333.96
2021年8月,花蓮縣,住,38330,130205824,3396.97
2021年8月,花蓮縣,行,210005,213508563,1016.68
2021年8月,花蓮縣,文教康樂,157471,216774445,1376.6
2021年8月,花蓮縣,百貨,323983,452181457,1395.7
2021年8月,花蓮縣,其他,223873,652924326,2916.49
2021年8月,臺東縣,食,165246,74646339,451.73
2021年8月,臺東縣,衣,14549,29992980,2061.51
2021年8月,臺東縣,住,19257,63591937,3302.28
2021年8月,臺東縣,行,120669,120801624,1001.1
2021年8月,臺東縣,文教康樂,82189,106577049,1296.73
2021年8月,臺東縣,百貨,161420,223781642,1386.33
2021年8月,臺東縣,其他,109490,331736686,3029.84
2021年8月,澎湖縣,食,63907,26836589,419.93
2021年8月,澎湖縣,衣,6912,17011471,2461.15
2021年8月,澎湖縣,住,9723,28096161,2889.66
2021年8月,澎湖縣,行,48386,59501703,1229.73
2021年8月,澎湖縣,文教康樂,42036,56445746,1342.8
2021年8月,澎湖縣,百貨,71760,90650718,1263.25
2021年8月,澎湖縣,其他,49333,137976540,2796.84
2021年8月,金門縣,食,61600,42346518,687.44
2021年8月,金門縣,衣,5327,12978967,2436.45
2021年8月,金門縣,住,8480,25390558,2994.17
2021年8月,金門縣,行,30912,39511097,1278.18
2021年8月,金門縣,文教康樂,33797,45474985,1345.53
2021年8月,金門縣,百貨,78267,108287424,1383.56
2021年8月,金門縣,其他,43428,109187910,2514.23
2021年8月,連江縣,食,11119,5440277,489.28
2021年8月,連江縣,衣,810,1570181,1938.5
2021年8月,連江縣,住,1472,3408822,2315.78
2021年8月,連江縣,行,6343,8842098,1393.99
2021年8月,連江縣,文教康樂,6681,10164643,1521.43
2021年8月,連江縣,百貨,9079,14146438,1558.15
2021年8月,連江縣,其他,8100,21226480,2620.55
2021年9月,臺北市,食,8889411,4913217755,552.7
2021年9月,臺北市,衣,469124,1590520845,3390.41
2021年9月,臺北市,住,755463,3070772547,4064.76
2021年9月,臺北市,行,3952078,3146334171,796.12
2021年9月,臺北市,文教康樂,3446557,6812160352,1976.51
2021年9月,臺北市,百貨,6932992,10597332925,1528.54
2021年9月,臺北市,其他,4462755,13794645597,3091.06
2021年9月,新北市,食,9384658,4438023321,472.9
2021年9月,新北市,衣,575569,1436638244,2496.03
2021年9月,新北市,住,954935,3100785466,3247.12
2021年9月,新北市,行,4704235,4015372158,853.57
2021年9月,新北市,文教康樂,4152743,7372940785,1775.44
2021年9月,新北市,百貨,8420092,11255843854,1336.78
2021年9月,新北市,其他,5916576,15366563926,2597.21
2021年9月,桃園市,食,4237718,1884280569,444.65
2021年9月,桃園市,衣,242037,624735692,2581.16
2021年9月,桃園市,住,444422,1460511493,3286.32
2021年9月,桃園市,行,2305660,2323536657,1007.75
2021年9月,桃園市,文教康樂,1823292,3121901875,1712.23
2021年9月,桃園市,百貨,3703698,5611385012,1515.08
2021年9月,桃園市,其他,2698118,6969108108,2582.95
2021年9月,新竹縣,食,1224348,589935323,481.84
2021年9月,新竹縣,衣,68363,183976375,2691.17
2021年9月,新竹縣,住,128207,493732675,3851.06
2021年9月,新竹縣,行,629608,659970310,1048.22
2021年9月,新竹縣,文教康樂,498909,879392806,1762.63
2021年9月,新竹縣,百貨,1011683,1456709463,1439.89
2021年9月,新竹縣,其他,714567,1855419204,2596.56
2021年9月,新竹市,食,1209981,584031815,482.68
2021年9月,新竹市,衣,62510,170520051,2727.88
2021年9月,新竹市,住,124996,458366289,3667.05
2021年9月,新竹市,行,552608,538656448,974.75
2021年9月,新竹市,文教康樂,477811,904126412,1892.23
2021年9月,新竹市,百貨,1055044,1500647313,1422.36
2021年9月,新竹市,其他,681871,1807912575,2651.4
2021年9月,苗栗縣,食,613961,274505539,447.11
2021年9月,苗栗縣,衣,42982,102582752,2386.64
2021年9月,苗栗縣,住,71466,233051376,3261.01
2021年9月,苗栗縣,行,451983,457566846,1012.35
2021年9月,苗栗縣,文教康樂,298145,465125574,1560.06
2021年9月,苗栗縣,百貨,537041,776546459,1445.97
2021年9月,苗栗縣,其他,451654,1162066649,2572.91
2021年9月,臺中市,食,5378246,2767217884,514.52
2021年9月,臺中市,衣,344323,853473467,2478.7
2021年9月,臺中市,住,597048,1976969573,3311.24
2021年9月,臺中市,行,2968589,3015663561,1015.86
2021年9月,臺中市,文教康樂,2230306,4246905674,1904.18
2021年9月,臺中市,百貨,4668083,7813143122,1673.74
2021年9月,臺中市,其他,3242078,9249112229,2852.83
2021年9月,彰化縣,食,1187811,563871108,474.71
2021年9月,彰化縣,衣,103835,244101150,2350.86
2021年9月,彰化縣,住,149590,499145184,3336.76
2021年9月,彰化縣,行,903134,955968998,1058.5
2021年9月,彰化縣,文教康樂,566640,1052131169,1856.79
2021年9月,彰化縣,百貨,1092910,1714866424,1569.08
2021年9月,彰化縣,其他,931162,2570757037,2760.81
2021年9月,南投縣,食,397860,186287293,468.22
2021年9月,南投縣,衣,33514,73884174,2204.58
2021年9月,南投縣,住,49644,153749620,3097.04
2021年9月,南投縣,行,313517,333857996,1064.88
2021年9月,南投縣,文教康樂,196741,326861402,1661.38
2021年9月,南投縣,百貨,366204,541501691,1478.69
2021年9月,南投縣,其他,298351,822467796,2756.71
2021年9月,雲林縣,食,440408,203760098,462.66
2021年9月,雲林縣,衣,43429,98485695,2267.74
2021年9月,雲林縣,住,62156,196799303,3166.22
2021年9月,雲林縣,行,421759,431736537,1023.66
2021年9月,雲林縣,文教康樂,245698,486329917,1979.38
2021年9月,雲林縣,百貨,440707,647118235,1468.36
2021年9月,雲林縣,其他,380093,1049237922,2760.48
2021年9月,嘉義縣,食,299844,141830244,473.01
2021年9月,嘉義縣,衣,28637,66200134,2311.7
2021年9月,嘉義縣,住,42224,124868204,2957.28
2021年9月,嘉義縣,行,311543,303436374,973.98
2021年9月,嘉義縣,文教康樂,187715,291185208,1551.21
2021年9月,嘉義縣,百貨,341335,491388125,1439.61
2021年9月,嘉義縣,其他,277163,744744709,2687.03
2021年9月,嘉義市,食,340646,163193306,479.07
2021年9月,嘉義市,衣,26366,69743310,2645.2
2021年9月,嘉義市,住,43986,136048607,3093.0
2021年9月,嘉義市,行,225039,219684511,976.21
2021年9月,嘉義市,文教康樂,157831,273549874,1733.18
2021年9月,嘉義市,百貨,354344,520886828,1470.0
2021年9月,嘉義市,其他,253046,725530150,2867.19
2021年9月,臺南市,食,2358495,1120915235,475.27
2021年9月,臺南市,衣,181902,396313516,2178.72
2021年9月,臺南市,住,342125,1066432017,3117.08
2021年9月,臺南市,行,1669072,1590312640,952.81
2021年9月,臺南市,文教康樂,1153424,1865322831,1617.2
2021年9月,臺南市,百貨,2492139,3436623784,1378.99
2021年9月,臺南市,其他,1924589,5154771742,2678.38
2021年9月,高雄市,食,3890554,2081476596,535.01
2021年9月,高雄市,衣,281773,594321733,2109.22
2021年9月,高雄市,住,541483,1764213059,3258.11
2021年9月,高雄市,行,2544605,2441996628,959.68
2021年9月,高雄市,文教康樂,1918584,3106124283,1618.97
2021年9月,高雄市,百貨,4009918,5935952591,1480.32
2021年9月,高雄市,其他,2907369,8203866709,2821.75
2021年9月,屏東縣,食,560801,287857882,513.3
2021年9月,屏東縣,衣,48940,106525638,2176.66
2021年9月,屏東縣,住,85486,276841324,3238.44
2021年9月,屏東縣,行,515382,513318089,996.0
2021年9月,屏東縣,文教康樂,321583,484580105,1506.86
2021年9月,屏東縣,百貨,601711,874184545,1452.83
2021年9月,屏東縣,其他,516193,1547303992,2997.53
2021年9月,基隆市,食,546008,254297083,465.74
2021年9月,基隆市,衣,41030,103280143,2517.19
2021年9月,基隆市,住,59813,200478768,3351.76
2021年9月,基隆市,行,353552,319636009,904.07
2021年9月,基隆市,文教康樂,281810,448640467,1592.0
2021年9月,基隆市,百貨,537749,680723787,1265.88
2021年9月,基隆市,其他,428404,1000306476,2334.96
2021年9月,宜蘭縣,食,431432,187458069,434.5
2021年9月,宜蘭縣,衣,32783,78916846,2407.25
2021年9月,宜蘭縣,住,57889,183667056,3172.75
2021年9月,宜蘭縣,行,302426,303715196,1004.26
2021年9月,宜蘭縣,文教康樂,229676,367983325,1602.18
2021年9月,宜蘭縣,百貨,455434,596289048,1309.28
2021年9月,宜蘭縣,其他,332851,852029908,2559.79
2021年9月,花蓮縣,食,320409,161708229,504.69
2021年9月,花蓮縣,衣,21466,49496247,2305.8
2021年9月,花蓮縣,住,37514,126083907,3360.98
2021年9月,花蓮縣,行,212220,208299641,981.53
2021年9月,花蓮縣,文教康樂,156622,243305218,1553.45
2021年9月,花蓮縣,百貨,296447,383607435,1294.02
2021年9月,花蓮縣,其他,210265,622045373,2958.39
2021年9月,臺東縣,食,148713,70476485,473.91
2021年9月,臺東縣,衣,13598,29083491,2138.81
2021年9月,臺東縣,住,18600,63606938,3419.73
2021年9月,臺東縣,行,122248,117074521,957.68
2021年9月,臺東縣,文教康樂,80287,121405069,1512.14
2021年9月,臺東縣,百貨,148037,191748332,1295.27
2021年9月,臺東縣,其他,101202,317395057,3136.25
2021年9月,澎湖縣,食,60432,26702272,441.86
2021年9月,澎湖縣,衣,6484,16096173,2482.44
2021年9月,澎湖縣,住,9927,27922111,2812.74
2021年9月,澎湖縣,行,46335,54067131,1166.87
2021年9月,澎湖縣,文教康樂,41370,56562908,1367.24
2021年9月,澎湖縣,百貨,67158,86816619,1292.72
2021年9月,澎湖縣,其他,46134,137887297,2988.84
2021年9月,金門縣,食,56979,25886540,454.32
2021年9月,金門縣,衣,5125,11185601,2182.56
2021年9月,金門縣,住,8924,26692753,2991.12
2021年9月,金門縣,行,29982,36349339,1212.37
2021年9月,金門縣,文教康樂,33796,48112089,1423.6
2021年9月,金門縣,百貨,74010,108557581,1466.8
2021年9月,金門縣,其他,42205,107099244,2537.6
2021年9月,連江縣,食,10612,6784496,639.32
2021年9月,連江縣,衣,799,1688007,2112.65
2021年9月,連江縣,住,1458,3396900,2329.84
2021年9月,連江縣,行,5788,7225372,1248.34
2021年9月,連江縣,文教康樂,6308,10032616,1590.46
2021年9月,連江縣,百貨,8556,13460418,1573.21
2021年9月,連江縣,其他,7970,16883968,2118.44
2021年10月,臺北市,食,9664147,5594021658,578.84
2021年10月,臺北市,衣,535133,1751920083,3273.8
2021年10月,臺北市,住,787865,3646066843,4627.78
2021年10月,臺北市,行,4373207,3517088556,804.24
2021年10月,臺北市,文教康樂,3542542,6129786542,1730.34
2021年10月,臺北市,百貨,7432205,13212271694,1777.71
2021年10月,臺北市,其他,4485506,13332015998,2972.24
2021年10月,新北市,食,10287409,5000943624,486.12
2021年10月,新北市,衣,673961,1734969402,2574.29
2021年10月,新北市,住,991812,3662314896,3692.55
2021年10月,新北市,行,5181916,4486073012,865.72
2021年10月,新北市,文教康樂,4227932,6355819522,1503.29
2021年10月,新北市,百貨,9086356,14217727439,1564.73
2021年10月,新北市,其他,5882833,14671975768,2494.03
2021年10月,桃園市,食,4566736,2086404700,456.87
2021年10月,桃園市,衣,285580,732512802,2565.0
2021年10月,桃園市,住,462673,1725263765,3728.91
2021年10月,桃園市,行,2563545,2624662345,1023.84
2021年10月,桃園市,文教康樂,1866372,2842367610,1522.94
2021年10月,桃園市,百貨,3961827,6524701225,1646.89
2021年10月,桃園市,其他,2704945,6603253564,2441.18
2021年10月,新竹縣,食,1323009,656390825,496.13
2021年10月,新竹縣,衣,79180,215319338,2719.37
2021年10月,新竹縣,住,131337,550087160,4188.36
2021年10月,新竹縣,行,711511,756825912,1063.69
2021年10月,新竹縣,文教康樂,505003,835746029,1654.93
2021年10月,新竹縣,百貨,1073069,1734793371,1616.67
2021年10月,新竹縣,其他,714667,1754913509,2455.57
2021年10月,新竹市,食,1304687,635650969,487.21
2021年10月,新竹市,衣,70278,188777144,2686.15
2021年10月,新竹市,住,125944,512180839,4066.73
2021年10月,新竹市,行,621414,597886134,962.14
2021年10月,新竹市,文教康樂,473059,823365531,1740.51
2021年10月,新竹市,百貨,1117937,1807323656,1616.66
2021年10月,新竹市,其他,686374,1704036722,2482.67
2021年10月,苗栗縣,食,661592,298628896,451.38
2021年10月,苗栗縣,衣,50066,125249858,2501.69
2021年10月,苗栗縣,住,74493,275418102,3697.23
2021年10月,苗栗縣,行,504982,501701754,993.5
2021年10月,苗栗縣,文教康樂,300391,442048411,1471.58
2021年10月,苗栗縣,百貨,573248,878425096,1532.36
2021年10月,苗栗縣,其他,454696,1070722907,2354.81
2021年10月,臺中市,食,5773810,3025649702,524.03
2021年10月,臺中市,衣,391132,1013358474,2590.83
2021年10月,臺中市,住,619571,2369809356,3824.92
2021年10月,臺中市,行,3330985,3341123452,1003.04
2021年10月,臺中市,文教康樂,2260427,3706639366,1639.8
2021年10月,臺中市,百貨,4937963,8572126842,1735.96
2021年10月,臺中市,其他,3268374,8883337189,2717.97
2021年10月,彰化縣,食,1294135,620169687,479.22
2021年10月,彰化縣,衣,116657,281389920,2412.11
2021年10月,彰化縣,住,156170,584236779,3741.03
2021年10月,彰化縣,行,1014503,1070507913,1055.2
2021年10月,彰化縣,文教康樂,573653,895263911,1560.64
2021年10月,彰化縣,百貨,1165113,1927724655,1654.54
2021年10月,彰化縣,其他,947621,2439389078,2574.22
2021年10月,南投縣,食,435145,203866253,468.5
2021年10月,南投縣,衣,37203,83680897,2249.31
2021年10月,南投縣,住,52492,187598133,3573.84
2021年10月,南投縣,行,352667,375270761,1064.09
2021年10月,南投縣,文教康樂,202137,298777525,1478.09
2021年10月,南投縣,百貨,389661,589771640,1513.55
2021年10月,南投縣,其他,299494,777902393,2597.39
2021年10月,雲林縣,食,483421,224951376,465.33
2021年10月,雲林縣,衣,49598,113185733,2282.06
2021年10月,雲林縣,住,66439,230335270,3466.87
2021年10月,雲林縣,行,473160,480151367,1014.78
2021年10月,雲林縣,文教康樂,249388,363586593,1457.92
2021年10月,雲林縣,百貨,470974,744983590,1581.79
2021年10月,雲林縣,其他,385069,997211404,2589.7
2021年10月,嘉義縣,食,334146,170065290,508.96
2021年10月,嘉義縣,衣,32206,74433783,2311.18
2021年10月,嘉義縣,住,44250,149664643,3382.25
2021年10月,嘉義縣,行,350680,338429544,965.07
2021年10月,嘉義縣,文教康樂,197410,274653295,1391.28
2021年10月,嘉義縣,百貨,369022,618250648,1675.38
2021年10月,嘉義縣,其他,282144,715755967,2536.85
2021年10月,嘉義市,食,373659,175157333,468.76
2021年10月,嘉義市,衣,29611,77371850,2612.94
2021年10月,嘉義市,住,45781,164810789,3599.98
2021年10月,嘉義市,行,255698,245808907,961.33
2021年10月,嘉義市,文教康樂,159053,229453026,1442.62
2021年10月,嘉義市,百貨,382495,686868437,1795.76
2021年10月,嘉義市,其他,256078,696068356,2718.19
2021年10月,臺南市,食,2547125,1237595245,485.88
2021年10月,臺南市,衣,203637,460517204,2261.46
2021年10月,臺南市,住,349990,1199000457,3425.81
2021年10月,臺南市,行,1868467,1806566306,966.87
2021年10月,臺南市,文教康樂,1162116,1725471914,1484.77
2021年10月,臺南市,百貨,2667563,3994913734,1497.59
2021年10月,臺南市,其他,1946922,4757521251,2443.61
2021年10月,高雄市,食,4187557,2213187768,528.52
2021年10月,高雄市,衣,307065,663727430,2161.52
2021年10月,高雄市,住,550707,2031690880,3689.24
2021年10月,高雄市,行,2868243,2789081916,972.4
2021年10月,高雄市,文教康樂,1920312,2683907108,1397.64
2021年10月,高雄市,百貨,4381770,7278871242,1661.17
2021年10月,高雄市,其他,2905288,7630862372,2626.54
2021年10月,屏東縣,食,605020,302114653,499.35
2021年10月,屏東縣,衣,52316,115063466,2199.39
2021年10月,屏東縣,住,86889,303983539,3498.53
2021年10月,屏東縣,行,576092,584829641,1015.17
2021年10月,屏東縣,文教康樂,322092,449674098,1396.1
2021年10月,屏東縣,百貨,655441,1145026078,1746.96
2021年10月,屏東縣,其他,516824,1449575232,2804.78
2021年10月,基隆市,食,600439,282744533,470.9
2021年10月,基隆市,衣,47499,124722444,2625.79
2021年10月,基隆市,住,63076,241808651,3833.61
2021年10月,基隆市,行,383775,362862749,945.51
2021年10月,基隆市,文教康樂,289905,386285526,1332.46
2021年10月,基隆市,百貨,574844,864269286,1503.48
2021年10月,基隆市,其他,427395,959503956,2245.01
2021年10月,宜蘭縣,食,480840,207804690,432.17
2021年10月,宜蘭縣,衣,38384,95490836,2487.78
2021年10月,宜蘭縣,住,61726,224560135,3638.02
2021年10月,宜蘭縣,行,335640,342758254,1021.21
2021年10月,宜蘭縣,文教康樂,230806,306620729,1328.48
2021年10月,宜蘭縣,百貨,482515,670867673,1390.36
2021年10月,宜蘭縣,其他,331310,827041474,2496.28
2021年10月,花蓮縣,食,341980,178658435,522.42
2021年10月,花蓮縣,衣,25614,62432297,2437.43
2021年10月,花蓮縣,住,41304,153288086,3711.22
2021年10月,花蓮縣,行,236688,228841923,966.85
2021年10月,花蓮縣,文教康樂,159494,213846893,1340.78
2021年10月,花蓮縣,百貨,317862,515468087,1621.67
2021年10月,花蓮縣,其他,201089,617477950,3070.67
2021年10月,臺東縣,食,160685,75707653,471.16
2021年10月,臺東縣,衣,15299,33159885,2167.45
2021年10月,臺東縣,住,20401,75087916,3680.6
2021年10月,臺東縣,行,135898,135050428,993.76
2021年10月,臺東縣,文教康樂,82031,103760225,1264.89
2021年10月,臺東縣,百貨,150611,211637501,1405.19
2021年10月,臺東縣,其他,100214,302057737,3014.13
2021年10月,澎湖縣,食,66803,30567609,457.58
2021年10月,澎湖縣,衣,7542,18663824,2474.65
2021年10月,澎湖縣,住,10484,32434022,3093.67
2021年10月,澎湖縣,行,54003,65451560,1212.0
2021年10月,澎湖縣,文教康樂,41391,51664427,1248.2
2021年10月,澎湖縣,百貨,71004,92821834,1307.28
2021年10月,澎湖縣,其他,45867,126066671,2748.53
2021年10月,金門縣,食,60798,28430016,467.61
2021年10月,金門縣,衣,5780,13810214,2389.31
2021年10月,金門縣,住,8777,31168098,3551.11
2021年10月,金門縣,行,34154,44906643,1314.83
2021年10月,金門縣,文教康樂,34038,40420777,1187.52
2021年10月,金門縣,百貨,68841,114362437,1661.25
2021年10月,金門縣,其他,39665,97486897,2457.76
2021年10月,連江縣,食,11216,5880787,524.32
2021年10月,連江縣,衣,996,2356524,2365.99
2021年10月,連江縣,住,1640,4797938,2925.57
2021年10月,連江縣,行,7266,11348013,1561.8
2021年10月,連江縣,文教康樂,6288,8854808,1408.21
2021年10月,連江縣,百貨,9335,16536797,1771.48
2021年10月,連江縣,其他,7229,15947201,2206.0
2021年11月,臺北市,食,9313882,5566914634,597.7
2021年11月,臺北市,衣,598826,2086056768,3483.58
2021年11月,臺北市,住,851460,4158595690,4884.08
2021年11月,臺北市,行,4340838,3606815158,830.9
2021年11月,臺北市,文教康樂,3689832,6798226293,1842.42
2021年11月,臺北市,百貨,7577479,14456283759,1907.8
2021年11月,臺北市,其他,4639984,16229596931,3497.77
2021年11月,新北市,食,9879428,5009242579,507.04
2021年11月,新北市,衣,749464,2015441275,2689.18
2021年11月,新北市,住,1063299,3926357062,3692.62
2021年11月,新北市,行,5097084,4667170635,915.66
2021年11月,新北市,文教康樂,4460972,6709981022,1504.15
2021年11月,新北市,百貨,9302518,15388054653,1654.18
2021年11月,新北市,其他,6151679,17435907926,2834.33
2021年11月,桃園市,食,4393094,2082386170,474.01
2021年11月,桃園市,衣,318289,863271094,2712.22
2021年11月,桃園市,住,490081,1753198608,3577.36
2021年11月,桃園市,行,2486381,2682681432,1078.95
2021年11月,桃園市,文教康樂,1974019,2879136372,1458.52
2021年11月,桃園市,百貨,4103972,7493254696,1825.85
2021年11月,桃園市,其他,2800774,7724474043,2757.98
2021年11月,新竹縣,食,1264906,641877882,507.45
2021年11月,新竹縣,衣,87302,249654542,2859.67
2021年11月,新竹縣,住,140132,572061926,4082.31
2021年11月,新竹縣,行,676766,761030911,1124.51
2021年11月,新竹縣,文教康樂,529707,824428607,1556.39
2021年11月,新竹縣,百貨,1100047,1856923515,1688.04
2021年11月,新竹縣,其他,748804,2087358826,2787.59
2021年11月,新竹市,食,1238305,625210201,504.89
2021年11月,新竹市,衣,78911,236259945,2994.01
2021年11月,新竹市,住,136442,535261165,3922.99
2021年11月,新竹市,行,602833,613629674,1017.91
2021年11月,新竹市,文教康樂,507352,825866655,1627.8
2021年11月,新竹市,百貨,1142532,1918950035,1679.56
2021年11月,新竹市,其他,724572,2092937350,2888.52
2021年11月,苗栗縣,食,640436,296313115,462.67
2021年11月,苗栗縣,衣,54657,141980461,2597.66
2021年11月,苗栗縣,住,79560,276836992,3479.6
2021年11月,苗栗縣,行,483200,503212142,1041.42
2021年11月,苗栗縣,文教康樂,318878,433441670,1359.27
2021年11月,苗栗縣,百貨,578678,914636040,1580.56
2021年11月,苗栗縣,其他,475577,1267204528,2664.56
2021年11月,臺中市,食,5526525,3005742703,543.88
2021年11月,臺中市,衣,439832,1233353857,2804.15
2021年11月,臺中市,住,651294,2487089211,3818.69
2021年11月,臺中市,行,3263828,3410111447,1044.82
2021年11月,臺中市,文教康樂,2375241,3813683371,1605.6
2021年11月,臺中市,百貨,4954258,7967115956,1608.14
2021年11月,臺中市,其他,3394945,10525881825,3100.46
2021年11月,彰化縣,食,1241734,614356799,494.76
2021年11月,彰化縣,衣,127404,326588788,2563.41
2021年11月,彰化縣,住,164935,567940820,3443.42
2021年11月,彰化縣,行,967663,1082125055,1118.29
2021年11月,彰化縣,文教康樂,601817,911194209,1514.07
2021年11月,彰化縣,百貨,1172084,1864989842,1591.17
2021年11月,彰化縣,其他,978155,2957659836,3023.71
2021年11月,南投縣,食,414977,198260365,477.76
2021年11月,南投縣,衣,42510,100827090,2371.84
2021年11月,南投縣,住,55668,191581192,3441.5
2021年11月,南投縣,行,336784,374006122,1110.52
2021年11月,南投縣,文教康樂,211375,296975997,1404.97
2021年11月,南投縣,百貨,390739,596682007,1527.06
2021年11月,南投縣,其他,309148,923205980,2986.29
2021年11月,雲林縣,食,464590,233264478,502.09
2021年11月,雲林縣,衣,55225,134532335,2436.08
2021年11月,雲林縣,住,72831,226538516,3110.47
2021年11月,雲林縣,行,448006,474523741,1059.19
2021年11月,雲林縣,文教康樂,259738,349757838,1346.58
2021年11月,雲林縣,百貨,475595,771149313,1621.44
2021年11月,雲林縣,其他,394129,1156132348,2933.39
2021年11月,嘉義縣,食,325305,158087685,485.97
2021年11月,嘉義縣,衣,36247,86484873,2385.99
2021年11月,嘉義縣,住,47657,152440171,3198.69
2021年11月,嘉義縣,行,333568,338492938,1014.76
2021年11月,嘉義縣,文教康樂,204662,274359662,1340.55
2021年11月,嘉義縣,百貨,371786,631516613,1698.6
2021年11月,嘉義縣,其他,290231,824701177,2841.53
2021年11月,嘉義市,食,356306,175572058,492.76
2021年11月,嘉義市,衣,33127,90382918,2728.38
2021年11月,嘉義市,住,48352,174291170,3604.63
2021年11月,嘉義市,行,247085,251001551,1015.85
2021年11月,嘉義市,文教康樂,166000,240453568,1448.52
2021年11月,嘉義市,百貨,386783,666399069,1722.93
2021年11月,嘉義市,其他,265225,839786258,3166.32
2021年11月,臺南市,食,2452852,1215036603,495.36
2021年11月,臺南市,衣,225100,544044944,2416.9
2021年11月,臺南市,住,371419,1255558057,3380.44
2021年11月,臺南市,行,1804631,1792790223,993.44
2021年11月,臺南市,文教康樂,1227119,1800107851,1466.94
2021年11月,臺南市,百貨,2862226,6153050600,2149.74
2021年11月,臺南市,其他,2024029,6021445770,2974.98
2021年11月,高雄市,食,4017202,2203328893,548.47
2021年11月,高雄市,衣,344284,785402017,2281.26
2021年11月,高雄市,住,582871,2039223271,3498.58
2021年11月,高雄市,行,2813859,2811234580,999.07
2021年11月,高雄市,文教康樂,2024418,2863909843,1414.68
2021年11月,高雄市,百貨,4427495,7616908755,1720.37
2021年11月,高雄市,其他,3053463,9582077396,3138.1
2021年11月,屏東縣,食,580940,297548439,512.18
2021年11月,屏東縣,衣,59541,138085396,2319.16
2021年11月,屏東縣,住,92542,322881478,3489.03
2021年11月,屏東縣,行,555992,590917010,1062.82
2021年11月,屏東縣,文教康樂,338111,447609769,1323.85
2021年11月,屏東縣,百貨,646967,1075955073,1663.08
2021年11月,屏東縣,其他,537323,1708639192,3179.91
2021年11月,基隆市,食,585574,287277119,490.59
2021年11月,基隆市,衣,51949,141784205,2729.3
2021年11月,基隆市,住,68306,264552214,3873.05
2021年11月,基隆市,行,377435,356849171,945.46
2021年11月,基隆市,文教康樂,299234,395563757,1321.92
2021年11月,基隆市,百貨,592579,937584633,1582.21
2021年11月,基隆市,其他,449464,1121157052,2494.43
2021年11月,宜蘭縣,食,464992,208060577,447.45
2021年11月,宜蘭縣,衣,42610,111932540,2626.91
2021年11月,宜蘭縣,住,66021,243943676,3694.94
2021年11月,宜蘭縣,行,322667,339430781,1051.95
2021年11月,宜蘭縣,文教康樂,241075,323080316,1340.17
2021年11月,宜蘭縣,百貨,500776,771793499,1541.2
2021年11月,宜蘭縣,其他,347571,970420416,2792.01
2021年11月,花蓮縣,食,334658,180627831,539.74
2021年11月,花蓮縣,衣,29011,72726108,2506.85
2021年11月,花蓮縣,住,47491,173985873,3663.55
2021年11月,花蓮縣,行,235559,230783213,979.73
2021年11月,花蓮縣,文教康樂,166450,217880690,1308.99
2021年11月,花蓮縣,百貨,317727,479974534,1510.65
2021年11月,花蓮縣,其他,217647,683437674,3140.12
2021年11月,臺東縣,食,152381,76447302,501.69
2021年11月,臺東縣,衣,17032,40607357,2384.18
2021年11月,臺東縣,住,22866,78282758,3423.54
2021年11月,臺東縣,行,134588,132317981,983.13
2021年11月,臺東縣,文教康樂,85883,110906363,1291.37
2021年11月,臺東縣,百貨,151796,226051477,1489.18
2021年11月,臺東縣,其他,104347,359721088,3447.35
2021年11月,澎湖縣,食,65737,32206863,489.94
2021年11月,澎湖縣,衣,8417,21995822,2613.26
2021年11月,澎湖縣,住,12057,42192897,3499.45
2021年11月,澎湖縣,行,60916,88235669,1448.48
2021年11月,澎湖縣,文教康樂,44910,59490721,1324.67
2021年11月,澎湖縣,百貨,71880,103837564,1444.6
2021年11月,澎湖縣,其他,47220,149110054,3157.77
2021年11月,金門縣,食,61365,58229885,948.91
2021年11月,金門縣,衣,7015,16552285,2359.56
2021年11月,金門縣,住,10882,44558072,4094.66
2021年11月,金門縣,行,37582,54752953,1456.89
2021年11月,金門縣,文教康樂,38600,46219836,1197.41
2021年11月,金門縣,百貨,71960,117135488,1627.79
2021年11月,金門縣,其他,41396,118348960,2858.95
2021年11月,連江縣,食,10339,5992123,579.57
2021年11月,連江縣,衣,1133,2692162,2376.14
2021年11月,連江縣,住,1783,4790270,2686.63
2021年11月,連江縣,行,7322,11572671,1580.53
2021年11月,連江縣,文教康樂,6806,9669548,1420.74
2021年11月,連江縣,百貨,9701,18437126,1900.54
2021年11月,連江縣,其他,7979,20240738,2536.75
2021年12月,臺北市,食,9937749,6523017504,656.39
2021年12月,臺北市,衣,610910,2126239821,3480.45
2021年12月,臺北市,住,844398,3929173980,4653.23
2021年12月,臺北市,行,4683816,3742294232,798.98
2021年12月,臺北市,文教康樂,3921128,6323655750,1612.71
2021年12月,臺北市,百貨,7514588,12233225025,1627.93
2021年12月,臺北市,其他,4575041,18502910815,4044.32
2021年12月,新北市,食,10531845,5856965743,556.12
2021年12月,新北市,衣,762665,2080469748,2727.89
2021年12月,新北市,住,1035023,3587708119,3466.31
2021年12月,新北市,行,5494650,4784802998,870.81
2021年12月,新北市,文教康樂,4601680,6341009814,1377.98
2021年12月,新北市,百貨,9185387,13184176716,1435.34
2021年12月,新北市,其他,6078941,19680038324,3237.41
2021年12月,桃園市,食,4706874,2394674226,508.76
2021年12月,桃園市,衣,326127,903901646,2771.62
2021年12月,桃園市,住,476585,1628585755,3417.2
2021年12月,桃園市,行,2693207,2791548074,1036.51
2021年12月,桃園市,文教康樂,2050755,2723456137,1328.03
2021年12月,桃園市,百貨,4059453,6339205347,1561.59
2021年12月,桃園市,其他,2752759,8479467029,3080.35
2021年12月,新竹縣,食,1348538,755605710,560.31
2021年12月,新竹縣,衣,86223,254747528,2954.52
2021年12月,新竹縣,住,134931,551050489,4083.94
2021年12月,新竹縣,行,738398,799511485,1082.76
2021年12月,新竹縣,文教康樂,535890,798312700,1489.7
2021年12月,新竹縣,百貨,1157025,2086482840,1803.32
2021年12月,新竹縣,其他,739911,2307854194,3119.1
2021年12月,新竹市,食,1321531,737993608,558.44
2021年12月,新竹市,衣,78317,224774299,2870.06
2021年12月,新竹市,住,132860,530179066,3990.51
2021年12月,新竹市,行,658588,669607579,1016.73
2021年12月,新竹市,文教康樂,515015,784885549,1524.01
2021年12月,新竹市,百貨,1222160,2243922151,1836.03
2021年12月,新竹市,其他,708922,2261703049,3190.34
2021年12月,苗栗縣,食,681371,342732108,503.0
2021年12月,苗栗縣,衣,55872,145382117,2602.06
2021年12月,苗栗縣,住,77048,253556595,3290.89
2021年12月,苗栗縣,行,522841,547189243,1046.57
2021年12月,苗栗縣,文教康樂,357778,424367936,1186.12
2021年12月,苗栗縣,百貨,596594,963690540,1615.32
2021年12月,苗栗縣,其他,465269,1344339895,2889.38
2021年12月,臺中市,食,5873010,3501717409,596.24
2021年12月,臺中市,衣,456321,1281091162,2807.43
2021年12月,臺中市,住,646404,2303676349,3563.83
2021年12月,臺中市,行,3552508,3655295157,1028.93
2021年12月,臺中市,文教康樂,2433126,3755265773,1543.39
2021年12月,臺中市,百貨,5048938,7987996386,1582.11
2021年12月,臺中市,其他,3390863,11519936886,3397.35
2021年12月,彰化縣,食,1313195,699680916,532.81
2021年12月,彰化縣,衣,135495,348301943,2570.59
2021年12月,彰化縣,住,163607,535175880,3271.11
2021年12月,彰化縣,行,1048477,1168159680,1114.15
2021年12月,彰化縣,文教康樂,606649,857031113,1412.73
2021年12月,彰化縣,百貨,1167154,1775669746,1521.37
2021年12月,彰化縣,其他,968775,3161953587,3263.87
2021年12月,南投縣,食,438003,227770149,520.02
2021年12月,南投縣,衣,43841,106763668,2435.25
2021年12月,南投縣,住,55181,177783404,3221.82
2021年12月,南投縣,行,364029,405738813,1114.58
2021年12月,南投縣,文教康樂,212459,276691054,1302.33
2021年12月,南投縣,百貨,391273,565855565,1446.19
2021年12月,南投縣,其他,306676,990440144,3229.6
2021年12月,雲林縣,食,492772,255807174,519.12
2021年12月,雲林縣,衣,57464,142184983,2474.33
2021年12月,雲林縣,住,71521,220342482,3080.81
2021年12月,雲林縣,行,483357,498748655,1031.84
2021年12月,雲林縣,文教康樂,261268,322420995,1234.06
2021年12月,雲林縣,百貨,472095,690138716,1461.86
2021年12月,雲林縣,其他,390154,1263492925,3238.45
2021年12月,嘉義縣,食,341260,181986530,533.28
2021年12月,嘉義縣,衣,37063,88968621,2400.47
2021年12月,嘉義縣,住,45862,142989103,3117.81
2021年12月,嘉義縣,行,360181,352842488,979.63
2021年12月,嘉義縣,文教康樂,230781,240912120,1043.9
2021年12月,嘉義縣,百貨,367052,553686946,1508.47
2021年12月,嘉義縣,其他,285357,936399530,3281.5
2021年12月,嘉義市,食,375983,202094780,537.51
2021年12月,嘉義市,衣,34561,94690356,2739.8
2021年12月,嘉義市,住,47457,166665530,3511.93
2021年12月,嘉義市,行,267351,255187030,954.5
2021年12月,嘉義市,文教康樂,166437,223697306,1344.04
2021年12月,嘉義市,百貨,382010,584671396,1530.51
2021年12月,嘉義市,其他,261756,932903425,3564.02
2021年12月,臺南市,食,2597474,1394071282,536.7
2021年12月,臺南市,衣,238851,582072123,2436.97
2021年12月,臺南市,住,366297,1197892546,3270.28
2021年12月,臺南市,行,1954163,1904531362,974.6
2021年12月,臺南市,文教康樂,1251412,1677671786,1340.62
2021年12月,臺南市,百貨,2712410,3955489066,1458.29
2021年12月,臺南市,其他,2008449,6306978137,3140.22
2021年12月,高雄市,食,4300516,2568170315,597.18
2021年12月,高雄市,衣,361553,852366909,2357.52
2021年12月,高雄市,住,576542,2012474957,3490.6
2021年12月,高雄市,行,3036590,2977267994,980.46
2021年12月,高雄市,文教康樂,2055100,2725326294,1326.13
2021年12月,高雄市,百貨,4392752,6707523626,1526.95
2021年12月,高雄市,其他,3004128,10194720470,3393.57
2021年12月,屏東縣,食,613402,338793801,552.32
2021年12月,屏東縣,衣,62045,149069978,2402.61
2021年12月,屏東縣,住,91418,302271944,3306.48
2021年12月,屏東縣,行,599426,616602992,1028.66
2021年12月,屏東縣,文教康樂,343859,424924472,1235.75
2021年12月,屏東縣,百貨,649664,976344281,1502.84
2021年12月,屏東縣,其他,526132,1852941901,3521.82
2021年12月,基隆市,食,618122,331059094,535.59
2021年12月,基隆市,衣,52075,143746554,2760.38
2021年12月,基隆市,住,65493,225002236,3435.52
2021年12月,基隆市,行,406479,366153643,900.79
2021年12月,基隆市,文教康樂,308217,386232678,1253.12
2021年12月,基隆市,百貨,580907,787786056,1356.13
2021年12月,基隆市,其他,447693,1271753580,2840.68
2021年12月,宜蘭縣,食,485472,240484610,495.36
2021年12月,宜蘭縣,衣,43313,116072369,2679.85
2021年12月,宜蘭縣,住,64041,222148375,3468.85
2021年12月,宜蘭縣,行,348462,353123032,1013.38
2021年12月,宜蘭縣,文教康樂,247948,310083413,1250.6
2021年12月,宜蘭縣,百貨,494182,670220662,1356.22
2021年12月,宜蘭縣,其他,338027,1122309628,3320.18
2021年12月,花蓮縣,食,352197,209081490,593.65
2021年12月,花蓮縣,衣,29746,77763107,2614.24
2021年12月,花蓮縣,住,47121,163169886,3462.78
2021年12月,花蓮縣,行,258755,246202920,951.49
2021年12月,花蓮縣,文教康樂,168478,211993353,1258.29
2021年12月,花蓮縣,百貨,315816,430762555,1363.97
2021年12月,花蓮縣,其他,212375,729022834,3432.71
2021年12月,臺東縣,食,163087,86343062,529.43
2021年12月,臺東縣,衣,18290,42038355,2298.43
2021年12月,臺東縣,住,22152,74327496,3355.34
2021年12月,臺東縣,行,146369,138780343,948.15
2021年12月,臺東縣,文教康樂,88287,108864382,1233.07
2021年12月,臺東縣,百貨,154632,218238891,1411.34
2021年12月,臺東縣,其他,102124,375439711,3676.31
2021年12月,澎湖縣,食,67738,36347608,536.59
2021年12月,澎湖縣,衣,8973,23509797,2620.06
2021年12月,澎湖縣,住,11956,43278310,3619.8
2021年12月,澎湖縣,行,57464,74191371,1291.09
2021年12月,澎湖縣,文教康樂,44260,58028897,1311.09
2021年12月,澎湖縣,百貨,73004,104013947,1424.77
2021年12月,澎湖縣,其他,46711,157453321,3370.8
2021年12月,金門縣,食,64308,44569721,693.07
2021年12月,金門縣,衣,7365,17127648,2325.55
2021年12月,金門縣,住,11064,43260722,3910.04
2021年12月,金門縣,行,42075,62435302,1483.9
2021年12月,金門縣,文教康樂,37141,62176956,1674.08
2021年12月,金門縣,百貨,76443,131754018,1723.56
2021年12月,金門縣,其他,40595,127970804,3152.38
2021年12月,連江縣,食,10387,12895891,1241.54
2021年12月,連江縣,衣,1030,2385553,2316.07
2021年12月,連江縣,住,1642,4590585,2795.73
2021年12月,連江縣,行,8658,14162020,1635.71
2021年12月,連江縣,文教康樂,6295,7942625,1261.74
2021年12月,連江縣,百貨,9052,15636730,1727.43
2021年12月,連江縣,其他,7626,20182078,2646.48
2022年1月,臺北市,食,9843960,6594801986,669.93
2022年1月,臺北市,衣,567716,2004366835,3530.58
2022年1月,臺北市,住,783136,3639779325,4647.7
2022年1月,臺北市,行,4365618,3562717962,816.09
2022年1月,臺北市,文教康樂,3782098,6674606586,1764.79
2022年1月,臺北市,百貨,7417086,12626993164,1702.42
2022年1月,臺北市,其他,4445089,14679921428,3302.5
2022年1月,新北市,食,10429516,5863513260,562.2
2022年1月,新北市,衣,736586,2052885889,2787.03
2022年1月,新北市,住,988064,3520352658,3562.88
2022年1月,新北市,行,5189103,4576699218,881.98
2022年1月,新北市,文教康樂,4533475,6775091607,1494.46
2022年1月,新北市,百貨,9153839,14066215931,1536.65
2022年1月,新北市,其他,5971729,15954339347,2671.64
2022年1月,桃園市,食,4708430,2400169335,509.76
2022年1月,桃園市,衣,301209,876685513,2910.56
2022年1月,桃園市,住,453130,1602076220,3535.58
2022年1月,桃園市,行,2488553,2643115406,1062.11
2022年1月,桃園市,文教康樂,2023286,2916656544,1441.54
2022年1月,桃園市,百貨,3906586,6676176264,1708.95
2022年1月,桃園市,其他,2742229,6990293828,2549.13
2022年1月,新竹縣,食,1349498,758373439,561.97
2022年1月,新竹縣,衣,78598,240587353,3060.99
2022年1月,新竹縣,住,127134,530540225,4173.08
2022年1月,新竹縣,行,668002,744620506,1114.7
2022年1月,新竹縣,文教康樂,529405,816164326,1541.66
2022年1月,新竹縣,百貨,1086017,1863212229,1715.64
2022年1月,新竹縣,其他,722943,1879241068,2599.43
2022年1月,新竹市,食,1313257,738993959,562.72
2022年1月,新竹市,衣,71235,212251552,2979.6
2022年1月,新竹市,住,124377,509583849,4097.09
2022年1月,新竹市,行,595806,613674734,1029.99
2022年1月,新竹市,文教康樂,502811,796286357,1583.67
2022年1月,新竹市,百貨,1114174,1839950550,1651.4
2022年1月,新竹市,其他,694075,1913209044,2756.49
2022年1月,苗栗縣,食,687866,363852125,528.96
2022年1月,苗栗縣,衣,54522,150425763,2758.99
2022年1月,苗栗縣,住,74303,269206584,3623.09
2022年1月,苗栗縣,行,485577,517666868,1066.09
2022年1月,苗栗縣,文教康樂,330958,430787760,1301.64
2022年1月,苗栗縣,百貨,579883,958624213,1653.13
2022年1月,苗栗縣,其他,452210,1101653337,2436.15
2022年1月,臺中市,食,5929096,3733763004,629.74
2022年1月,臺中市,衣,439917,1248971119,2839.11
2022年1月,臺中市,住,612042,2234296220,3650.56
2022年1月,臺中市,行,3319868,3577079992,1077.48
2022年1月,臺中市,文教康樂,2379874,3852884585,1618.94
2022年1月,臺中市,百貨,5049877,8686214286,1720.08
2022年1月,臺中市,其他,3252779,9752566487,2998.23
2022年1月,彰化縣,食,1321741,743935325,562.85
2022年1月,彰化縣,衣,137324,381103637,2775.22
2022年1月,彰化縣,住,152893,541401426,3541.05
2022年1月,彰化縣,行,976154,1136329692,1164.09
2022年1月,彰化縣,文教康樂,607552,882968530,1453.32
2022年1月,彰化縣,百貨,1168290,1922044109,1645.18
2022年1月,彰化縣,其他,924876,2546468612,2753.31
2022年1月,南投縣,食,441797,244570431,553.58
2022年1月,南投縣,衣,44400,116116086,2615.23
2022年1月,南投縣,住,50902,180965700,3555.18
2022年1月,南投縣,行,341925,386753323,1131.11
2022年1月,南投縣,文教康樂,214533,291188776,1357.31
2022年1月,南投縣,百貨,391470,619039226,1581.32
2022年1月,南投縣,其他,298453,828965100,2777.54
2022年1月,雲林縣,食,493330,262728183,532.56
2022年1月,雲林縣,衣,55056,145608689,2644.74
2022年1月,雲林縣,住,64223,223935578,3486.84
2022年1月,雲林縣,行,454907,498336491,1095.47
2022年1月,雲林縣,文教康樂,268109,362434273,1351.82
2022年1月,雲林縣,百貨,471870,773026599,1638.22
2022年1月,雲林縣,其他,377513,1047067762,2773.59
2022年1月,嘉義縣,食,336414,187147699,556.3
2022年1月,嘉義縣,衣,35087,91703895,2613.61
2022年1月,嘉義縣,住,42188,147253551,3490.41
2022年1月,嘉義縣,行,338428,357264102,1055.66
2022年1月,嘉義縣,文教康樂,205000,261807364,1277.11
2022年1月,嘉義縣,百貨,370201,614510539,1659.94
2022年1月,嘉義縣,其他,275428,732190920,2658.38
2022年1月,嘉義市,食,375491,217404242,578.99
2022年1月,嘉義市,衣,32910,92044210,2796.85
2022年1月,嘉義市,住,45032,166872774,3705.65
2022年1月,嘉義市,行,245717,251869170,1025.04
2022年1月,嘉義市,文教康樂,166146,239574089,1441.95
2022年1月,嘉義市,百貨,385271,645792571,1676.2
2022年1月,嘉義市,其他,252420,731768157,2899.01
2022年1月,臺南市,食,2580987,1459499183,565.48
2022年1月,臺南市,衣,221098,571720957,2585.83
2022年1月,臺南市,住,343814,1195400771,3476.88
2022年1月,臺南市,行,1824474,1850770816,1014.41
2022年1月,臺南市,文教康樂,1244158,1708261449,1373.03
2022年1月,臺南市,百貨,2714732,4470819361,1646.87
2022年1月,臺南市,其他,1940796,5258946574,2709.69
2022年1月,高雄市,食,4282940,2667056515,622.72
2022年1月,高雄市,衣,332619,823939912,2477.13
2022年1月,高雄市,住,551773,1969227204,3568.91
2022年1月,高雄市,行,2815406,2895397740,1028.41
2022年1月,高雄市,文教康樂,2031632,2678155899,1318.23
2022年1月,高雄市,百貨,4274657,7037965446,1646.44
2022年1月,高雄市,其他,2934344,8490342631,2893.44
2022年1月,屏東縣,食,614825,350355856,569.85
2022年1月,屏東縣,衣,58208,142931923,2455.54
2022年1月,屏東縣,住,87554,311412817,3556.81
2022年1月,屏東縣,行,564618,588376217,1042.08
2022年1月,屏東縣,文教康樂,349830,455021650,1300.69
2022年1月,屏東縣,百貨,638523,1030974190,1614.62
2022年1月,屏東縣,其他,506023,1536055915,3035.55
2022年1月,基隆市,食,609681,333369202,546.79
2022年1月,基隆市,衣,51837,150132874,2896.25
2022年1月,基隆市,住,61018,228606028,3746.53
2022年1月,基隆市,行,387539,357526329,922.56
2022年1月,基隆市,文教康樂,310283,394111621,1270.17
2022年1月,基隆市,百貨,584424,868837475,1486.66
2022年1月,基隆市,其他,434984,1030547315,2369.16
2022年1月,宜蘭縣,食,494619,249307907,504.04
2022年1月,宜蘭縣,衣,41404,119369047,2883.03
2022年1月,宜蘭縣,住,60908,235993469,3874.59
2022年1月,宜蘭縣,行,329580,344670204,1045.79
2022年1月,宜蘭縣,文教康樂,249662,348182659,1394.62
2022年1月,宜蘭縣,百貨,495941,706778952,1425.13
2022年1月,宜蘭縣,其他,331418,863916904,2606.73
2022年1月,花蓮縣,食,363953,215122559,591.07
2022年1月,花蓮縣,衣,30039,83088692,2766.03
2022年1月,花蓮縣,住,43067,168126901,3903.85
2022年1月,花蓮縣,行,233020,237741957,1020.26
2022年1月,花蓮縣,文教康樂,172722,218687435,1266.12
2022年1月,花蓮縣,百貨,328934,495370494,1505.99
2022年1月,花蓮縣,其他,208838,624545250,2990.57
2022年1月,臺東縣,食,164533,91890514,558.49
2022年1月,臺東縣,衣,18234,47299117,2594.01
2022年1月,臺東縣,住,19496,75565471,3875.95
2022年1月,臺東縣,行,132250,139666894,1056.08
2022年1月,臺東縣,文教康樂,89963,115722518,1286.33
2022年1月,臺東縣,百貨,156154,237636775,1521.81
2022年1月,臺東縣,其他,100425,323266353,3218.98
2022年1月,澎湖縣,食,67373,37712662,559.76
2022年1月,澎湖縣,衣,8688,25292122,2911.16
2022年1月,澎湖縣,住,10714,37367922,3487.77
2022年1月,澎湖縣,行,52815,65904287,1247.83
2022年1月,澎湖縣,文教康樂,44671,55690705,1246.69
2022年1月,澎湖縣,百貨,72122,102894081,1426.67
2022年1月,澎湖縣,其他,44720,129837838,2903.35
2022年1月,金門縣,食,62830,55045253,876.1
2022年1月,金門縣,衣,6881,17812043,2588.58
2022年1月,金門縣,住,9402,38566377,4101.93
2022年1月,金門縣,行,34355,43546511,1267.55
2022年1月,金門縣,文教康樂,38387,59635453,1553.53
2022年1月,金門縣,百貨,73990,116681298,1576.99
2022年1月,金門縣,其他,39781,122191871,3071.61
2022年1月,連江縣,食,10743,9028722,840.43
2022年1月,連江縣,衣,882,2363499,2679.7
2022年1月,連江縣,住,1395,3600982,2581.35
2022年1月,連江縣,行,7528,12166145,1616.12
2022年1月,連江縣,文教康樂,7097,9041449,1273.98
2022年1月,連江縣,百貨,8920,16545818,1854.91
2022年1月,連江縣,其他,7415,17763536,2395.62
2022年2月,臺北市,食,8691670,5345582033,615.02
2022年2月,臺北市,衣,439873,1513947238,3441.78
2022年2月,臺北市,住,715370,2981479022,4167.74
2022年2月,臺北市,行,3823757,3062119445,800.81
2022年2月,臺北市,文教康樂,3526512,6924161513,1963.46
2022年2月,臺北市,百貨,6469702,10113538343,1563.22
2022年2月,臺北市,其他,3764453,10205494835,2711.02
2022年2月,新北市,食,9318003,4911222552,527.07
2022年2月,新北市,衣,542875,1482850130,2731.48
2022年2月,新北市,住,900342,3024514072,3359.29
2022年2月,新北市,行,4607906,3963047267,860.05
2022年2月,新北市,文教康樂,4301855,7764147020,1804.84
2022年2月,新北市,百貨,7956764,11212289181,1409.15
2022年2月,新北市,其他,5101497,12048112269,2361.68
2022年2月,桃園市,食,4163804,2032019579,488.02
2022年2月,桃園市,衣,232631,660924080,2841.08
2022年2月,桃園市,住,425231,1399771151,3291.79
2022年2月,桃園市,行,2266329,2338745571,1031.95
2022年2月,桃園市,文教康樂,1916371,3233826005,1687.47
2022年2月,桃園市,百貨,3496632,5552327522,1587.91
2022年2月,桃園市,其他,2354127,5552541881,2358.64
2022年2月,新竹縣,食,1208103,656795250,543.66
2022年2月,新竹縣,衣,61069,179629103,2941.41
2022年2月,新竹縣,住,115369,430592695,3732.31
2022年2月,新竹縣,行,596582,672640783,1127.49
2022年2月,新竹縣,文教康樂,504217,948870014,1881.87
2022年2月,新竹縣,百貨,988273,1583979314,1602.78
2022年2月,新竹縣,其他,616769,1534585347,2488.1
2022年2月,新竹市,食,1184286,634561387,535.82
2022年2月,新竹市,衣,56748,187019149,3295.61
2022年2月,新竹市,住,113959,418190388,3669.66
2022年2月,新竹市,行,536217,563117609,1050.17
2022年2月,新竹市,文教康樂,487898,968816434,1985.69
2022年2月,新竹市,百貨,1005825,1559495606,1550.46
2022年2月,新竹市,其他,594764,1495069264,2513.72
2022年2月,苗栗縣,食,600622,294860654,490.93
2022年2月,苗栗縣,衣,40855,111616527,2732.02
2022年2月,苗栗縣,住,66500,227097304,3415.0
2022年2月,苗栗縣,行,426048,456201072,1070.77
2022年2月,苗栗縣,文教康樂,300285,495497089,1650.09
2022年2月,苗栗縣,百貨,507868,760416831,1497.27
2022年2月,苗栗縣,其他,390322,910252097,2332.05
2022年2月,臺中市,食,5344300,3123207032,584.4
2022年2月,臺中市,衣,329332,957783123,2908.26
2022年2月,臺中市,住,549698,1910711829,3475.93
2022年2月,臺中市,行,2977085,3070163775,1031.27
2022年2月,臺中市,文教康樂,2278547,4637144598,2035.13
2022年2月,臺中市,百貨,4427133,6890740811,1556.48
2022年2月,臺中市,其他,2786042,7488905362,2688.01
2022年2月,彰化縣,食,1192562,639214047,536.0
2022年2月,彰化縣,衣,98315,257882060,2623.02
2022年2月,彰化縣,住,138340,468397105,3385.84
2022年2月,彰化縣,行,877374,955765886,1089.35
2022年2月,彰化縣,文教康樂,587130,1113108579,1895.85
2022年2月,彰化縣,百貨,1031641,1554396491,1506.72
2022年2月,彰化縣,其他,794968,2115504331,2661.12
2022年2月,南投縣,食,396345,203463475,513.35
2022年2月,南投縣,衣,31705,80611171,2542.54
2022年2月,南投縣,住,45179,147702421,3269.27
2022年2月,南投縣,行,301565,319287145,1058.77
2022年2月,南投縣,文教康樂,204323,352546810,1725.44
2022年2月,南投縣,百貨,344438,491221991,1426.16
2022年2月,南投縣,其他,255959,673674392,2631.96
2022年2月,雲林縣,食,445484,224540253,504.04
2022年2月,雲林縣,衣,42126,105364045,2501.16
2022年2月,雲林縣,住,59479,190872733,3209.08
2022年2月,雲林縣,行,410200,439764163,1072.07
2022年2月,雲林縣,文教康樂,254432,431842314,1697.28
2022年2月,雲林縣,百貨,420870,619256317,1471.37
2022年2月,雲林縣,其他,328905,868710748,2641.22
2022年2月,嘉義縣,食,301585,154208724,511.33
2022年2月,嘉義縣,衣,27849,69622639,2500.0
2022年2月,嘉義縣,住,38621,123979162,3210.15
2022年2月,嘉義縣,行,302108,309332073,1023.91
2022年2月,嘉義縣,文教康樂,191030,292062446,1528.88
2022年2月,嘉義縣,百貨,324706,493586129,1520.1
2022年2月,嘉義縣,其他,237205,616985564,2601.06
2022年2月,嘉義市,食,338658,177003279,522.66
2022年2月,嘉義市,衣,25235,67018317,2655.77
2022年2月,嘉義市,住,39680,132324998,3334.8
2022年2月,嘉義市,行,222500,218420060,981.66
2022年2月,嘉義市,文教康樂,159414,279266545,1751.83
2022年2月,嘉義市,百貨,336913,523279459,1553.16
2022年2月,嘉義市,其他,218735,591364849,2703.57
2022年2月,臺南市,食,2356855,1220306778,517.77
2022年2月,臺南市,衣,173051,434997801,2513.7
2022年2月,臺南市,住,307447,984335461,3201.64
2022年2月,臺南市,行,1642627,1631470962,993.21
2022年2月,臺南市,文教康樂,1183265,1884637399,1592.74
2022年2月,臺南市,百貨,2437215,3731072311,1530.88
2022年2月,臺南市,其他,1653745,4247653513,2568.51
2022年2月,高雄市,食,3914634,2178591238,556.52
2022年2月,高雄市,衣,263088,626220401,2380.27
2022年2月,高雄市,住,487559,1580547710,3241.76
2022年2月,高雄市,行,2562211,2487119814,970.69
2022年2月,高雄市,文教康樂,1927188,3113850094,1615.75
2022年2月,高雄市,百貨,3800651,5765008683,1516.85
2022年2月,高雄市,其他,2543523,6609217640,2598.45
2022年2月,屏東縣,食,558443,296016839,530.08
2022年2月,屏東縣,衣,46614,114105364,2447.88
2022年2月,屏東縣,住,77820,259738299,3337.68
2022年2月,屏東縣,行,509201,511749309,1005.0
2022年2月,屏東縣,文教康樂,337705,521568577,1544.45
2022年2月,屏東縣,百貨,563359,824893054,1464.24
2022年2月,屏東縣,其他,455012,1296686534,2849.79
2022年2月,基隆市,食,538552,278201109,516.57
2022年2月,基隆市,衣,38845,110110750,2834.62
2022年2月,基隆市,住,57266,202822434,3541.76
2022年2月,基隆市,行,343302,312754353,911.02
2022年2月,基隆市,文教康樂,295181,464707845,1574.31
2022年2月,基隆市,百貨,504645,686000209,1359.37
2022年2月,基隆市,其他,379745,802302073,2112.74
2022年2月,宜蘭縣,食,442614,205854097,465.09
2022年2月,宜蘭縣,衣,30475,84141949,2761.02
2022年2月,宜蘭縣,住,54994,191241404,3477.5
2022年2月,宜蘭縣,行,294226,295714250,1005.06
2022年2月,宜蘭縣,文教康樂,238187,382559179,1606.13
2022年2月,宜蘭縣,百貨,428783,564020437,1315.4
2022年2月,宜蘭縣,其他,289201,708919011,2451.3
2022年2月,花蓮縣,食,324545,177819125,547.9
2022年2月,花蓮縣,衣,21371,59663831,2791.81
2022年2月,花蓮縣,住,35600,128283195,3603.46
2022年2月,花蓮縣,行,215501,211527318,981.56
2022年2月,花蓮縣,文教康樂,163323,253819194,1554.09
2022年2月,花蓮縣,百貨,281025,390676908,1390.19
2022年2月,花蓮縣,其他,184541,519725693,2816.32
2022年2月,臺東縣,食,146248,76535411,523.33
2022年2月,臺東縣,衣,13169,31159762,2366.14
2022年2月,臺東縣,住,17475,59164543,3385.67
2022年2月,臺東縣,行,121761,124650887,1023.73
2022年2月,臺東縣,文教康樂,83206,123919022,1489.3
2022年2月,臺東縣,百貨,136449,178608006,1308.97
2022年2月,臺東縣,其他,85999,253180723,2944.0
2022年2月,澎湖縣,食,60328,31029261,514.34
2022年2月,澎湖縣,衣,6175,16453255,2664.49
2022年2月,澎湖縣,住,9655,32835339,3400.86
2022年2月,澎湖縣,行,48635,63092156,1297.26
2022年2月,澎湖縣,文教康樂,41521,58553256,1410.21
2022年2月,澎湖縣,百貨,65005,90926612,1398.76
2022年2月,澎湖縣,其他,40673,109752849,2698.42
2022年2月,金門縣,食,55219,38613325,699.28
2022年2月,金門縣,衣,4975,11587196,2329.08
2022年2月,金門縣,住,8554,27045412,3161.73
2022年2月,金門縣,行,31256,39834401,1274.46
2022年2月,金門縣,文教康樂,35832,72914650,2034.9
2022年2月,金門縣,百貨,66539,92759982,1394.07
2022年2月,金門縣,其他,34471,98906257,2869.26
2022年2月,連江縣,食,9912,7126903,719.02
2022年2月,連江縣,衣,806,2828205,3508.94
2022年2月,連江縣,住,1442,3567017,2473.66
2022年2月,連江縣,行,6872,10901625,1586.38
2022年2月,連江縣,文教康樂,6912,11606849,1679.23
2022年2月,連江縣,百貨,8616,16091201,1867.6
2022年2月,連江縣,其他,6426,14755332,2296.19
2022年3月,臺北市,食,10278315,5898812054,573.91
2022年3月,臺北市,衣,530478,2003428536,3776.65
2022年3月,臺北市,住,770452,3269386079,4243.46
2022年3月,臺北市,行,4682649,3959649541,845.6
2022年3月,臺北市,文教康樂,3708990,6389100565,1722.6
2022年3月,臺北市,百貨,7305186,10949150712,1498.82
2022年3月,臺北市,其他,4971758,14139979757,2844.06
2022年3月,新北市,食,10903965,5250533182,481.53
2022年3月,新北市,衣,656234,1731507549,2638.55
2022年3月,新北市,住,972505,3172043408,3261.72
2022年3月,新北市,行,5544224,5046995941,910.32
2022年3月,新北市,文教康樂,4484712,6445723554,1437.27
2022年3月,新北市,百貨,8914816,12015996624,1347.87
2022年3月,新北市,其他,6610555,16567117718,2506.16
2022年3月,桃園市,食,4853792,2209194581,455.15
2022年3月,桃園市,衣,276204,727626260,2634.38
2022年3月,桃園市,住,455231,1467693150,3224.06
2022年3月,桃園市,行,2701001,2973819201,1101.01
2022年3月,桃園市,文教康樂,1964166,2757594798,1403.95
2022年3月,桃園市,百貨,3857246,5759218124,1493.09
2022年3月,桃園市,其他,3014085,7538314650,2501.03
2022年3月,新竹縣,食,1401078,703320596,501.99
2022年3月,新竹縣,衣,73944,207314911,2803.67
2022年3月,新竹縣,住,124820,457935368,3668.77
2022年3月,新竹縣,行,724271,863427336,1192.13
2022年3月,新竹縣,文教康樂,524576,798360224,1521.92
2022年3月,新竹縣,百貨,1079564,1609582047,1490.96
2022年3月,新竹縣,其他,821120,2012176696,2450.53
2022年3月,新竹市,食,1365112,669147425,490.18
2022年3月,新竹市,衣,67775,190834437,2815.71
2022年3月,新竹市,住,121534,435930583,3586.9
2022年3月,新竹市,行,643251,683514282,1062.59
2022年3月,新竹市,文教康樂,499941,787640899,1575.47
2022年3月,新竹市,百貨,1100261,1624907511,1476.84
2022年3月,新竹市,其他,781126,1886750603,2415.42
2022年3月,苗栗縣,食,703593,320206048,455.1
2022年3月,苗栗縣,衣,46360,118624437,2558.77
2022年3月,苗栗縣,住,72757,235805297,3241.0
2022年3月,苗栗縣,行,507866,574357153,1130.92
2022年3月,苗栗縣,文教康樂,312800,420197879,1343.34
2022年3月,苗栗縣,百貨,562717,815858413,1449.86
2022年3月,苗栗縣,其他,513249,1287497979,2508.53
2022年3月,臺中市,食,6167611,3240812099,525.46
2022年3月,臺中市,衣,383932,1061087935,2763.74
2022年3月,臺中市,住,621287,2092822409,3368.53
2022年3月,臺中市,行,3525157,3963762979,1124.42
2022年3月,臺中市,文教康樂,2363936,3699195760,1564.85
2022年3月,臺中市,百貨,4957659,7992308036,1612.11
2022年3月,臺中市,其他,3632362,10093267060,2778.71
2022年3月,彰化縣,食,1361913,656068166,481.73
2022年3月,彰化縣,衣,110539,276833022,2504.39
2022年3月,彰化縣,住,150945,489065099,3240.02
2022年3月,彰化縣,行,1023853,1210416562,1182.22
2022年3月,彰化縣,文教康樂,593402,849206930,1431.08
2022年3月,彰化縣,百貨,1147975,1738091135,1514.05
2022年3月,彰化縣,其他,1028055,2806857659,2730.26
2022年3月,南投縣,食,457209,213735146,467.48
2022年3月,南投縣,衣,36436,83694254,2297.02
2022年3月,南投縣,住,49833,159470563,3200.1
2022年3月,南投縣,行,356826,414169251,1160.7
2022年3月,南投縣,文教康樂,210562,280428419,1331.81
2022年3月,南投縣,百貨,386598,558385775,1444.36
2022年3月,南投縣,其他,327644,888934151,2713.11
2022年3月,雲林縣,食,518480,230868420,445.28
2022年3月,雲林縣,衣,48299,112148006,2321.95
2022年3月,雲林縣,住,65268,198299357,3038.23
2022年3月,雲林縣,行,477965,548424823,1147.42
2022年3月,雲林縣,文教康樂,259394,341402359,1316.15
2022年3月,雲林縣,百貨,468522,680088275,1451.56
2022年3月,雲林縣,其他,420586,1164928086,2769.77
2022年3月,嘉義縣,食,356343,163609187,459.13
2022年3月,嘉義縣,衣,31836,77210634,2425.26
2022年3月,嘉義縣,住,43158,129323222,2996.51
2022年3月,嘉義縣,行,353197,391052293,1107.18
2022年3月,嘉義縣,文教康樂,196942,240470523,1221.02
2022年3月,嘉義縣,百貨,361989,528144489,1459.01
2022年3月,嘉義縣,其他,308013,804275812,2611.17
2022年3月,嘉義市,食,387677,178495532,460.42
2022年3月,嘉義市,衣,30094,79884828,2654.51
2022年3月,嘉義市,住,43420,151402964,3486.94
2022年3月,嘉義市,行,261658,269681635,1030.66
2022年3月,嘉義市,文教康樂,162242,232076311,1430.43
2022年3月,嘉義市,百貨,376575,561932505,1492.22
2022年3月,嘉義市,其他,279526,748489455,2677.71
2022年3月,臺南市,食,2714246,1270554926,468.11
2022年3月,臺南市,衣,203734,490374019,2406.93
2022年3月,臺南市,住,341633,1081281032,3165.04
2022年3月,臺南市,行,1921358,2003495378,1042.75
2022年3月,臺南市,文教康樂,1218834,1676043332,1375.12
2022年3月,臺南市,百貨,2694801,3939122987,1461.75
2022年3月,臺南市,其他,2186170,5498199912,2514.99
2022年3月,高雄市,食,4489561,2356214960,524.82
2022年3月,高雄市,衣,317346,738071558,2325.76
2022年3月,高雄市,住,555544,1827666324,3289.87
2022年3月,高雄市,行,2994478,3161092529,1055.64
2022年3月,高雄市,文教康樂,2016980,2756416222,1366.61
2022年3月,高雄市,百貨,4302763,6370539388,1480.57
2022年3月,高雄市,其他,3192862,8716363591,2729.95
2022年3月,屏東縣,食,651814,315743972,484.41
2022年3月,屏東縣,衣,54970,131161352,2386.05
2022年3月,屏東縣,住,87716,276517906,3152.42
2022年3月,屏東縣,行,591438,630919874,1066.76
2022年3月,屏東縣,文教康樂,351965,450434836,1279.77
2022年3月,屏東縣,百貨,637145,921071568,1445.62
2022年3月,屏東縣,其他,570253,1706349897,2992.27
2022年3月,基隆市,食,636803,297316786,466.89
2022年3月,基隆市,衣,45849,126507786,2759.23
2022年3月,基隆市,住,60313,213056661,3532.52
2022年3月,基隆市,行,411130,389713377,947.91
2022年3月,基隆市,文教康樂,301678,374520159,1241.46
2022年3月,基隆市,百貨,566021,720728470,1273.32
2022年3月,基隆市,其他,489520,1129545419,2307.46
2022年3月,宜蘭縣,食,506973,226415456,446.6
2022年3月,宜蘭縣,衣,37600,95583764,2542.12
2022年3月,宜蘭縣,住,59336,201284463,3392.28
2022年3月,宜蘭縣,行,345507,370526941,1072.42
2022年3月,宜蘭縣,文教康樂,244046,311995400,1278.43
2022年3月,宜蘭縣,百貨,484436,635783523,1312.42
2022年3月,宜蘭縣,其他,373732,996022162,2665.07
2022年3月,花蓮縣,食,375524,196793408,524.05
2022年3月,花蓮縣,衣,24838,60963633,2454.45
2022年3月,花蓮縣,住,40787,146496550,3591.75
2022年3月,花蓮縣,行,257187,266090793,1034.62
2022年3月,花蓮縣,文教康樂,170688,223825095,1311.31
2022年3月,花蓮縣,百貨,312099,448531890,1437.15
2022年3月,花蓮縣,其他,244309,722307161,2956.53
2022年3月,臺東縣,食,169120,80333891,475.01
2022年3月,臺東縣,衣,14556,32098278,2205.16
2022年3月,臺東縣,住,21240,69335100,3264.36
2022年3月,臺東縣,行,144239,151294245,1048.91
2022年3月,臺東縣,文教康樂,86890,110698241,1274.0
2022年3月,臺東縣,百貨,152238,202233429,1328.4
2022年3月,臺東縣,其他,117565,357976677,3044.93
2022年3月,澎湖縣,食,70528,34610886,490.74
2022年3月,澎湖縣,衣,7307,18299880,2504.43
2022年3月,澎湖縣,住,11583,38322377,3308.5
2022年3月,澎湖縣,行,62238,90251110,1450.1
2022年3月,澎湖縣,文教康樂,44955,58950961,1311.33
2022年3月,澎湖縣,百貨,72416,95270896,1315.61
2022年3月,澎湖縣,其他,52471,149923499,2857.26
2022年3月,金門縣,食,65573,38038771,580.1
2022年3月,金門縣,衣,5775,12174429,2108.13
2022年3月,金門縣,住,9817,34790332,3543.89
2022年3月,金門縣,行,38515,52228283,1356.05
2022年3月,金門縣,文教康樂,36272,58527757,1613.58
2022年3月,金門縣,百貨,72191,113504636,1572.28
2022年3月,金門縣,其他,45820,113638427,2480.11
2022年3月,連江縣,食,11585,5431690,468.86
2022年3月,連江縣,衣,832,1682302,2022.0
2022年3月,連江縣,住,1712,4211060,2459.73
2022年3月,連江縣,行,8893,16100568,1810.48
2022年3月,連江縣,文教康樂,6720,9425282,1402.57
2022年3月,連江縣,百貨,8986,13712197,1525.95
2022年3月,連江縣,其他,8471,20803128,2455.81
2022年4月,臺北市,食,10224207,5650924406,552.7
2022年4月,臺北市,衣,507641,1843960493,3632.41
2022年4月,臺北市,住,763258,3299425744,4322.82
2022年4月,臺北市,行,4072612,3428036288,841.73
2022年4月,臺北市,文教康樂,3579208,5623850075,1571.26
2022年4月,臺北市,百貨,7236278,11448010261,1582.03
2022年4月,臺北市,其他,4503614,13222090522,2935.88
2022年4月,新北市,食,10977946,5153017845,469.4
2022年4月,新北市,衣,634290,1655793824,2610.47
2022年4月,新北市,住,982448,3372982585,3433.24
2022年4月,新北市,行,4924855,4339081023,881.06
2022年4月,新北市,文教康樂,4365947,5766419662,1320.77
2022年4月,新北市,百貨,8823221,12403811931,1405.81
2022年4月,新北市,其他,6041385,15841492980,2622.16
2022年4月,桃園市,食,4973977,2248045915,451.96
2022年4月,桃園市,衣,271318,718820245,2649.36
2022年4月,桃園市,住,460247,1615315081,3509.67
2022年4月,桃園市,行,2430804,2670343351,1098.54
2022年4月,桃園市,文教康樂,1984378,2585962064,1303.16
2022年4月,桃園市,百貨,3784619,5951118570,1572.45
2022年4月,桃園市,其他,2774593,7390562827,2663.66
2022年4月,新竹縣,食,1426022,700316533,491.1
2022年4月,新竹縣,衣,74715,210943547,2823.31
2022年4月,新竹縣,住,128232,517671845,4036.99
2022年4月,新竹縣,行,643375,775915615,1206.01
2022年4月,新竹縣,文教康樂,513967,716028416,1393.14
2022年4月,新竹縣,百貨,1057220,1694719895,1603.0
2022年4月,新竹縣,其他,765444,2082190720,2720.24
2022年4月,新竹市,食,1390523,685660028,493.1
2022年4月,新竹市,衣,69062,218779806,3167.88
2022年4月,新竹市,住,123561,482814918,3907.5
2022年4月,新竹市,行,572155,619086775,1082.03
2022年4月,新竹市,文教康樂,493228,713871079,1447.34
2022年4月,新竹市,百貨,1067158,1689295925,1582.99
2022年4月,新竹市,其他,722540,2005363751,2775.44
2022年4月,苗栗縣,食,730306,329231054,450.81
2022年4月,苗栗縣,衣,45624,120551333,2642.28
2022年4月,苗栗縣,住,73121,276132143,3776.37
2022年4月,苗栗縣,行,463865,511372706,1102.42
2022年4月,苗栗縣,文教康樂,307926,381548318,1239.09
2022年4月,苗栗縣,百貨,551092,809618916,1469.12
2022年4月,苗栗縣,其他,470163,1246352274,2650.89
2022年4月,臺中市,食,6256565,3195377597,510.72
2022年4月,臺中市,衣,378212,1019533044,2695.67
2022年4月,臺中市,住,614788,2184138128,3552.67
2022年4月,臺中市,行,3158548,3381626839,1070.63
2022年4月,臺中市,文教康樂,2296075,3246794899,1414.06
2022年4月,臺中市,百貨,4771682,7389074598,1548.53
2022年4月,臺中市,其他,3368253,9889907637,2936.21
2022年4月,彰化縣,食,1387964,666736893,480.37
2022年4月,彰化縣,衣,109393,272069587,2487.08
2022年4月,彰化縣,住,151604,558294015,3682.58
2022年4月,彰化縣,行,932790,1059098613,1135.41
2022年4月,彰化縣,文教康樂,580342,766602497,1320.95
2022年4月,彰化縣,百貨,1110384,1645683224,1482.08
2022年4月,彰化縣,其他,945184,2764236429,2924.55
2022年4月,南投縣,食,464258,217434320,468.35
2022年4月,南投縣,衣,34907,81599094,2337.61
2022年4月,南投縣,住,48292,166103830,3439.57
2022年4月,南投縣,行,324949,374383357,1152.13
2022年4月,南投縣,文教康樂,206298,251269796,1217.99
2022年4月,南投縣,百貨,372491,521137200,1399.06
2022年4月,南投縣,其他,306452,886948106,2894.25
2022年4月,雲林縣,食,525244,240455705,457.8
2022年4月,雲林縣,衣,46401,108535183,2339.07
2022年4月,雲林縣,住,64127,223268890,3481.67
2022年4月,雲林縣,行,434119,485803955,1119.06
2022年4月,雲林縣,文教康樂,254222,298014649,1172.26
2022年4月,雲林縣,百貨,451196,663322478,1470.14
2022年4月,雲林縣,其他,388495,1125560120,2897.23
2022年4月,嘉義縣,食,360226,172859746,479.86
2022年4月,嘉義縣,衣,30740,73290964,2384.22
2022年4月,嘉義縣,住,42258,138034730,3266.48
2022年4月,嘉義縣,行,323489,345218693,1067.17
2022年4月,嘉義縣,文教康樂,196558,225044850,1144.93
2022年4月,嘉義縣,百貨,348831,512477035,1469.13
2022年4月,嘉義縣,其他,282414,795451642,2816.62
2022年4月,嘉義市,食,397957,186990074,469.88
2022年4月,嘉義市,衣,29152,73786610,2531.1
2022年4月,嘉義市,住,43973,155258708,3530.77
2022年4月,嘉義市,行,236883,237250149,1001.55
2022年4月,嘉義市,文教康樂,158672,200361261,1262.74
2022年4月,嘉義市,百貨,366813,556387564,1516.82
2022年4月,嘉義市,其他,259182,746241494,2879.22
2022年4月,臺南市,食,2782112,1326621239,476.84
2022年4月,臺南市,衣,199872,467498169,2338.99
2022年4月,臺南市,住,338525,1150748575,3399.3
2022年4月,臺南市,行,1760475,1819056607,1033.28
2022年4月,臺南市,文教康樂,1194406,1505408562,1260.38
2022年4月,臺南市,百貨,2585849,3869151405,1496.28
2022年4月,臺南市,其他,1981904,5397877825,2723.58
2022年4月,高雄市,食,4572734,2330138552,509.57
2022年4月,高雄市,衣,309122,737234987,2384.93
2022年4月,高雄市,住,536241,1852859468,3455.27
2022年4月,高雄市,行,2716187,2813326593,1035.76
2022年4月,高雄市,文教康樂,1955868,2402352202,1228.28
2022年4月,高雄市,百貨,4193012,6619740558,1578.76
2022年4月,高雄市,其他,2952584,8503805935,2880.12
2022年4月,屏東縣,食,669520,327971143,489.86
2022年4月,屏東縣,衣,51686,117348222,2270.41
2022年4月,屏東縣,住,85508,302899019,3542.35
2022年4月,屏東縣,行,547579,594212731,1085.16
2022年4月,屏東縣,文教康樂,340716,387116245,1136.18
2022年4月,屏東縣,百貨,626264,971588413,1551.4
2022年4月,屏東縣,其他,525135,1605029444,3056.41
2022年4月,基隆市,食,640353,288712983,450.87
2022年4月,基隆市,衣,40494,111302494,2748.62
2022年4月,基隆市,住,60657,228333819,3764.34
2022年4月,基隆市,行,362486,342804143,945.7
2022年4月,基隆市,文教康樂,296191,340649971,1150.1
2022年4月,基隆市,百貨,559395,748731549,1338.47
2022年4月,基隆市,其他,445605,1043947058,2342.76
2022年4月,宜蘭縣,食,530288,231439516,436.44
2022年4月,宜蘭縣,衣,35465,90235790,2544.36
2022年4月,宜蘭縣,住,58572,221186860,3776.32
2022年4月,宜蘭縣,行,308046,332641790,1079.84
2022年4月,宜蘭縣,文教康樂,239504,284172192,1186.5
2022年4月,宜蘭縣,百貨,465865,593395841,1273.75
2022年4月,宜蘭縣,其他,343032,960223066,2799.22
2022年4月,花蓮縣,食,401775,193749100,482.23
2022年4月,花蓮縣,衣,22868,57672961,2521.99
2022年4月,花蓮縣,住,39308,161063130,4097.46
2022年4月,花蓮縣,行,213299,229082628,1074.0
2022年4月,花蓮縣,文教康樂,167111,197491358,1181.8
2022年4月,花蓮縣,百貨,314368,449438814,1429.66
2022年4月,花蓮縣,其他,224234,667519141,2976.89
2022年4月,臺東縣,食,176922,82121088,464.17
2022年4月,臺東縣,衣,13972,32122562,2299.07
2022年4月,臺東縣,住,19382,75664964,3903.88
2022年4月,臺東縣,行,126261,125384931,993.06
2022年4月,臺東縣,文教康樂,86397,98193835,1136.54
2022年4月,臺東縣,百貨,150702,203112343,1347.77
2022年4月,臺東縣,其他,107975,343796823,3184.04
2022年4月,澎湖縣,食,74425,33660914,452.28
2022年4月,澎湖縣,衣,6850,17083355,2493.92
2022年4月,澎湖縣,住,10300,32943847,3198.43
2022年4月,澎湖縣,行,49718,61564075,1238.27
2022年4月,澎湖縣,文教康樂,42014,48086812,1144.54
2022年4月,澎湖縣,百貨,68081,88866750,1305.31
2022年4月,澎湖縣,其他,46919,120543573,2569.18
2022年4月,金門縣,食,66165,50569564,764.29
2022年4月,金門縣,衣,5320,11785827,2215.38
2022年4月,金門縣,住,9224,31636088,3429.76
2022年4月,金門縣,行,30312,36361927,1199.59
2022年4月,金門縣,文教康樂,35135,50565210,1439.17
2022年4月,金門縣,百貨,71969,120401647,1672.97
2022年4月,金門縣,其他,42141,97471184,2312.98
2022年4月,連江縣,食,12461,6115121,490.74
2022年4月,連江縣,衣,836,2064675,2469.71
2022年4月,連江縣,住,1592,3874948,2434.01
2022年4月,連江縣,行,7230,11417933,1579.24
2022年4月,連江縣,文教康樂,6714,9355326,1393.41
2022年4月,連江縣,百貨,9392,15386400,1638.25
2022年4月,連江縣,其他,7411,16288394,2197.87
2022年5月,臺北市,食,10612354,5563383665,524.24
2022年5月,臺北市,衣,459039,1600968718,3487.65
2022年5月,臺北市,住,740474,2737291500,3696.67
2022年5月,臺北市,行,3645674,3336650647,915.24
2022年5月,臺北市,文教康樂,3597268,5735167916,1594.31
2022年5月,臺北市,百貨,7450754,10533865581,1413.8
2022年5月,臺北市,其他,4562797,21180696862,4642.04
2022年5月,新北市,食,11455283,5171215861,451.43
2022年5月,新北市,衣,565671,1458117350,2577.68
2022年5月,新北市,住,962254,2759339027,2867.58
2022年5月,新北市,行,4390261,3842511850,875.24
2022年5月,新北市,文教康樂,4442660,5548505369,1248.92
2022年5月,新北市,百貨,9225024,12062065207,1307.54
2022年5月,新北市,其他,6136166,20223726996,3295.82
2022年5月,桃園市,食,5221550,2256398773,432.13
2022年5月,桃園市,衣,248640,647134331,2602.7
2022年5月,桃園市,住,454503,1324060617,2913.21
2022年5月,桃園市,行,2215082,2420949682,1092.94
2022年5月,桃園市,文教康樂,2079236,2524448943,1214.12
2022年5月,桃園市,百貨,3999920,5802169610,1450.57
2022年5月,桃園市,其他,2836822,9169877131,3232.45
2022年5月,新竹縣,食,1496385,812896804,543.24
2022年5月,新竹縣,衣,69587,205071950,2946.99
2022年5月,新竹縣,住,127724,446715728,3497.51
2022年5月,新竹縣,行,582819,691958426,1187.26
2022年5月,新竹縣,文教康樂,531872,705530332,1326.5
2022年5月,新竹縣,百貨,1124420,1693244734,1505.88
2022年5月,新竹縣,其他,795168,3579022509,4500.96
2022年5月,新竹市,食,1473619,798603171,541.93
2022年5月,新竹市,衣,64667,184833733,2858.24
2022年5月,新竹市,住,122370,396883519,3243.31
2022年5月,新竹市,行,522516,585252810,1120.07
2022年5月,新竹市,文教康樂,506557,718846495,1419.08
2022年5月,新竹市,百貨,1126587,1662898854,1476.05
2022年5月,新竹市,其他,752562,3944023367,5240.8
2022年5月,苗栗縣,食,762084,337748290,443.19
2022年5月,苗栗縣,衣,43833,113348578,2585.92
2022年5月,苗栗縣,住,73691,235758440,3199.28
2022年5月,苗栗縣,行,434091,472423797,1088.31
2022年5月,苗栗縣,文教康樂,323345,384411644,1188.86
2022年5月,苗栗縣,百貨,593044,815802683,1375.62
2022年5月,苗栗縣,其他,488217,1489309805,3050.51
2022年5月,臺中市,食,6585547,3162688966,480.25
2022年5月,臺中市,衣,353888,987687185,2790.96
2022年5月,臺中市,住,605529,1824537335,3013.13
2022年5月,臺中市,行,2945469,3180784581,1079.89
2022年5月,臺中市,文教康樂,2350396,3326793065,1415.42
2022年5月,臺中市,百貨,5073769,7153426265,1409.88
2022年5月,臺中市,其他,3461396,12601823392,3640.68
2022年5月,彰化縣,食,1467244,654413024,446.02
2022年5月,彰化縣,衣,101796,249706590,2453.01
2022年5月,彰化縣,住,151464,456763199,3015.66
2022年5月,彰化縣,行,883669,1012120602,1145.36
2022年5月,彰化縣,文教康樂,593356,748281299,1261.1
2022年5月,彰化縣,百貨,1211333,1624713105,1341.26
2022年5月,彰化縣,其他,958069,3240390686,3382.21
2022年5月,南投縣,食,493779,208981270,423.23
2022年5月,南投縣,衣,32182,78148874,2428.34
2022年5月,南投縣,住,48994,146972249,2999.8
2022年5月,南投縣,行,306113,352683309,1152.13
2022年5月,南投縣,文教康樂,212738,252375160,1186.32
2022年5月,南投縣,百貨,403865,508702099,1259.58
2022年5月,南投縣,其他,313632,1010485019,3221.88
2022年5月,雲林縣,食,561097,243082684,433.23
2022年5月,雲林縣,衣,43158,102792625,2381.77
2022年5月,雲林縣,住,62961,193194645,3068.48
2022年5月,雲林縣,行,411913,458402657,1112.86
2022年5月,雲林縣,文教康樂,264143,296748871,1123.44
2022年5月,雲林縣,百貨,490386,691055224,1409.21
2022年5月,雲林縣,其他,394094,1299497687,3297.43
2022年5月,嘉義縣,食,381800,168271463,440.73
2022年5月,嘉義縣,衣,28978,77734616,2682.54
2022年5月,嘉義縣,住,42769,128727262,3009.83
2022年5月,嘉義縣,行,306712,323676484,1055.31
2022年5月,嘉義縣,文教康樂,203332,230183329,1132.06
2022年5月,嘉義縣,百貨,377971,520480519,1377.04
2022年5月,嘉義縣,其他,288785,938040995,3248.23
2022年5月,嘉義市,食,422245,188648494,446.77
2022年5月,嘉義市,衣,26906,70276496,2611.93
2022年5月,嘉義市,住,42888,126288883,2944.62
2022年5月,嘉義市,行,220578,223843511,1014.8
2022年5月,嘉義市,文教康樂,165135,208632122,1263.4
2022年5月,嘉義市,百貨,392392,539910446,1375.95
2022年5月,嘉義市,其他,264147,949074069,3592.98
2022年5月,臺南市,食,2963254,1344452794,453.71
2022年5月,臺南市,衣,186351,444943913,2387.67
2022年5月,臺南市,住,338035,962517664,2847.39
2022年5月,臺南市,行,1644051,1685238186,1025.05
2022年5月,臺南市,文教康樂,1239017,1517184023,1224.51
2022年5月,臺南市,百貨,2755726,3769236187,1367.78
2022年5月,臺南市,其他,2033290,6835104826,3361.6
2022年5月,高雄市,食,4860618,2362092797,485.97
2022年5月,高雄市,衣,291074,677149718,2326.38
2022年5月,高雄市,住,538994,1578378467,2928.38
2022年5月,高雄市,行,2523087,2594421934,1028.27
2022年5月,高雄市,文教康樂,2030530,2412050841,1187.89
2022年5月,高雄市,百貨,4435311,6187770148,1395.12
2022年5月,高雄市,其他,3047853,11121207621,3648.87
2022年5月,屏東縣,食,724201,333399611,460.37
2022年5月,屏東縣,衣,50455,116285350,2304.73
2022年5月,屏東縣,住,86369,261547153,3028.25
2022年5月,屏東縣,行,519059,546538648,1052.94
2022年5月,屏東縣,文教康樂,346674,431765397,1245.45
2022年5月,屏東縣,百貨,674976,914365085,1354.66
2022年5月,屏東縣,其他,534506,1813521539,3392.89
2022年5月,基隆市,食,666792,296662070,444.91
2022年5月,基隆市,衣,37361,99675467,2667.9
2022年5月,基隆市,住,59215,185974963,3140.67
2022年5月,基隆市,行,335492,320862153,956.39
2022年5月,基隆市,文教康樂,302283,337752389,1117.34
2022年5月,基隆市,百貨,588789,735894783,1249.84
2022年5月,基隆市,其他,452520,1233000628,2724.74
2022年5月,宜蘭縣,食,571290,233136587,408.09
2022年5月,宜蘭縣,衣,33303,81651989,2451.79
2022年5月,宜蘭縣,住,58772,186631193,3175.51
2022年5月,宜蘭縣,行,291606,315771972,1082.87
2022年5月,宜蘭縣,文教康樂,251105,286779108,1142.07
2022年5月,宜蘭縣,百貨,511255,612482046,1198.0
2022年5月,宜蘭縣,其他,347557,1131732722,3256.25
2022年5月,花蓮縣,食,419990,195782346,466.16
2022年5月,花蓮縣,衣,22012,52562554,2387.9
2022年5月,花蓮縣,住,37117,126778673,3415.65
2022年5月,花蓮縣,行,203119,229233609,1128.57
2022年5月,花蓮縣,文教康樂,176806,200316641,1132.97
2022年5月,花蓮縣,百貨,338406,440597172,1301.98
2022年5月,花蓮縣,其他,231491,756451468,3267.74
2022年5月,臺東縣,食,192885,84202322,436.54
2022年5月,臺東縣,衣,13111,30225573,2305.36
2022年5月,臺東縣,住,19041,67088569,3523.37
2022年5月,臺東縣,行,120189,128193719,1066.6
2022年5月,臺東縣,文教康樂,89600,100915501,1126.29
2022年5月,臺東縣,百貨,165333,204593711,1237.46
2022年5月,臺東縣,其他,115047,392364375,3410.47
2022年5月,澎湖縣,食,78423,34139160,435.32
2022年5月,澎湖縣,衣,6274,16561810,2639.75
2022年5月,澎湖縣,住,9824,27689832,2818.59
2022年5月,澎湖縣,行,44346,50470585,1138.11
2022年5月,澎湖縣,文教康樂,43363,45957085,1059.82
2022年5月,澎湖縣,百貨,74295,85447062,1150.11
2022年5月,澎湖縣,其他,48206,156723000,3251.11
2022年5月,金門縣,食,69282,39390852,568.56
2022年5月,金門縣,衣,4934,11581829,2347.35
2022年5月,金門縣,住,9109,25249640,2771.94
2022年5月,金門縣,行,26889,30417215,1131.21
2022年5月,金門縣,文教康樂,36578,52653333,1439.48
2022年5月,金門縣,百貨,77508,90128916,1162.83
2022年5月,金門縣,其他,41711,125996472,3020.7
2022年5月,連江縣,食,11481,10374850,903.65
2022年5月,連江縣,衣,657,1466879,2232.69
2022年5月,連江縣,住,1421,3099331,2181.09
2022年5月,連江縣,行,4794,7171715,1495.98
2022年5月,連江縣,文教康樂,7226,9079146,1256.46
2022年5月,連江縣,百貨,8861,12861157,1451.43
2022年5月,連江縣,其他,7817,21518293,2752.76
2022年6月,臺北市,食,10584760,5583499089,527.5
2022年6月,臺北市,衣,579107,1848054985,3191.22
2022年6月,臺北市,住,837283,3227198529,3854.37
2022年6月,臺北市,行,4148622,3946628666,951.31
2022年6月,臺北市,文教康樂,3852413,6591756707,1711.07
2022年6月,臺北市,百貨,7777051,10945624311,1407.43
2022年6月,臺北市,其他,4612011,58435731512,12670.34
2022年6月,新北市,食,11497395,5166812911,449.39
2022年6月,新北市,衣,723332,1731156363,2393.31
2022年6月,新北市,住,1082789,3201378097,2956.6
2022年6月,新北市,行,5015618,4583000685,913.75
2022年6月,新北市,文教康樂,4711542,6283922287,1333.73
2022年6月,新北市,百貨,9699867,12402071056,1278.58
2022年6月,新北市,其他,6166962,33822136883,5484.41
2022年6月,桃園市,食,5161289,2204751573,427.17
2022年6月,桃園市,衣,308710,772317588,2501.76
2022年6月,桃園市,住,508883,1537641917,3021.6
2022年6月,桃園市,行,2454250,2691538861,1096.68
2022年6月,桃園市,文教康樂,2156549,2769310663,1284.14
2022年6月,桃園市,百貨,4199431,5986036905,1425.44
2022年6月,桃園市,其他,2814914,13665696698,4854.75
2022年6月,新竹縣,食,1504875,715945566,475.75
2022年6月,新竹縣,衣,80121,227190446,2835.59
2022年6月,新竹縣,住,139565,476254895,3412.42
2022年6月,新竹縣,行,633548,752664242,1188.01
2022年6月,新竹縣,文教康樂,566832,794474989,1401.61
2022年6月,新竹縣,百貨,1163896,1690170771,1452.17
2022年6月,新竹縣,其他,776339,8540709399,11001.26
2022年6月,新竹市,食,1474189,685429983,464.95
2022年6月,新竹市,衣,74276,197399909,2657.65
2022年6月,新竹市,住,134635,449662984,3339.87
2022年6月,新竹市,行,565458,641420119,1134.34
2022年6月,新竹市,文教康樂,536031,815469714,1521.31
2022年6月,新竹市,百貨,1172311,1672884520,1427.0
2022年6月,新竹市,其他,737617,9751550039,13220.34
2022年6月,苗栗縣,食,771536,323796501,419.68
2022年6月,苗栗縣,衣,50964,133864524,2626.65
2022年6月,苗栗縣,住,80007,248822610,3110.01
2022年6月,苗栗縣,行,456952,506855132,1109.21
2022年6月,苗栗縣,文教康樂,329359,400697947,1216.6
2022年6月,苗栗縣,百貨,620491,832745641,1342.08
2022年6月,苗栗縣,其他,476574,1947578174,4086.62
2022年6月,臺中市,食,6713474,3111429129,463.46
2022年6月,臺中市,衣,398222,1033913231,2596.32
2022年6月,臺中市,住,655684,1984132364,3026.05
2022年6月,臺中市,行,3067241,3347408598,1091.34
2022年6月,臺中市,文教康樂,2451054,3507803569,1431.14
2022年6月,臺中市,百貨,5253818,7243138171,1378.64
2022年6月,臺中市,其他,3447247,20768399273,6024.63
2022年6月,彰化縣,食,1514795,640752881,423.0
2022年6月,彰化縣,衣,111398,259222995,2327.0
2022年6月,彰化縣,住,166190,491401669,2956.87
2022年6月,彰化縣,行,899278,1023340815,1137.96
2022年6月,彰化縣,文教康樂,613557,788541780,1285.2
2022年6月,彰化縣,百貨,1262120,1655118411,1311.38
2022年6月,彰化縣,其他,968632,4489037950,4634.41
2022年6月,南投縣,食,501699,211059381,420.69
2022年6月,南投縣,衣,35622,79670889,2236.56
2022年6月,南投縣,住,53167,156548774,2944.47
2022年6月,南投縣,行,312090,368597354,1181.06
2022年6月,南投縣,文教康樂,220894,259356493,1174.12
2022年6月,南投縣,百貨,419907,527947286,1257.3
2022年6月,南投縣,其他,309655,1254473903,4051.2
2022年6月,雲林縣,食,574888,238258975,414.44
2022年6月,雲林縣,衣,48403,113370011,2342.21
2022年6月,雲林縣,住,70925,214408030,3023.02
2022年6月,雲林縣,行,427440,498096177,1165.3
2022年6月,雲林縣,文教康樂,270740,315828650,1166.54
2022年6月,雲林縣,百貨,512182,694613523,1356.18
2022年6月,雲林縣,其他,393194,1721255960,4377.63
2022年6月,嘉義縣,食,386769,165667788,428.34
2022年6月,嘉義縣,衣,31391,69667170,2219.34
2022年6月,嘉義縣,住,47733,139674888,2926.17
2022年6月,嘉義縣,行,316393,343071049,1084.32
2022年6月,嘉義縣,文教康樂,204943,238513534,1163.8
2022年6月,嘉義縣,百貨,388756,520365902,1338.54
2022年6月,嘉義縣,其他,286738,998530609,3482.38
2022年6月,嘉義市,食,429280,185971387,433.22
2022年6月,嘉義市,衣,29225,71220358,2436.97
2022年6月,嘉義市,住,47861,144095107,3010.7
2022年6月,嘉義市,行,227083,242549941,1068.11
2022年6月,嘉義市,文教康樂,169623,216473170,1276.2
2022年6月,嘉義市,百貨,400035,536346760,1340.75
2022年6月,嘉義市,其他,262776,1207831935,4596.43
2022年6月,臺南市,食,3004442,1281839506,426.65
2022年6月,臺南市,衣,208041,481516198,2314.53
2022年6月,臺南市,住,373941,1094359684,2926.56
2022年6月,臺南市,行,1707148,1796162345,1052.14
2022年6月,臺南市,文教康樂,1303132,1635172510,1254.8
2022年6月,臺南市,百貨,2873505,3829565535,1332.72
2022年6月,臺南市,其他,2002074,10960299734,5474.47
2022年6月,高雄市,食,4971302,2286658169,459.97
2022年6月,高雄市,衣,322352,722984968,2242.84
2022年6月,高雄市,住,582189,1715158292,2946.05
2022年6月,高雄市,行,2581642,2742887313,1062.46
2022年6月,高雄市,文教康樂,2097845,2553655816,1217.28
2022年6月,高雄市,百貨,4580077,6204204109,1354.61
2022年6月,高雄市,其他,3023933,14549847189,4811.56
2022年6月,屏東縣,食,731485,323178199,441.81
2022年6月,屏東縣,衣,54353,125873765,2315.86
2022年6月,屏東縣,住,93307,282091718,3023.26
2022年6月,屏東縣,行,530659,557047902,1049.73
2022年6月,屏東縣,文教康樂,354168,414465669,1170.25
2022年6月,屏東縣,百貨,707889,926856681,1309.32
2022年6月,屏東縣,其他,537280,2013981719,3748.48
2022年6月,基隆市,食,663668,293507936,442.25
2022年6月,基隆市,衣,49836,123414807,2476.42
2022年6月,基隆市,住,67630,220183564,3255.71
2022年6月,基隆市,行,378696,365241982,964.47
2022年6月,基隆市,文教康樂,314795,366151442,1163.14
2022年6月,基隆市,百貨,611782,768094035,1255.5
2022年6月,基隆市,其他,453093,1624310332,3584.94
2022年6月,宜蘭縣,食,561117,228879851,407.9
2022年6月,宜蘭縣,衣,40509,94032235,2321.27
2022年6月,宜蘭縣,住,65466,212261431,3242.32
2022年6月,宜蘭縣,行,317839,345996584,1088.59
2022年6月,宜蘭縣,文教康樂,258717,295308597,1141.43
2022年6月,宜蘭縣,百貨,535149,640598595,1197.05
2022年6月,宜蘭縣,其他,343698,1224847033,3563.73
2022年6月,花蓮縣,食,416868,191183404,458.62
2022年6月,花蓮縣,衣,26414,60739509,2299.52
2022年6月,花蓮縣,住,42361,152126575,3591.19
2022年6月,花蓮縣,行,226188,252526247,1116.44
2022年6月,花蓮縣,文教康樂,180635,214978337,1190.13
2022年6月,花蓮縣,百貨,349953,450936295,1288.56
2022年6月,花蓮縣,其他,222262,813383405,3659.57
2022年6月,臺東縣,食,197652,85080294,430.46
2022年6月,臺東縣,衣,15559,33398566,2146.58
2022年6月,臺東縣,住,21081,75492826,3581.08
2022年6月,臺東縣,行,126620,140832806,1112.25
2022年6月,臺東縣,文教康樂,90892,103912960,1143.26
2022年6月,臺東縣,百貨,169792,207095176,1219.7
2022年6月,臺東縣,其他,111051,445238614,4009.32
2022年6月,澎湖縣,食,80993,34073917,420.7
2022年6月,澎湖縣,衣,6896,16704141,2422.29
2022年6月,澎湖縣,住,10844,30439654,2807.05
2022年6月,澎湖縣,行,49831,65142883,1307.28
2022年6月,澎湖縣,文教康樂,44662,51409466,1151.08
2022年6月,澎湖縣,百貨,76691,86813980,1132.0
2022年6月,澎湖縣,其他,49904,167433677,3355.12
2022年6月,金門縣,食,69929,31986116,457.41
2022年6月,金門縣,衣,5963,15093477,2531.19
2022年6月,金門縣,住,10532,30174048,2864.99
2022年6月,金門縣,行,32280,40541990,1255.95
2022年6月,金門縣,文教康樂,36629,47425749,1294.76
2022年6月,金門縣,百貨,80236,95561195,1191.0
2022年6月,金門縣,其他,42771,147474357,3448.0
2022年6月,連江縣,食,12326,5916725,480.02
2022年6月,連江縣,衣,905,2425077,2679.64
2022年6月,連江縣,住,1731,3544155,2047.46
2022年6月,連江縣,行,6580,12249477,1861.62
2022年6月,連江縣,文教康樂,7155,8399654,1173.96
2022年6月,連江縣,百貨,10710,13764326,1285.18
2022年6月,連江縣,其他,8033,27619228,3438.22
2022年7月,臺北市,食,11526396,6610524760,573.51
2022年7月,臺北市,衣,632008,2086527103,3301.43
2022年7月,臺北市,住,915319,4159687374,4544.52
2022年7月,臺北市,行,4779150,4236630029,886.48
2022年7月,臺北市,文教康樂,4057909,6813526193,1679.07
2022年7月,臺北市,百貨,8309641,11593424787,1395.18
2022年7月,臺北市,其他,4540141,13542256411,2982.78
2022年7月,新北市,食,12313824,6004763584,487.64
2022年7月,新北市,衣,802131,1958300900,2441.37
2022年7月,新北市,住,1161671,3960486819,3409.3
2022年7月,新北市,行,5733831,5266697880,918.53
2022年7月,新北市,文教康樂,4939053,6841544754,1385.19
2022年7月,新北市,百貨,10446172,13096337274,1253.7
2022年7月,新北市,其他,6105129,14926922154,2444.98
2022年7月,桃園市,食,5454615,2546362754,466.83
2022年7月,桃園市,衣,340824,810386815,2377.73
2022年7月,桃園市,住,544806,1873321340,3438.51
2022年7月,桃園市,行,2799332,3104930412,1109.17
2022年7月,桃園市,文教康樂,2253860,2955767732,1311.42
2022年7月,桃園市,百貨,4522966,6321138932,1397.56
2022年7月,桃園市,其他,2806859,6931673283,2469.55
2022年7月,新竹縣,食,1601311,824716303,515.03
2022年7月,新竹縣,衣,88747,232980496,2625.22
2022年7月,新竹縣,住,155271,676707157,4358.23
2022年7月,新竹縣,行,753382,903647551,1199.45
2022年7月,新竹縣,文教康樂,623493,1002135203,1607.29
2022年7月,新竹縣,百貨,1261285,1819334719,1442.45
2022年7月,新竹縣,其他,778734,1959228979,2515.92
2022年7月,新竹市,食,1555898,788523841,506.8
2022年7月,新竹市,衣,79785,209181501,2621.81
2022年7月,新竹市,住,147744,556652167,3767.68
2022年7月,新竹市,行,664643,721904711,1086.15
2022年7月,新竹市,文教康樂,570918,875333502,1533.2
2022年7月,新竹市,百貨,1258525,1780707849,1414.92
2022年7月,新竹市,其他,726956,1799093044,2474.83
2022年7月,苗栗縣,食,792084,372043116,469.7
2022年7月,苗栗縣,衣,56664,139340675,2459.07
2022年7月,苗栗縣,住,88584,313174835,3535.34
2022年7月,苗栗縣,行,528373,592460935,1121.29
2022年7月,苗栗縣,文教康樂,340746,427525873,1254.68
2022年7月,苗栗縣,百貨,672130,904587398,1345.85
2022年7月,苗栗縣,其他,482166,1164593050,2415.34
2022年7月,臺中市,食,7024212,3652808973,520.03
2022年7月,臺中市,衣,459306,1160961523,2527.64
2022年7月,臺中市,住,723768,2549369493,3522.36
2022年7月,臺中市,行,3586770,3871837060,1079.48
2022年7月,臺中市,文教康樂,2590789,3856796276,1488.66
2022年7月,臺中市,百貨,5671812,7921210998,1396.59
2022年7月,臺中市,其他,3428678,9480447387,2765.04
2022年7月,彰化縣,食,1551462,768024255,495.03
2022年7月,彰化縣,衣,132331,320610701,2422.79
2022年7月,彰化縣,住,180517,600256900,3325.21
2022年7月,彰化縣,行,1051614,1192584493,1134.05
2022年7月,彰化縣,文教康樂,651616,857378290,1315.77
2022年7月,彰化縣,百貨,1370283,1829068736,1334.81
2022年7月,彰化縣,其他,964805,2572706799,2666.56
2022年7月,南投縣,食,506172,241053342,476.23
2022年7月,南投縣,衣,42548,94827505,2228.72
2022年7月,南投縣,住,61023,212376730,3480.27
2022年7月,南投縣,行,363592,418721774,1151.63
2022年7月,南投縣,文教康樂,230360,295113192,1281.1
2022年7月,南投縣,百貨,456378,585156549,1282.18
2022年7月,南投縣,其他,311618,855869904,2746.54
2022年7月,雲林縣,食,606087,280179334,462.28
2022年7月,雲林縣,衣,56325,123971765,2201.01
2022年7月,雲林縣,住,79019,266753259,3375.81
2022年7月,雲林縣,行,492724,558372839,1133.24
2022年7月,雲林縣,文教康樂,285554,352480487,1234.37
2022年7月,雲林縣,百貨,560666,743179969,1325.53
2022年7月,雲林縣,其他,388631,1074541404,2764.94
2022年7月,嘉義縣,食,399477,196044556,490.75
2022年7月,嘉義縣,衣,36274,104155123,2871.34
2022年7月,嘉義縣,住,52243,194839955,3729.49
2022年7月,嘉義縣,行,361426,394669981,1091.98
2022年7月,嘉義縣,文教康樂,214219,278840115,1301.66
2022年7月,嘉義縣,百貨,421777,574904550,1363.05
2022年7月,嘉義縣,其他,287123,748890693,2608.26
2022年7月,嘉義市,食,430423,210133569,488.2
2022年7月,嘉義市,衣,33906,83695809,2468.47
2022年7月,嘉義市,住,54480,197429345,3623.89
2022年7月,嘉義市,行,265825,273519402,1028.95
2022年7月,嘉義市,文教康樂,179716,239796556,1334.31
2022年7月,嘉義市,百貨,429387,604683053,1408.25
2022年7月,嘉義市,其他,261507,719214477,2750.27
2022年7月,臺南市,食,3068536,1502983078,489.8
2022年7月,臺南市,衣,231229,520654049,2251.68
2022年7月,臺南市,住,396705,1300020924,3277.05
2022年7月,臺南市,行,1971818,2130061135,1080.25
2022年7月,臺南市,文教康樂,1370643,1799354509,1312.78
2022年7月,臺南市,百貨,3118579,4311558067,1382.54
2022年7月,臺南市,其他,1980469,5035022411,2542.34
2022年7月,高雄市,食,5242333,2757592302,526.02
2022年7月,高雄市,衣,358177,814081546,2272.85
2022年7月,高雄市,住,618245,2081449874,3366.71
2022年7月,高雄市,行,2985151,3169446689,1061.74
2022年7月,高雄市,文教康樂,2216764,2857542380,1289.06
2022年7月,高雄市,百貨,5011739,7057864491,1408.27
2022年7月,高雄市,其他,2986968,8032290589,2689.11
2022年7月,屏東縣,食,762825,387848781,508.44
2022年7月,屏東縣,衣,61399,138523891,2256.13
2022年7月,屏東縣,住,101392,350131047,3453.24
2022年7月,屏東縣,行,603920,651108966,1078.14
2022年7月,屏東縣,文教康樂,373666,448234698,1199.56
2022年7月,屏東縣,百貨,778898,1058235403,1358.63
2022年7月,屏東縣,其他,534769,1510579964,2824.73
2022年7月,基隆市,食,696923,342286045,491.14
2022年7月,基隆市,衣,56535,135600441,2398.52
2022年7月,基隆市,住,72701,265432497,3651.02
2022年7月,基隆市,行,424181,406657757,958.69
2022年7月,基隆市,文教康樂,326721,395956695,1211.91
2022年7月,基隆市,百貨,658127,804792745,1222.85
2022年7月,基隆市,其他,448682,1016510933,2265.55
2022年7月,宜蘭縣,食,567591,261122182,460.05
2022年7月,宜蘭縣,衣,43395,104347564,2404.6
2022年7月,宜蘭縣,住,71591,257220115,3592.91
2022年7月,宜蘭縣,行,359843,389812967,1083.29
2022年7月,宜蘭縣,文教康樂,269015,326460615,1213.54
2022年7月,宜蘭縣,百貨,579311,686305820,1184.69
2022年7月,宜蘭縣,其他,344345,924110865,2683.68
2022年7月,花蓮縣,食,420077,220021682,523.77
2022年7月,花蓮縣,衣,29694,66680603,2245.59
2022年7月,花蓮縣,住,45906,182836908,3982.85
2022年7月,花蓮縣,行,258187,275390254,1066.63
2022年7月,花蓮縣,文教康樂,183125,221177986,1207.8
2022年7月,花蓮縣,百貨,372125,471644010,1267.43
2022年7月,花蓮縣,其他,220838,614623541,2783.14
2022年7月,臺東縣,食,204016,99838420,489.37
2022年7月,臺東縣,衣,17295,36811906,2128.47
2022年7月,臺東縣,住,24004,93363513,3889.5
2022年7月,臺東縣,行,148000,156474352,1057.26
2022年7月,臺東縣,文教康樂,94680,112921517,1192.66
2022年7月,臺東縣,百貨,184057,231464066,1257.57
2022年7月,臺東縣,其他,111177,321738504,2893.93
2022年7月,澎湖縣,食,83062,38583005,464.51
2022年7月,澎湖縣,衣,7719,19354982,2507.45
2022年7月,澎湖縣,住,11897,38913591,3270.87
2022年7月,澎湖縣,行,59980,83710091,1395.63
2022年7月,澎湖縣,文教康樂,46622,57642717,1236.38
2022年7月,澎湖縣,百貨,84728,98924549,1167.55
2022年7月,澎湖縣,其他,48940,159508151,3259.26
2022年7月,金門縣,食,72061,34274680,475.63
2022年7月,金門縣,衣,6533,14161441,2167.68
2022年7月,金門縣,住,10997,37611316,3420.14
2022年7月,金門縣,行,39909,54964751,1377.25
2022年7月,金門縣,文教康樂,39205,44032784,1123.14
2022年7月,金門縣,百貨,90451,109311947,1208.52
2022年7月,金門縣,其他,41146,102755383,2497.34
2022年7月,連江縣,食,13802,6890188,499.22
2022年7月,連江縣,衣,1049,2278009,2171.6
2022年7月,連江縣,住,2019,5214766,2582.85
2022年7月,連江縣,行,8474,14674051,1731.66
2022年7月,連江縣,文教康樂,7354,9361310,1272.95
2022年7月,連江縣,百貨,12694,15477285,1219.26
2022年7月,連江縣,其他,7980,19319572,2421.0
2022年8月,臺北市,食,11719913,7035648440,600.32
2022年8月,臺北市,衣,590340,1974180895,3344.14
2022年8月,臺北市,住,925380,3954719625,4273.62
2022年8月,臺北市,行,4943513,4232103599,856.09
2022年8月,臺北市,文教康樂,4152742,8527978131,2053.58
2022年8月,臺北市,百貨,8534225,11597864034,1358.98
2022年8月,臺北市,其他,4667032,14081401143,3017.21
2022年8月,新北市,食,12349259,6335597791,513.03
2022年8月,新北市,衣,747107,1833026501,2453.5
2022年8月,新北市,住,1165812,3720721204,3191.53
2022年8月,新北市,行,5860560,5088052355,868.19
2022年8月,新北市,文教康樂,5007091,8687739199,1735.09
2022年8月,新北市,百貨,10687564,13182347998,1233.43
2022年8月,新北市,其他,6195328,16126571495,2603.02
2022年8月,桃園市,食,5387875,2673709825,496.25
2022年8月,桃園市,衣,318827,765258681,2400.23
2022年8月,桃園市,住,551603,1748440094,3169.74
2022年8月,桃園市,行,2861728,2978891686,1040.94
2022年8月,桃園市,文教康樂,2300995,3816233158,1658.51
2022年8月,桃園市,百貨,4622280,6389075529,1382.23
2022年8月,桃園市,其他,2853571,7277899870,2550.45
2022年8月,新竹縣,食,1603163,857271049,534.74
2022年8月,新竹縣,衣,84239,249192949,2958.17
2022年8月,新竹縣,住,157150,585966288,3728.71
2022年8月,新竹縣,行,780974,864256857,1106.64
2022年8月,新竹縣,文教康樂,639896,1141207224,1783.43
2022年8月,新竹縣,百貨,1280092,1817141044,1419.54
2022年8月,新竹縣,其他,797053,2043228107,2563.48
2022年8月,新竹市,食,1536820,813136644,529.1
2022年8月,新竹市,衣,76509,203051781,2653.96
2022年8月,新竹市,住,151685,560863257,3697.55
2022年8月,新竹市,行,686222,711546723,1036.9
2022年8月,新竹市,文教康樂,578176,1154909654,1997.51
2022年8月,新竹市,百貨,1288308,1775045262,1377.81
2022年8月,新竹市,其他,748813,1917220085,2560.35
2022年8月,苗栗縣,食,756295,378529017,500.5
2022年8月,苗栗縣,衣,54171,130854347,2415.58
2022年8月,苗栗縣,住,90640,291782754,3219.14
2022年8月,苗栗縣,行,536510,574741135,1071.26
2022年8月,苗栗縣,文教康樂,347978,548551841,1576.4
2022年8月,苗栗縣,百貨,687486,912942466,1327.94
2022年8月,苗栗縣,其他,488390,1198980353,2454.96
2022年8月,臺中市,食,6919769,3871860686,559.54
2022年8月,臺中市,衣,442668,1113449296,2515.31
2022年8月,臺中市,住,727192,2399576733,3299.78
2022年8月,臺中市,行,3718838,3837445931,1031.89
2022年8月,臺中市,文教康樂,2652367,5380909916,2028.72
2022年8月,臺中市,百貨,5774335,7943270803,1375.62
2022年8月,臺中市,其他,3472140,9909594901,2854.03
2022年8月,彰化縣,食,1488105,785562517,527.89
2022年8月,彰化縣,衣,132978,312180842,2347.61
2022年8月,彰化縣,住,185510,574018632,3094.27
2022年8月,彰化縣,行,1075739,1173437724,1090.82
2022年8月,彰化縣,文教康樂,669966,1210171309,1806.32
2022年8月,彰化縣,百貨,1398298,1867986669,1335.9
2022年8月,彰化縣,其他,959384,2733751085,2849.49
2022年8月,南投縣,食,483825,248778718,514.19
2022年8月,南投縣,衣,42604,94627370,2221.09
2022年8月,南投縣,住,60802,191340142,3146.94
2022年8月,南投縣,行,372975,404603394,1084.8
2022年8月,南投縣,文教康樂,238429,392718282,1647.11
2022年8月,南投縣,百貨,465110,600505131,1291.1
2022年8月,南投縣,其他,314054,874908480,2785.85
2022年8月,雲林縣,食,588312,294093532,499.89
2022年8月,雲林縣,衣,55756,123490688,2214.84
2022年8月,雲林縣,住,79409,244989967,3085.17
2022年8月,雲林縣,行,502111,545592019,1086.6
2022年8月,雲林縣,文教康樂,293558,509004068,1733.91
2022年8月,雲林縣,百貨,574672,769538967,1339.09
2022年8月,雲林縣,其他,391528,1123173557,2868.69
2022年8月,嘉義縣,食,389879,200491829,514.24
2022年8月,嘉義縣,衣,37305,91836655,2461.78
2022年8月,嘉義縣,住,53725,161475433,3005.59
2022年8月,嘉義縣,行,368937,380961112,1032.59
2022年8月,嘉義縣,文教康樂,223221,328970014,1473.74
2022年8月,嘉義縣,百貨,434549,583029391,1341.69
2022年8月,嘉義縣,其他,284581,770684796,2708.14
2022年8月,嘉義市,食,434985,225485352,518.38
2022年8月,嘉義市,衣,33371,80408138,2409.52
2022年8月,嘉義市,住,56529,188275240,3330.6
2022年8月,嘉義市,行,274792,277415512,1009.55
2022年8月,嘉義市,文教康樂,183390,319326271,1741.24
2022年8月,嘉義市,百貨,442631,603868730,1364.27
2022年8月,嘉義市,其他,265510,768454539,2894.26
2022年8月,臺南市,食,2989799,1560534675,521.95
2022年8月,臺南市,衣,226558,504257503,2225.73
2022年8月,臺南市,住,408093,1248137149,3058.46
2022年8月,臺南市,行,2014815,2055527622,1020.21
2022年8月,臺南市,文教康樂,1429565,2338016036,1635.47
2022年8月,臺南市,百貨,3213900,4400954908,1369.35
2022年8月,臺南市,其他,2016724,5420909795,2687.98
2022年8月,高雄市,食,5252133,2969877168,565.46
2022年8月,高雄市,衣,353429,791119244,2238.41
2022年8月,高雄市,住,627488,1989897100,3171.21
2022年8月,高雄市,行,3098605,3123186924,1007.93
2022年8月,高雄市,文教康樂,2255807,3528194900,1564.05
2022年8月,高雄市,百貨,5151822,7053207056,1369.07
2022年8月,高雄市,其他,2986865,8574601532,2870.77
2022年8月,屏東縣,食,730135,399959762,547.79
2022年8月,屏東縣,衣,62303,135260114,2171.0
2022年8月,屏東縣,住,103977,321535098,3092.37
2022年8月,屏東縣,行,619464,650723425,1050.46
2022年8月,屏東縣,文教康樂,382096,561780414,1470.26
2022年8月,屏東縣,百貨,787089,1079029043,1370.91
2022年8月,屏東縣,其他,531942,1650863815,3103.47
2022年8月,基隆市,食,694751,357036732,513.91
2022年8月,基隆市,衣,52966,120134170,2268.14
2022年8月,基隆市,住,73694,249717094,3388.57
2022年8月,基隆市,行,436017,397202430,910.98
2022年8月,基隆市,文教康樂,332669,500220771,1503.66
2022年8月,基隆市,百貨,673132,787745197,1170.27
2022年8月,基隆市,其他,466741,1079560350,2312.98
2022年8月,宜蘭縣,食,538204,263813629,490.17
2022年8月,宜蘭縣,衣,43632,98663651,2261.27
2022年8月,宜蘭縣,住,74211,235053556,3167.37
2022年8月,宜蘭縣,行,367423,375400134,1021.71
2022年8月,宜蘭縣,文教康樂,278282,436970429,1570.24
2022年8月,宜蘭縣,百貨,592733,709446263,1196.91
2022年8月,宜蘭縣,其他,349894,952028319,2720.9
2022年8月,花蓮縣,食,402320,219233434,544.92
2022年8月,花蓮縣,衣,29540,69004706,2335.98
2022年8月,花蓮縣,住,48343,167360702,3461.94
2022年8月,花蓮縣,行,269226,266756634,990.83
2022年8月,花蓮縣,文教康樂,185646,290124273,1562.78
2022年8月,花蓮縣,百貨,384310,491224177,1278.2
2022年8月,花蓮縣,其他,230933,663370281,2872.57
2022年8月,臺東縣,食,201590,102496699,508.44
2022年8月,臺東縣,衣,17089,36483791,2134.93
2022年8月,臺東縣,住,24958,80147099,3211.28
2022年8月,臺東縣,行,151895,147668253,972.17
2022年8月,臺東縣,文教康樂,97610,151504808,1552.14
2022年8月,臺東縣,百貨,190933,241647133,1265.61
2022年8月,臺東縣,其他,113458,342620701,3019.8
2022年8月,澎湖縣,食,82089,40073327,488.17
2022年8月,澎湖縣,衣,8214,21014512,2558.38
2022年8月,澎湖縣,住,12660,39193990,3095.89
2022年8月,澎湖縣,行,61926,78677294,1270.51
2022年8月,澎湖縣,文教康樂,47931,125002138,2607.96
2022年8月,澎湖縣,百貨,90910,108120997,1189.32
2022年8月,澎湖縣,其他,52187,144568707,2770.21
2022年8月,金門縣,食,71521,36368326,508.5
2022年8月,金門縣,衣,6759,13236928,1958.42
2022年8月,金門縣,住,12471,42462467,3404.9
2022年8月,金門縣,行,43073,58439174,1356.75
2022年8月,金門縣,文教康樂,40410,59193057,1464.81
2022年8月,金門縣,百貨,96333,107902490,1120.1
2022年8月,金門縣,其他,42877,113186022,2639.78
2022年8月,連江縣,食,13261,10141659,764.77
2022年8月,連江縣,衣,1126,2590397,2300.53
2022年8月,連江縣,住,2031,6027983,2967.99
2022年8月,連江縣,行,8675,14082047,1623.29
2022年8月,連江縣,文教康樂,7484,12737464,1701.96
2022年8月,連江縣,百貨,13823,16348706,1182.72
2022年8月,連江縣,其他,8895,22154305,2490.65
2022年9月,臺北市,食,10839683,6343528204,585.21
2022年9月,臺北市,衣,535528,2029426164,3789.58
2022年9月,臺北市,住,829792,3703845533,4463.58
2022年9月,臺北市,行,4653098,4494651689,965.95
2022年9月,臺北市,文教康樂,3909639,8475620465,2167.88
2022年9月,臺北市,百貨,7821593,12110496344,1548.34
2022年9月,臺北市,其他,4374993,12968340805,2964.2
2022年9月,新北市,食,11495787,5682078359,494.27
2022年9月,新北市,衣,679233,1781090695,2622.21
2022年9月,新北市,住,1062260,3499999015,3294.86
2022年9月,新北市,行,5550950,5349100542,963.64
2022年9月,新北市,文教康樂,4802700,8841646120,1840.97
2022年9月,新北市,百貨,9829530,12921416492,1314.55
2022年9月,新北市,其他,5852610,15132716183,2585.64
2022年9月,桃園市,食,5037553,2385502765,473.54
2022年9月,桃園市,衣,293071,782019450,2668.36
2022年9月,桃園市,住,503308,1640499556,3259.43
2022年9月,桃園市,行,2722064,3062662633,1125.13
2022年9月,桃園市,文教康樂,2152705,3750460106,1742.21
2022年9月,桃園市,百貨,4260622,6191189136,1453.12
2022年9月,桃園市,其他,2690229,6942163653,2580.51
2022年9月,新竹縣,食,1491972,771886664,517.36
2022年9月,新竹縣,衣,80278,222522330,2771.9
2022年9月,新竹縣,住,141175,540917692,3831.54
2022年9月,新竹縣,行,744273,896261971,1204.21
2022年9月,新竹縣,文教康樂,625235,1281820582,2050.14
2022年9月,新竹縣,百貨,1185106,1728693643,1458.68
2022年9月,新竹縣,其他,747235,1937928389,2593.47
2022年9月,新竹市,食,1440950,738521686,512.52
2022年9月,新竹市,衣,73370,225090868,3067.89
2022年9月,新竹市,住,137278,512867383,3735.98
2022年9月,新竹市,行,657895,750366019,1140.56
2022年9月,新竹市,文教康樂,544777,1150996277,2112.78
2022年9月,新竹市,百貨,1191077,1738535008,1459.63
2022年9月,新竹市,其他,699501,1790479442,2559.65
2022年9月,苗栗縣,食,710217,339275870,477.71
2022年9月,苗栗縣,衣,49768,125237492,2516.43
2022年9月,苗栗縣,住,80765,268933256,3329.82
2022年9月,苗栗縣,行,512531,562729328,1097.94
2022年9月,苗栗縣,文教康樂,332963,546661467,1641.81
2022年9月,苗栗縣,百貨,633755,901563183,1422.57
2022年9月,苗栗縣,其他,458363,1144303200,2496.5
2022年9月,臺中市,食,6579162,3534617881,537.24
2022年9月,臺中市,衣,410261,1118046094,2725.21
2022年9月,臺中市,住,664343,2237997903,3368.74
2022年9月,臺中市,行,3574951,3846314782,1075.91
2022年9月,臺中市,文教康樂,2550631,5269992572,2066.15
2022年9月,臺中市,百貨,5481536,8890597994,1621.92
2022年9月,臺中市,其他,3305284,9390702289,2841.12
2022年9月,彰化縣,食,1415152,705386130,498.45
2022年9月,彰化縣,衣,120541,288236695,2391.19
2022年9月,彰化縣,住,166823,523866825,3140.26
2022年9月,彰化縣,行,1032492,1189611626,1152.18
2022年9月,彰化縣,文教康樂,637419,1174608658,1842.76
2022年9月,彰化縣,百貨,1300628,1927923929,1482.3
2022年9月,彰化縣,其他,917766,2578872427,2809.95
2022年9月,南投縣,食,461999,224349214,485.61
2022年9月,南投縣,衣,39255,88632118,2257.86
2022年9月,南投縣,住,54432,175876441,3231.12
2022年9月,南投縣,行,357122,409678217,1147.17
2022年9月,南投縣,文教康樂,226155,369526031,1633.95
2022年9月,南投縣,百貨,433488,599056491,1381.94
2022年9月,南投縣,其他,298896,855914096,2863.58
2022年9月,雲林縣,食,556188,261774083,470.66
2022年9月,雲林縣,衣,52538,120842433,2300.1
2022年9月,雲林縣,住,70696,224352507,3173.48
2022年9月,雲林縣,行,481265,554308801,1151.77
2022年9月,雲林縣,文教康樂,275747,452298439,1640.27
2022年9月,雲林縣,百貨,528698,739477836,1398.68
2022年9月,雲林縣,其他,370420,1081683633,2920.15
2022年9月,嘉義縣,食,371618,184615437,496.79
2022年9月,嘉義縣,衣,34755,77595041,2232.63
2022年9月,嘉義縣,住,48177,153817459,3192.76
2022年9月,嘉義縣,行,357318,397152151,1111.48
2022年9月,嘉義縣,文教康樂,210990,350465534,1661.05
2022年9月,嘉義縣,百貨,400593,565401590,1411.41
2022年9月,嘉義縣,其他,273917,738814987,2697.22
2022年9月,嘉義市,食,406213,206600344,508.6
2022年9月,嘉義市,衣,32402,83569159,2579.14
2022年9月,嘉義市,住,49619,168916272,3404.27
2022年9月,嘉義市,行,263844,290209461,1099.93
2022年9月,嘉義市,文教康樂,175914,312955341,1779.02
2022年9月,嘉義市,百貨,411782,588853716,1430.01
2022年9月,嘉義市,其他,254564,713283012,2801.98
2022年9月,臺南市,食,2868321,1429379124,498.33
2022年9月,臺南市,衣,217287,527534154,2427.82
2022年9月,臺南市,住,377583,1179150404,3122.89
2022年9月,臺南市,行,1948939,2097559554,1076.26
2022年9月,臺南市,文教康樂,1322076,2222278959,1680.9
2022年9月,臺南市,百貨,2931801,3986443297,1359.73
2022年9月,臺南市,其他,1933348,5224118376,2702.11
2022年9月,高雄市,食,4982381,2680094054,537.91
2022年9月,高雄市,衣,338482,762559304,2252.88
2022年9月,高雄市,住,585247,1910925205,3265.16
2022年9月,高雄市,行,3000710,3112793898,1037.35
2022年9月,高雄市,文教康樂,2151831,3728725520,1732.82
2022年9月,高雄市,百貨,4769358,7082289269,1484.96
2022年9月,高雄市,其他,2898353,8227779758,2838.78
2022年9月,屏東縣,食,694022,352940946,508.54
2022年9月,屏東縣,衣,59547,128014228,2149.8
2022年9月,屏東縣,住,93591,289397349,3092.15
2022年9月,屏東縣,行,595025,633934815,1065.39
2022年9月,屏東縣,文教康樂,363747,557827035,1533.56
2022年9月,屏東縣,百貨,720521,1022847735,1419.59
2022年9月,屏東縣,其他,506100,1549664253,3061.97
2022年9月,基隆市,食,648661,321135873,495.08
2022年9月,基隆市,衣,48405,116185572,2400.28
2022年9月,基隆市,住,66717,224314598,3362.18
2022年9月,基隆市,行,408257,392388310,961.13
2022年9月,基隆市,文教康樂,318209,512429264,1610.35
2022年9月,基隆市,百貨,625487,786073416,1256.74
2022年9月,基隆市,其他,430581,1027185576,2385.58
2022年9月,宜蘭縣,食,514372,246984530,480.17
2022年9月,宜蘭縣,衣,40268,105036466,2608.44
2022年9月,宜蘭縣,住,65883,209493088,3179.77
2022年9月,宜蘭縣,行,346017,373618147,1079.77
2022年9月,宜蘭縣,文教康樂,263389,423806834,1609.05
2022年9月,宜蘭縣,百貨,539933,715046212,1324.32
2022年9月,宜蘭縣,其他,328323,900359268,2742.3
2022年9月,花蓮縣,食,380777,204480761,537.01
2022年9月,花蓮縣,衣,26880,64505715,2399.77
2022年9月,花蓮縣,住,43870,151387531,3450.82
2022年9月,花蓮縣,行,248028,255332057,1029.45
2022年9月,花蓮縣,文教康樂,175730,272721501,1551.93
2022年9月,花蓮縣,百貨,351963,440489070,1251.52
2022年9月,花蓮縣,其他,212823,628450472,2952.93
2022年9月,臺東縣,食,189588,91540143,482.84
2022年9月,臺東縣,衣,15658,33353744,2130.14
2022年9月,臺東縣,住,23202,79042834,3406.73
2022年9月,臺東縣,行,144629,144324455,997.89
2022年9月,臺東縣,文教康樂,93038,144299443,1550.97
2022年9月,臺東縣,百貨,176271,219217786,1243.64
2022年9月,臺東縣,其他,105356,333061570,3161.3
2022年9月,澎湖縣,食,79507,36546170,459.66
2022年9月,澎湖縣,衣,7554,19246180,2547.81
2022年9月,澎湖縣,住,11894,37269367,3133.46
2022年9月,澎湖縣,行,58481,68993899,1179.77
2022年9月,澎湖縣,文教康樂,46313,66121330,1427.71
2022年9月,澎湖縣,百貨,83796,103776448,1238.44
2022年9月,澎湖縣,其他,46625,135778174,2912.13
2022年9月,金門縣,食,68693,54102323,787.6
2022年9月,金門縣,衣,6041,14545089,2407.73
2022年9月,金門縣,住,11306,37444870,3311.95
2022年9月,金門縣,行,40537,53218877,1312.85
2022年9月,金門縣,文教康樂,37469,56119703,1497.76
2022年9月,金門縣,百貨,88704,99876782,1125.96
2022年9月,金門縣,其他,39404,106555419,2704.18
2022年9月,連江縣,食,12697,7960701,626.97
2022年9月,連江縣,衣,881,2316261,2629.13
2022年9月,連江縣,住,1707,4637442,2716.72
2022年9月,連江縣,行,8157,11648494,1428.04
2022年9月,連江縣,文教康樂,7194,10863913,1510.14
2022年9月,連江縣,百貨,11791,12946934,1098.04
2022年9月,連江縣,其他,7645,18606904,2433.87
2022年10月,臺北市,食,11497181,6788027933,590.41
2022年10月,臺北市,衣,617996,2402343608,3887.31
2022年10月,臺北市,住,866147,3864473341,4461.68
2022年10月,臺北市,行,4828935,4965206577,1028.22
2022年10月,臺北市,文教康樂,4024526,9177400761,2280.37
2022年10月,臺北市,百貨,8335011,14287321586,1714.13
2022年10月,臺北市,其他,4414447,13652040970,3092.58
2022年10月,新北市,食,12177678,6081789837,499.42
2022年10月,新北市,衣,794037,2185235198,2752.06
2022年10月,新北市,住,1103944,3669245255,3323.76
2022年10月,新北市,行,5767078,6001054043,1040.57
2022年10月,新北市,文教康樂,4975241,8895765406,1788.01
2022年10月,新北市,百貨,10598470,15689578459,1480.36
2022年10月,新北市,其他,5807531,15346433190,2642.51
2022年10月,桃園市,食,5374072,2566728166,477.61
2022年10月,桃園市,衣,350982,967050746,2755.27
2022年10月,桃園市,住,524090,1686313115,3217.6
2022年10月,桃園市,行,2852122,3284572856,1151.62
2022年10月,桃園市,文教康樂,2258128,3953266897,1750.68
2022年10月,桃園市,百貨,4618706,7488289699,1621.3
2022年10月,桃園市,其他,2706862,7117745072,2629.52
2022年10月,新竹縣,食,1592732,810324855,508.76
2022年10月,新竹縣,衣,94846,288196469,3038.57
2022年10月,新竹縣,住,144575,543842241,3761.66
2022年10月,新竹縣,行,781620,957520954,1225.05
2022年10月,新竹縣,文教康樂,650208,1130788725,1739.12
2022年10月,新竹縣,百貨,1272826,1957335066,1537.79
2022年10月,新竹縣,其他,756713,1921053211,2538.68
2022年10月,新竹市,食,1536563,787238263,512.34
2022年10月,新竹市,衣,85745,260267675,3035.37
2022年10月,新竹市,住,140158,531579404,3792.72
2022年10月,新竹市,行,688939,828331371,1202.33
2022年10月,新竹市,文教康樂,568093,1226315932,2158.65
2022年10月,新竹市,百貨,1274919,2062802756,1617.99
2022年10月,新竹市,其他,707237,1767425800,2499.06
2022年10月,苗栗縣,食,752765,356911240,474.13
2022年10月,苗栗縣,衣,59359,154709683,2606.34
2022年10月,苗栗縣,住,82206,257755538,3135.48
2022年10月,苗栗縣,行,534894,617083229,1153.66
2022年10月,苗栗縣,文教康樂,348166,561042782,1611.42
2022年10月,苗栗縣,百貨,681095,1002418810,1471.78
2022年10月,苗栗縣,其他,460476,1149754832,2496.88
2022年10月,臺中市,食,7037575,3726385742,529.5
2022年10月,臺中市,衣,470371,1399991295,2976.36
2022年10月,臺中市,住,685172,2293694876,3347.62
2022年10月,臺中市,行,3740407,4296887806,1148.78
2022年10月,臺中市,文教康樂,2672640,5040673418,1886.03
2022年10月,臺中市,百貨,5884906,9573876961,1626.85
2022年10月,臺中市,其他,3328453,9512861323,2858.04
2022年10月,彰化縣,食,1515862,758201612,500.18
2022年10月,彰化縣,衣,136765,346416960,2532.94
2022年10月,彰化縣,住,170859,543585308,3181.48
2022年10月,彰化縣,行,1085105,1306916497,1204.41
2022年10月,彰化縣,文教康樂,688589,1181649647,1716.04
2022年10月,彰化縣,百貨,1407652,2134077053,1516.05
2022年10月,彰化縣,其他,914881,2617131886,2860.63
2022年10月,南投縣,食,493392,239240347,484.89
2022年10月,南投縣,衣,43559,103607086,2378.55
2022年10月,南投縣,住,55882,199820404,3575.76
2022年10月,南投縣,行,375925,461938554,1228.81
2022年10月,南投縣,文教康樂,243305,379127504,1558.24
2022年10月,南投縣,百貨,463723,660651535,1424.67
2022年10月,南投縣,其他,301252,846197167,2808.93
2022年10月,雲林縣,食,599186,278134535,464.19
2022年10月,雲林縣,衣,59405,144985409,2440.63
2022年10月,雲林縣,住,72099,228585160,3170.43
2022年10月,雲林縣,行,508455,588274530,1156.98
2022年10月,雲林縣,文教康樂,294201,457808751,1556.11
2022年10月,雲林縣,百貨,574161,859780315,1497.46
2022年10月,雲林縣,其他,373547,1060764807,2839.71
2022年10月,嘉義縣,食,404554,191383303,473.07
2022年10月,嘉義縣,衣,39484,96651768,2447.87
2022年10月,嘉義縣,住,49870,145841909,2924.44
2022年10月,嘉義縣,行,378368,435429082,1150.81
2022年10月,嘉義縣,文教康樂,223253,338251907,1515.11
2022年10月,嘉義縣,百貨,437817,695106144,1587.66
2022年10月,嘉義縣,其他,271851,770171621,2833.07
2022年10月,嘉義市,食,439287,218121666,496.54
2022年10月,嘉義市,衣,35454,95390158,2690.53
2022年10月,嘉義市,住,49977,164214048,3285.79
2022年10月,嘉義市,行,277550,311975611,1124.03
2022年10月,嘉義市,文教康樂,182006,307462124,1689.3
2022年10月,嘉義市,百貨,449327,749174117,1667.32
2022年10月,嘉義市,其他,255585,726088999,2840.89
2022年10月,臺南市,食,3053315,1525488642,499.62
2022年10月,臺南市,衣,241165,609647580,2527.93
2022年10月,臺南市,住,383881,1206250611,3142.25
2022年10月,臺南市,行,2043404,2250987196,1101.59
2022年10月,臺南市,文教康樂,1373937,2433574278,1771.24
2022年10月,臺南市,百貨,3200051,4592529355,1435.14
2022年10月,臺南市,其他,1926015,5226050959,2713.4
2022年10月,高雄市,食,5313939,2785392117,524.17
2022年10月,高雄市,衣,368882,911311561,2470.47
2022年10月,高雄市,住,600450,1968407404,3278.22
2022年10月,高雄市,行,3126963,3386242330,1082.92
2022年10月,高雄市,文教康樂,2237269,3671692357,1641.15
2022年10月,高雄市,百貨,5258887,8422489130,1601.57
2022年10月,高雄市,其他,2867365,8312337576,2898.95
2022年10月,屏東縣,食,744739,368324352,494.57
2022年10月,屏東縣,衣,65084,147949477,2273.21
2022年10月,屏東縣,住,95944,291620013,3039.48
2022年10月,屏東縣,行,625189,688416969,1101.13
2022年10月,屏東縣,文教康樂,380355,568200733,1493.87
2022年10月,屏東縣,百貨,807431,1349231203,1671.02
2022年10月,屏東縣,其他,512745,1537177782,2997.94
2022年10月,基隆市,食,683244,341027505,499.13
2022年10月,基隆市,衣,56131,145706735,2595.83
2022年10月,基隆市,住,70317,230990319,3284.99
2022年10月,基隆市,行,423608,438323272,1034.74
2022年10月,基隆市,文教康樂,336838,520070939,1543.98
2022年10月,基隆市,百貨,675894,954057687,1411.55
2022年10月,基隆市,其他,434406,1046517824,2409.08
2022年10月,宜蘭縣,食,544486,265817770,488.2
2022年10月,宜蘭縣,衣,46433,123566630,2661.18
2022年10月,宜蘭縣,住,71330,240323853,3369.18
2022年10月,宜蘭縣,行,362243,418913809,1156.44
2022年10月,宜蘭縣,文教康樂,276791,415800175,1502.22
2022年10月,宜蘭縣,百貨,577092,784200746,1358.88
2022年10月,宜蘭縣,其他,334656,910057081,2719.38
2022年10月,花蓮縣,食,398621,219943839,551.76
2022年10月,花蓮縣,衣,31037,78189850,2519.25
2022年10月,花蓮縣,住,45496,156508974,3440.06
2022年10月,花蓮縣,行,258010,265049240,1027.28
2022年10月,花蓮縣,文教康樂,191624,271337219,1415.99
2022年10月,花蓮縣,百貨,383127,596863099,1557.87
2022年10月,花蓮縣,其他,220227,628541937,2854.06
2022年10月,臺東縣,食,200432,94609910,472.03
2022年10月,臺東縣,衣,18226,42199056,2315.32
2022年10月,臺東縣,住,23506,76926243,3272.62
2022年10月,臺東縣,行,148767,152755879,1026.81
2022年10月,臺東縣,文教康樂,97057,138965350,1431.79
2022年10月,臺東縣,百貨,186064,243582303,1309.13
2022年10月,臺東縣,其他,109407,326684036,2985.95
2022年10月,澎湖縣,食,82760,39375401,475.78
2022年10月,澎湖縣,衣,8609,23596317,2740.89
2022年10月,澎湖縣,住,12276,39416495,3210.86
2022年10月,澎湖縣,行,61412,74731671,1216.89
2022年10月,澎湖縣,文教康樂,48444,66939639,1381.79
2022年10月,澎湖縣,百貨,90544,116083601,1282.07
2022年10月,澎湖縣,其他,48409,137100488,2832.13
2022年10月,金門縣,食,72599,46883262,645.78
2022年10月,金門縣,衣,6907,15934237,2306.97
2022年10月,金門縣,住,10800,39552407,3662.26
2022年10月,金門縣,行,42123,57438664,1363.59
2022年10月,金門縣,文教康樂,39247,58945343,1501.91
2022年10月,金門縣,百貨,93050,102956626,1106.47
2022年10月,金門縣,其他,39787,107435164,2700.26
2022年10月,連江縣,食,12940,6039584,466.74
2022年10月,連江縣,衣,1046,2538761,2427.11
2022年10月,連江縣,住,1840,5114721,2779.74
2022年10月,連江縣,行,8899,15347059,1724.58
2022年10月,連江縣,文教康樂,7555,9987700,1322.0
2022年10月,連江縣,百貨,12284,15483489,1260.46
2022年10月,連江縣,其他,7398,17792146,2404.99
2022年11月,臺北市,食,11147991,6808951906,610.78
2022年11月,臺北市,衣,610621,2653434434,4345.47
2022年11月,臺北市,住,919734,4315180005,4691.77
2022年11月,臺北市,行,4846539,5103839657,1053.09
2022年11月,臺北市,文教康樂,4073580,8740028247,2145.54
2022年11月,臺北市,百貨,8522421,15967226625,1873.56
2022年11月,臺北市,其他,4721726,15391759199,3259.77
2022年11月,新北市,食,12074622,6086401497,504.07
2022年11月,新北市,衣,771534,2334210225,3025.41
2022年11月,新北市,住,1170103,4051673946,3462.66
2022年11月,新北市,行,5795166,6080661188,1049.26
2022年11月,新北市,文教康樂,5051420,8172876142,1617.94
2022年11月,新北市,百貨,10774684,16978366105,1575.76
2022年11月,新北市,其他,6234864,17177758363,2755.11
2022年11月,桃園市,食,5257673,2525721630,480.39
2022年11月,桃園市,衣,337374,1019620990,3022.23
2022年11月,桃園市,住,544260,1778145008,3267.09
2022年11月,桃園市,行,2845929,3394808201,1192.86
2022年11月,桃園市,文教康樂,2295825,3542851827,1543.17
2022年11月,桃園市,百貨,4684017,8110850152,1731.6
2022年11月,桃園市,其他,2861662,7815401268,2731.07
2022年11月,新竹縣,食,1542797,801478263,519.5
2022年11月,新竹縣,衣,89068,305134202,3425.86
2022年11月,新竹縣,住,148972,573180180,3847.57
2022年11月,新竹縣,行,778032,1012091906,1300.84
2022年11月,新竹縣,文教康樂,663748,1052951335,1586.37
2022年11月,新竹縣,百貨,1293587,2326877030,1798.78
2022年11月,新竹縣,其他,803679,2126616991,2646.1
2022年11月,新竹市,食,1511464,774678455,512.54
2022年11月,新竹市,衣,82791,284684121,3438.59
2022年11月,新竹市,住,143774,559134438,3888.98
2022年11月,新竹市,行,684857,816544645,1192.28
2022年11月,新竹市,文教康樂,578139,1091406627,1887.79
2022年11月,新竹市,百貨,1270900,2207760059,1737.16
2022年11月,新竹市,其他,750532,2005555192,2672.18
2022年11月,苗栗縣,食,752734,354686605,471.2
2022年11月,苗栗縣,衣,55258,149920161,2713.09
2022年11月,苗栗縣,住,85146,279446453,3281.97
2022年11月,苗栗縣,行,524927,627185036,1194.8
2022年11月,苗栗縣,文教康樂,355502,495203599,1392.97
2022年11月,苗栗縣,百貨,671953,1039916549,1547.6
2022年11月,苗栗縣,其他,491050,1217453939,2479.29
2022年11月,臺中市,食,6869378,3695492697,537.97
2022年11月,臺中市,衣,454970,1496052335,3288.24
2022年11月,臺中市,住,723885,2508284354,3465.03
2022年11月,臺中市,行,3717307,4472836701,1203.25
2022年11月,臺中市,文教康樂,2724008,4803598868,1763.43
2022年11月,臺中市,百貨,5853604,9079656572,1551.12
2022年11月,臺中市,其他,3531724,10441779852,2956.57
2022年11月,彰化縣,食,1483489,746615150,503.28
2022年11月,彰化縣,衣,130288,357785145,2746.11
2022年11月,彰化縣,住,181497,564883068,3112.35
2022年11月,彰化縣,行,1070079,1368746459,1279.11
2022年11月,彰化縣,文教康樂,700881,1081047342,1542.41
2022年11月,彰化縣,百貨,1397072,2100856675,1503.76
2022年11月,彰化縣,其他,979176,2934703424,2997.12
2022年11月,南投縣,食,482134,236860522,491.28
2022年11月,南投縣,衣,41737,121662752,2914.99
2022年11月,南投縣,住,59249,193851877,3271.82
2022年11月,南投縣,行,368944,474214939,1285.33
2022年11月,南投縣,文教康樂,246694,350772156,1421.89
2022年11月,南投縣,百貨,462276,661964244,1431.97
2022年11月,南投縣,其他,318482,934948575,2935.64
2022年11月,雲林縣,食,569805,266759360,468.16
2022年11月,雲林縣,衣,55171,143743048,2605.41
2022年11月,雲林縣,住,76135,233053370,3061.05
2022年11月,雲林縣,行,499023,629894216,1262.25
2022年11月,雲林縣,文教康樂,298055,410717564,1377.99
2022年11月,雲林縣,百貨,565614,855420731,1512.38
2022年11月,雲林縣,其他,397582,1229996362,3093.69
2022年11月,嘉義縣,食,396760,190824315,480.96
2022年11月,嘉義縣,衣,37444,101775557,2718.07
2022年11月,嘉義縣,住,52387,153126766,2922.99
2022年11月,嘉義縣,行,369741,426336166,1153.07
2022年11月,嘉義縣,文教康樂,226664,294506931,1299.31
2022年11月,嘉義縣,百貨,433108,712961882,1646.15
2022年11月,嘉義縣,其他,289109,822929143,2846.43
2022年11月,嘉義市,食,421643,218128266,517.33
2022年11月,嘉義市,衣,34091,99390995,2915.46
2022年11月,嘉義市,住,53292,175413003,3291.54
2022年11月,嘉義市,行,275861,323455717,1172.53
2022年11月,嘉義市,文教康樂,183795,290636800,1581.31
2022年11月,嘉義市,百貨,445101,715515275,1607.53
2022年11月,嘉義市,其他,272329,826381359,3034.5
2022年11月,臺南市,食,3014257,1540332453,511.02
2022年11月,臺南市,衣,227197,615473259,2708.98
2022年11月,臺南市,住,410679,1284191735,3127.0
2022年11月,臺南市,行,2021119,2335993706,1155.79
2022年11月,臺南市,文教康樂,1406733,2151329424,1529.31
2022年11月,臺南市,百貨,3307403,6527532803,1973.61
2022年11月,臺南市,其他,2022806,5719196648,2827.36
2022年11月,高雄市,食,5076791,2755960972,542.85
2022年11月,高雄市,衣,359356,977017177,2718.8
2022年11月,高雄市,住,634464,2011851453,3170.95
2022年11月,高雄市,行,3102429,3550704430,1144.49
2022年11月,高雄市,文教康樂,2287440,3434331221,1501.39
2022年11月,高雄市,百貨,5196517,8958644715,1723.97
2022年11月,高雄市,其他,3065193,9316869302,3039.57
2022年11月,屏東縣,食,726502,364515195,501.74
2022年11月,屏東縣,衣,62675,156644160,2499.31
2022年11月,屏東縣,住,103304,315075743,3049.99
2022年11月,屏東縣,行,619095,704946151,1138.67
2022年11月,屏東縣,文教康樂,392226,530193657,1351.76
2022年11月,屏東縣,百貨,785330,1267069308,1613.42
2022年11月,屏東縣,其他,543522,1715415318,3156.11
2022年11月,基隆市,食,685012,347831520,507.77
2022年11月,基隆市,衣,52819,150370600,2846.9
2022年11月,基隆市,住,73742,259599425,3520.37
2022年11月,基隆市,行,422786,461899846,1092.51
2022年11月,基隆市,文教康樂,340540,482647727,1417.3
2022年11月,基隆市,百貨,680452,1005623249,1477.88
2022年11月,基隆市,其他,457096,1125948362,2463.26
2022年11月,宜蘭縣,食,545651,261818495,479.83
2022年11月,宜蘭縣,衣,45142,128393909,2844.22
2022年11月,宜蘭縣,住,74830,255294467,3411.66
2022年11月,宜蘭縣,行,364307,452602308,1242.37
2022年11月,宜蘭縣,文教康樂,281915,383771670,1361.3
2022年11月,宜蘭縣,百貨,588941,889261562,1509.93
2022年11月,宜蘭縣,其他,358454,1005034489,2803.8
2022年11月,花蓮縣,食,399575,221579900,554.54
2022年11月,花蓮縣,衣,30032,81554686,2715.59
2022年11月,花蓮縣,住,49773,172729683,3470.35
2022年11月,花蓮縣,行,260704,273391427,1048.67
2022年11月,花蓮縣,文教康樂,191958,260102817,1355.0
2022年11月,花蓮縣,百貨,382228,553994672,1449.38
2022年11月,花蓮縣,其他,234796,684066851,2913.45
2022年11月,臺東縣,食,196561,95105455,483.85
2022年11月,臺東縣,衣,17459,43059015,2466.29
2022年11月,臺東縣,住,25759,84191530,3268.43
2022年11月,臺東縣,行,150096,163907753,1092.02
2022年11月,臺東縣,文教康樂,99622,134068530,1345.77
2022年11月,臺東縣,百貨,187970,260188991,1384.2
2022年11月,臺東縣,其他,114467,366763916,3204.1
2022年11月,澎湖縣,食,81402,38016124,467.02
2022年11月,澎湖縣,衣,8851,24885500,2811.6
2022年11月,澎湖縣,住,13336,38815738,2910.6
2022年11月,澎湖縣,行,67513,92699859,1373.07
2022年11月,澎湖縣,文教康樂,51056,64951069,1272.15
2022年11月,澎湖縣,百貨,89263,121476122,1360.88
2022年11月,澎湖縣,其他,49338,152546775,3091.87
2022年11月,金門縣,食,68245,40334710,591.03
2022年11月,金門縣,衣,6945,17683882,2546.28
2022年11月,金門縣,住,11286,37855142,3354.17
2022年11月,金門縣,行,44250,114128170,2579.17
2022年11月,金門縣,文教康樂,41860,54341219,1298.17
2022年11月,金門縣,百貨,89204,110168783,1235.02
2022年11月,金門縣,其他,42793,116169175,2714.68
2022年11月,連江縣,食,12532,6259451,499.48
2022年11月,連江縣,衣,1020,2752699,2698.72
2022年11月,連江縣,住,1923,4793133,2492.53
2022年11月,連江縣,行,9284,15890098,1711.56
2022年11月,連江縣,文教康樂,7332,9131970,1245.5
2022年11月,連江縣,百貨,11937,15403790,1290.42
2022年11月,連江縣,其他,7235,19364038,2676.44
2022年12月,臺北市,食,11612353,7856154885,676.53
2022年12月,臺北市,衣,774346,3262285316,4212.96
2022年12月,臺北市,住,962488,4450286061,4623.73
2022年12月,臺北市,行,5175135,5578198601,1077.88
2022年12月,臺北市,文教康樂,4140732,9169391402,2214.44
2022年12月,臺北市,百貨,8982667,14422898130,1605.64
2022年12月,臺北市,其他,4836686,16443956239,3399.84
2022年12月,新北市,食,12636105,7081816074,560.44
2022年12月,新北市,衣,998323,2957422060,2962.39
2022年12月,新北市,住,1227048,4098097386,3339.8
2022年12月,新北市,行,6185780,6711044351,1084.91
2022年12月,新北市,文教康樂,5120281,8694882320,1698.13
2022年12月,新北市,百貨,11345378,15865046770,1398.37
2022年12月,新北市,其他,6281510,18842596775,2999.69
2022年12月,桃園市,食,5510481,2925828645,530.96
2022年12月,桃園市,衣,445880,1298880371,2913.07
2022年12月,桃園市,住,577339,1865614639,3231.4
2022年12月,桃園市,行,3057442,3864575302,1263.99
2022年12月,桃園市,文教康樂,2305615,3797327076,1646.99
2022年12月,桃園市,百貨,4992546,7653339839,1532.95
2022年12月,桃園市,其他,2908190,8432412907,2899.54
2022年12月,新竹縣,食,1626403,953289151,586.13
2022年12月,新竹縣,衣,116060,370060651,3188.53
2022年12月,新竹縣,住,160412,629703961,3925.54
2022年12月,新竹縣,行,840956,1145133637,1361.7
2022年12月,新竹縣,文教康樂,720437,1158704245,1608.34
2022年12月,新竹縣,百貨,1451903,2536665223,1747.13
2022年12月,新竹縣,其他,808231,2321716488,2872.59
2022年12月,新竹市,食,1589910,920098176,578.71
2022年12月,新竹市,衣,105793,346187477,3272.31
2022年12月,新竹市,住,153686,587824341,3824.84
2022年12月,新竹市,行,737103,951628612,1291.04
2022年12月,新竹市,文教康樂,594090,1138715126,1916.74
2022年12月,新竹市,百貨,1470127,2694394054,1832.76
2022年12月,新竹市,其他,751692,2159288405,2872.57
2022年12月,苗栗縣,食,792927,415857868,524.46
2022年12月,苗栗縣,衣,77046,215907888,2802.32
2022年12月,苗栗縣,住,92513,289824822,3132.8
2022年12月,苗栗縣,行,565740,701277002,1239.57
2022年12月,苗栗縣,文教康樂,361361,530264804,1467.41
2022年12月,苗栗縣,百貨,760303,1180217344,1552.3
2022年12月,苗栗縣,其他,494385,1344344846,2719.23
2022年12月,臺中市,食,7190027,4276909002,594.84
2022年12月,臺中市,衣,620677,1946832863,3136.63
2022年12月,臺中市,住,768887,2648441866,3444.51
2022年12月,臺中市,行,4028382,5025092091,1247.42
2022年12月,臺中市,文教康樂,2755255,5052993289,1833.95
2022年12月,臺中市,百貨,6315531,9467580588,1499.09
2022年12月,臺中市,其他,3574183,11542139053,3229.31
2022年12月,彰化縣,食,1554320,862735655,555.06
2022年12月,彰化縣,衣,186183,504510628,2709.76
2022年12月,彰化縣,住,194593,600783459,3087.38
2022年12月,彰化縣,行,1162005,1527774459,1314.77
2022年12月,彰化縣,文教康樂,709608,1165300948,1642.18
2022年12月,彰化縣,百貨,1496802,2103946169,1405.63
2022年12月,彰化縣,其他,984571,3141987828,3191.23
2022年12月,南投縣,食,508521,274167594,539.15
2022年12月,南投縣,衣,60058,156861806,2611.84
2022年12月,南投縣,住,66080,220601574,3338.4
2022年12月,南投縣,行,399864,523977634,1310.39
2022年12月,南投縣,文教康樂,273335,378663913,1385.35
2022年12月,南投縣,百貨,496873,676281683,1361.08
2022年12月,南投縣,其他,323530,1031266769,3187.55
2022年12月,雲林縣,食,604443,312846484,517.58
2022年12月,雲林縣,衣,78977,203341146,2574.69
2022年12月,雲林縣,住,82510,251736594,3050.98
2022年12月,雲林縣,行,541496,690170585,1274.56
2022年12月,雲林縣,文教康樂,302622,436174666,1441.32
2022年12月,雲林縣,百貨,613104,854553276,1393.81
2022年12月,雲林縣,其他,405714,1261609774,3109.6
2022年12月,嘉義縣,食,416941,215455033,516.75
2022年12月,嘉義縣,衣,49853,123500864,2477.3
2022年12月,嘉義縣,住,56327,169711571,3012.97
2022年12月,嘉義縣,行,399099,499154365,1250.7
2022年12月,嘉義縣,文教康樂,225537,330177823,1463.96
2022年12月,嘉義縣,百貨,468846,688414958,1468.32
2022年12月,嘉義縣,其他,290495,916071789,3153.49
2022年12月,嘉義市,食,438896,254701873,580.32
2022年12月,嘉義市,衣,45005,124599025,2768.56
2022年12月,嘉義市,住,56866,185972628,3270.37
2022年12月,嘉義市,行,298812,360684635,1207.06
2022年12月,嘉義市,文教康樂,186675,312550880,1674.3
2022年12月,嘉義市,百貨,475314,696633761,1465.63
2022年12月,嘉義市,其他,273855,897445383,3277.08
2022年12月,臺南市,食,3154535,1772326884,561.83
2022年12月,臺南市,衣,312934,886729578,2833.6
2022年12月,臺南市,住,433784,1355804335,3125.53
2022年12月,臺南市,行,2183888,2870057209,1314.2
2022年12月,臺南市,文教康樂,1416075,2258848329,1595.15
2022年12月,臺南市,百貨,3408866,4755860308,1395.14
2022年12月,臺南市,其他,2049082,6136254077,2994.64
2022年12月,高雄市,食,5314944,3189076963,600.02
2022年12月,高雄市,衣,471868,1234210746,2615.58
2022年12月,高雄市,住,665979,2178494372,3271.12
2022年12月,高雄市,行,3353373,4032642874,1202.56
2022年12月,高雄市,文教康樂,2317349,3643172654,1572.13
2022年12月,高雄市,百貨,5507550,8118054784,1473.99
2022年12月,高雄市,其他,3089271,10048711631,3252.78
2022年12月,屏東縣,食,759586,409484449,539.09
2022年12月,屏東縣,衣,83124,202732180,2438.91
2022年12月,屏東縣,住,110948,323867256,2919.09
2022年12月,屏東縣,行,671023,864639064,1288.54
2022年12月,屏東縣,文教康樂,401988,568898561,1415.21
2022年12月,屏東縣,百貨,841769,1208067546,1435.15
2022年12月,屏東縣,其他,547411,1870253531,3416.54
2022年12月,基隆市,食,723760,398687826,550.86
2022年12月,基隆市,衣,69125,199949581,2892.58
2022年12月,基隆市,住,77848,261637589,3360.88
2022年12月,基隆市,行,451950,507278587,1122.42
2022年12月,基隆市,文教康樂,349063,512646784,1468.64
2022年12月,基隆市,百貨,725135,962344024,1327.12
2022年12月,基隆市,其他,465635,1249809742,2684.1
2022年12月,宜蘭縣,食,580501,301450638,519.29
2022年12月,宜蘭縣,衣,56290,154579820,2746.13
2022年12月,宜蘭縣,住,77436,252266659,3257.74
2022年12月,宜蘭縣,行,395103,534850497,1353.7
2022年12月,宜蘭縣,文教康樂,283817,420603725,1481.95
2022年12月,宜蘭縣,百貨,629424,835156623,1326.86
2022年12月,宜蘭縣,其他,361033,1141614282,3162.08
2022年12月,花蓮縣,食,418368,249409325,596.15
2022年12月,花蓮縣,衣,37877,98865895,2610.18
2022年12月,花蓮縣,住,51756,173910458,3360.2
2022年12月,花蓮縣,行,285725,310746191,1087.57
2022年12月,花蓮縣,文教康樂,194955,280259224,1437.56
2022年12月,花蓮縣,百貨,411133,537849015,1308.21
2022年12月,花蓮縣,其他,235676,730009920,3097.51
2022年12月,臺東縣,食,205742,104503632,507.94
2022年12月,臺東縣,衣,23807,56733510,2383.06
2022年12月,臺東縣,住,27041,85827466,3173.98
2022年12月,臺東縣,行,163357,179106472,1096.41
2022年12月,臺東縣,文教康樂,100867,141306443,1400.92
2022年12月,臺東縣,百貨,202830,263512676,1299.18
2022年12月,臺東縣,其他,113536,385047578,3391.41
2022年12月,澎湖縣,食,86517,45727881,528.54
2022年12月,澎湖縣,衣,11357,31704226,2791.6
2022年12月,澎湖縣,住,15218,55525454,3648.67
2022年12月,澎湖縣,行,65633,91102358,1388.06
2022年12月,澎湖縣,文教康樂,52065,68791224,1321.26
2022年12月,澎湖縣,百貨,97716,123978363,1268.76
2022年12月,澎湖縣,其他,50254,157279076,3129.68
2022年12月,金門縣,食,75060,52625064,701.11
2022年12月,金門縣,衣,9404,28071868,2985.1
2022年12月,金門縣,住,12642,44519708,3521.57
2022年12月,金門縣,行,44763,67958406,1518.18
2022年12月,金門縣,文教康樂,40857,55136833,1349.51
2022年12月,金門縣,百貨,99585,124042526,1245.59
2022年12月,金門縣,其他,43987,126708773,2880.6
2022年12月,連江縣,食,13246,19774659,1492.88
2022年12月,連江縣,衣,1456,4301283,2954.18
2022年12月,連江縣,住,1930,5834981,3023.31
2022年12月,連江縣,行,9074,14704197,1620.48
2022年12月,連江縣,文教康樂,7667,9777931,1275.33
2022年12月,連江縣,百貨,12845,18802524,1463.8
2022年12月,連江縣,其他,7574,22465105,2966.08
2023年1月,臺北市,食,11160246,8053466086,721.62
2023年1月,臺北市,衣,641884,2900101566,4518.11
2023年1月,臺北市,住,923151,4670414356,5059.21
2023年1月,臺北市,行,4777422,4728460286,989.75
2023年1月,臺北市,文教康樂,4135838,9605544955,2322.51
2023年1月,臺北市,百貨,8539618,14424530781,1689.13
2023年1月,臺北市,其他,4210324,13504952376,3207.58
2023年1月,新北市,食,12366414,7490480500,605.71
2023年1月,新北市,衣,827337,2675756968,3234.18
2023年1月,新北市,住,1162057,4273333615,3677.39
2023年1月,新北市,行,5884616,5641413069,958.67
2023年1月,新北市,文教康樂,5246726,9417149804,1794.86
2023年1月,新北市,百貨,10922129,16265175411,1489.19
2023年1月,新北市,其他,5552891,15117708613,2722.49
2023年1月,桃園市,食,5442656,3154595019,579.61
2023年1月,桃園市,衣,361403,1193197730,3301.57
2023年1月,桃園市,住,543982,1963953059,3610.33
2023年1月,桃園市,行,2931286,3247985704,1108.04
2023年1月,桃園市,文教康樂,2417395,4079057594,1687.38
2023年1月,桃園市,百貨,4803379,7978655144,1661.05
2023年1月,桃園市,其他,2568307,6861875187,2671.75
2023年1月,新竹縣,食,1603060,1001105842,624.5
2023年1月,新竹縣,衣,93136,357581269,3839.35
2023年1月,新竹縣,住,154606,651239143,4212.25
2023年1月,新竹縣,行,796326,955364505,1199.72
2023年1月,新竹縣,文教康樂,807137,1281817409,1588.1
2023年1月,新竹縣,百貨,1345528,2243472185,1667.35
2023年1月,新竹縣,其他,715142,1967569763,2751.3
2023年1月,新竹市,食,1557930,954717808,612.81
2023年1月,新竹市,衣,83592,307592784,3679.69
2023年1月,新竹市,住,146072,610991135,4182.81
2023年1月,新竹市,行,701115,807201412,1151.31
2023年1月,新竹市,文教康樂,613711,1236329772,2014.51
2023年1月,新竹市,百貨,1326773,2170558125,1635.97
2023年1月,新竹市,其他,655832,1774705820,2706.04
2023年1月,苗栗縣,食,781533,441431044,564.83
2023年1月,苗栗縣,衣,61172,185634729,3034.64
2023年1月,苗栗縣,住,85274,304956100,3576.19
2023年1月,苗栗縣,行,531455,598896616,1126.9
2023年1月,苗栗縣,文教康樂,381662,577490218,1513.09
2023年1月,苗栗縣,百貨,708986,1103037145,1555.8
2023年1月,苗栗縣,其他,431891,1111225928,2572.93
2023年1月,臺中市,食,7162816,4685405016,654.13
2023年1月,臺中市,衣,504457,1668960382,3308.43
2023年1月,臺中市,住,717598,2692810382,3752.53
2023年1月,臺中市,行,3804140,4239753931,1114.51
2023年1月,臺中市,文教康樂,2859993,5507526254,1925.71
2023年1月,臺中市,百貨,6151223,10070576729,1637.17
2023年1月,臺中市,其他,3114957,9522192478,3056.93
2023年1月,彰化縣,食,1544660,924547645,598.54
2023年1月,彰化縣,衣,148896,440861807,2960.87
2023年1月,彰化縣,住,180985,632492446,3494.72
2023年1月,彰化縣,行,1095627,1305558164,1191.61
2023年1月,彰化縣,文教康樂,741213,1238819728,1671.34
2023年1月,彰化縣,百貨,1440028,2204872006,1531.13
2023年1月,彰化縣,其他,862775,2584059479,2995.06
2023年1月,南投縣,食,498903,290214643,581.71
2023年1月,南投縣,衣,48738,133596671,2741.12
2023年1月,南投縣,住,57914,211764601,3656.54
2023年1月,南投縣,行,371472,437621874,1178.07
2023年1月,南投縣,文教康樂,324146,398452895,1229.24
2023年1月,南投縣,百貨,471173,697111602,1479.52
2023年1月,南投縣,其他,290696,842080994,2896.78
2023年1月,雲林縣,食,588882,333406742,566.17
2023年1月,雲林縣,衣,64739,179646066,2774.93
2023年1月,雲林縣,住,75593,266344265,3523.4
2023年1月,雲林縣,行,505839,592104240,1170.54
2023年1月,雲林縣,文教康樂,316211,497901325,1574.59
2023年1月,雲林縣,百貨,583212,897004009,1538.04
2023年1月,雲林縣,其他,352483,1044356369,2962.86
2023年1月,嘉義縣,食,403651,228122706,565.15
2023年1月,嘉義縣,衣,41909,116932937,2790.16
2023年1月,嘉義縣,住,52402,173136495,3304.01
2023年1月,嘉義縣,行,373804,420403704,1124.66
2023年1月,嘉義縣,文教康樂,239118,362406130,1515.6
2023年1月,嘉義縣,百貨,448518,701439096,1563.9
2023年1月,嘉義縣,其他,256104,760936744,2971.2
2023年1月,嘉義市,食,430248,265571717,617.25
2023年1月,嘉義市,衣,37876,118372003,3125.25
2023年1月,嘉義市,住,55214,197554348,3577.98
2023年1月,嘉義市,行,277847,311901142,1122.56
2023年1月,嘉義市,文教康樂,193617,338430765,1747.94
2023年1月,嘉義市,百貨,464254,729744502,1571.86
2023年1月,嘉義市,其他,239210,731812214,3059.29
2023年1月,臺南市,食,3150258,1883119948,597.77
2023年1月,臺南市,衣,254138,716790000,2820.48
2023年1月,臺南市,住,411008,1457817799,3546.93
2023年1月,臺南市,行,2098939,2284686300,1088.5
2023年1月,臺南市,文教康樂,1480113,2384958936,1611.34
2023年1月,臺南市,百貨,3347656,5301101989,1583.53
2023年1月,臺南市,其他,1772829,5034131746,2839.6
2023年1月,高雄市,食,5292413,3476050942,656.8
2023年1月,高雄市,衣,385577,1123718722,2914.38
2023年1月,高雄市,住,638284,2326573434,3645.04
2023年1月,高雄市,行,3203809,3592478850,1121.31
2023年1月,高雄市,文教康樂,2437015,3860587547,1584.15
2023年1月,高雄市,百貨,5369549,8409487722,1566.14
2023年1月,高雄市,其他,2729722,8214010255,3009.1
2023年1月,屏東縣,食,747110,447565526,599.06
2023年1月,屏東縣,衣,67643,184086937,2721.45
2023年1月,屏東縣,住,102432,359147059,3506.2
2023年1月,屏東縣,行,633189,745892079,1177.99
2023年1月,屏東縣,文教康樂,415362,582102998,1401.44
2023年1月,屏東縣,百貨,810094,1263679543,1559.92
2023年1月,屏東縣,其他,495900,1556249798,3138.23
2023年1月,基隆市,食,704762,425426314,603.65
2023年1月,基隆市,衣,58350,172414304,2954.83
2023年1月,基隆市,住,71792,281573263,3922.07
2023年1月,基隆市,行,430435,427709307,993.67
2023年1月,基隆市,文教康樂,363396,537987824,1480.45
2023年1月,基隆市,百貨,684216,976219045,1426.77
2023年1月,基隆市,其他,403223,999574246,2478.96
2023年1月,宜蘭縣,食,565327,315858017,558.72
2023年1月,宜蘭縣,衣,47100,141880280,3012.32
2023年1月,宜蘭縣,住,72383,270588150,3738.28
2023年1月,宜蘭縣,行,374412,403528130,1077.76
2023年1月,宜蘭縣,文教康樂,299560,453113179,1512.6
2023年1月,宜蘭縣,百貨,601580,828445047,1377.12
2023年1月,宜蘭縣,其他,319571,910749791,2849.91
2023年1月,花蓮縣,食,412440,256017873,620.74
2023年1月,花蓮縣,衣,34286,96823717,2824.0
2023年1月,花蓮縣,住,47587,183285694,3851.59
2023年1月,花蓮縣,行,262649,263591281,1003.59
2023年1月,花蓮縣,文教康樂,204054,293574599,1438.71
2023年1月,花蓮縣,百貨,396955,590290344,1487.05
2023年1月,花蓮縣,其他,204665,599821676,2930.75
2023年1月,臺東縣,食,201760,112477626,557.48
2023年1月,臺東縣,衣,20751,54042320,2604.32
2023年1月,臺東縣,住,23440,88899121,3792.62
2023年1月,臺東縣,行,150711,153667931,1019.62
2023年1月,臺東縣,文教康樂,105738,151563464,1433.39
2023年1月,臺東縣,百貨,194209,275728389,1419.75
2023年1月,臺東縣,其他,99545,323602715,3250.82
2023年1月,澎湖縣,食,84138,47507092,564.63
2023年1月,澎湖縣,衣,10060,32412419,3221.91
2023年1月,澎湖縣,住,13071,53415870,4086.59
2023年1月,澎湖縣,行,60070,74362961,1237.94
2023年1月,澎湖縣,文教康樂,54772,72659944,1326.59
2023年1月,澎湖縣,百貨,93739,128556372,1371.43
2023年1月,澎湖縣,其他,43683,130694922,2991.89
2023年1月,金門縣,食,73745,62545400,848.13
2023年1月,金門縣,衣,7375,20213079,2740.76
2023年1月,金門縣,住,10681,39971833,3742.33
2023年1月,金門縣,行,41471,57730746,1392.08
2023年1月,金門縣,文教康樂,43507,63896760,1468.65
2023年1月,金門縣,百貨,94537,128244802,1356.56
2023年1月,金門縣,其他,37370,104010858,2783.27
2023年1月,連江縣,食,13636,13114100,961.73
2023年1月,連江縣,衣,1204,3250572,2699.81
2023年1月,連江縣,住,1830,5746632,3140.24
2023年1月,連江縣,行,9018,13116828,1454.52
2023年1月,連江縣,文教康樂,8445,12535903,1484.42
2023年1月,連江縣,百貨,13570,19623724,1446.11
2023年1月,連江縣,其他,6555,16999869,2593.42
2023年2月,臺北市,食,10577947,6625185508,626.32
2023年2月,臺北市,衣,532746,2307594150,4331.51
2023年2月,臺北市,住,832204,3709275401,4457.17
2023年2月,臺北市,行,4520546,5135772067,1136.1
2023年2月,臺北市,文教康樂,4031998,10241678784,2540.1
2023年2月,臺北市,百貨,7583030,11086814929,1462.06
2023年2月,臺北市,其他,4257993,11446116119,2688.15
2023年2月,新北市,食,11648026,6128622038,526.15
2023年2月,新北市,衣,676876,2153400653,3181.38
2023年2月,新北市,住,1070837,3566959018,3331.0
2023年2月,新北市,行,5485215,5947651030,1084.31
2023年2月,新北市,文教康樂,5031651,10897775175,2165.84
2023年2月,新北市,百貨,9666324,12503581726,1293.52
2023年2月,新北市,其他,5591415,13221085924,2364.53
2023年2月,桃園市,食,5091413,2591214444,508.94
2023年2月,桃園市,衣,294228,921671471,3132.51
2023年2月,桃園市,住,507075,1659129992,3271.96
2023年2月,桃園市,行,2732829,3418084403,1250.75
2023年2月,桃園市,文教康樂,2369671,4761037439,2009.16
2023年2月,桃園市,百貨,4246203,6108397677,1438.56
2023年2月,桃園市,其他,2598323,6159779457,2370.68
2023年2月,新竹縣,食,1492480,817908951,548.02
2023年2月,新竹縣,衣,78451,274939389,3504.6
2023年2月,新竹縣,住,142942,534236351,3737.43
2023年2月,新竹縣,行,752965,1057542223,1404.5
2023年2月,新竹縣,文教康樂,861644,1498763593,1739.42
2023年2月,新竹縣,百貨,1176036,1684859443,1432.66
2023年2月,新竹縣,其他,741235,1758740341,2372.72
2023年2月,新竹市,食,1455006,782420692,537.74
2023年2月,新竹市,衣,72193,261063194,3616.18
2023年2月,新竹市,住,137683,526033667,3820.61
2023年2月,新竹市,行,659713,857071025,1299.16
2023年2月,新竹市,文教康樂,595419,1475296216,2477.74
2023年2月,新竹市,百貨,1170620,1681083155,1436.06
2023年2月,新竹市,其他,678440,1616630843,2382.86
2023年2月,苗栗縣,食,721034,364333248,505.29
2023年2月,苗栗縣,衣,49339,151669110,3074.02
2023年2月,苗栗縣,住,82279,269498296,3275.42
2023年2月,苗栗縣,行,502536,613964210,1221.73
2023年2月,苗栗縣,文教康樂,361773,698152962,1929.81
2023年2月,苗栗縣,百貨,621998,835591158,1343.4
2023年2月,苗栗縣,其他,440240,994377691,2258.72
2023年2月,臺中市,食,6627083,3705857413,559.2
2023年2月,臺中市,衣,403054,1370465167,3400.2
2023年2月,臺中市,住,671418,2260066610,3366.11
2023年2月,臺中市,行,3578218,4378235263,1223.58
2023年2月,臺中市,文教康樂,2793186,6621749866,2370.68
2023年2月,臺中市,百貨,5394799,7626743813,1413.72
2023年2月,臺中市,其他,3185782,8453818813,2653.61
2023年2月,彰化縣,食,1427351,754755854,528.78
2023年2月,彰化縣,衣,116614,328006061,2812.75
2023年2月,彰化縣,住,168829,514780307,3049.12
2023年2月,彰化縣,行,1029812,1310568062,1272.63
2023年2月,彰化縣,文教康樂,724205,1536441773,2121.56
2023年2月,彰化縣,百貨,1290508,1716903481,1330.41
2023年2月,彰化縣,其他,874219,2230443246,2551.36
2023年2月,南投縣,食,466588,238568591,511.3
2023年2月,南投縣,衣,37900,101279450,2672.28
2023年2月,南投縣,住,56219,181436258,3227.31
2023年2月,南投縣,行,350228,436725276,1246.97
2023年2月,南投縣,文教康樂,333407,480721610,1441.85
2023年2月,南投縣,百貨,425212,542396927,1275.59
2023年2月,南投縣,其他,303342,722530090,2381.9
2023年2月,雲林縣,食,553065,279716190,505.76
2023年2月,雲林縣,衣,51313,135155805,2633.95
2023年2月,雲林縣,住,73723,224671494,3047.51
2023年2月,雲林縣,行,482067,601169812,1247.07
2023年2月,雲林縣,文教康樂,303876,599663107,1973.38
2023年2月,雲林縣,百貨,534679,718380644,1343.57
2023年2月,雲林縣,其他,362481,948383640,2616.37
2023年2月,嘉義縣,食,384983,192686099,500.51
2023年2月,嘉義縣,衣,33781,89462975,2648.32
2023年2月,嘉義縣,住,51858,150272609,2897.77
2023年2月,嘉義縣,行,352927,425178798,1204.72
2023年2月,嘉義縣,文教康樂,228152,401555516,1760.04
2023年2月,嘉義縣,百貨,405662,559782240,1379.92
2023年2月,嘉義縣,其他,260617,699823941,2685.26
2023年2月,嘉義市,食,399748,210201411,525.83
2023年2月,嘉義市,衣,30766,93416299,3036.35
2023年2月,嘉義市,住,50323,167924074,3336.92
2023年2月,嘉義市,行,263817,333515465,1264.19
2023年2月,嘉義市,文教康樂,189015,426603872,2256.98
2023年2月,嘉義市,百貨,414114,572529140,1382.54
2023年2月,嘉義市,其他,245846,646011536,2627.71
2023年2月,臺南市,食,2942102,1524343727,518.11
2023年2月,臺南市,衣,210711,575602026,2731.71
2023年2月,臺南市,住,386931,1233212165,3187.16
2023年2月,臺南市,行,1966018,2396727991,1219.08
2023年2月,臺南市,文教康樂,1436022,2813679425,1959.36
2023年2月,臺南市,百貨,2957037,4051418730,1370.09
2023年2月,臺南市,其他,1828682,4586910302,2508.31
2023年2月,高雄市,食,4916216,2762022166,561.82
2023年2月,高雄市,衣,324795,890822283,2742.72
2023年2月,高雄市,住,598785,1937303657,3235.39
2023年2月,高雄市,行,3012913,3664297106,1216.2
2023年2月,高雄市,文教康樂,2354737,4600524594,1953.73
2023年2月,高雄市,百貨,4700927,6528151849,1388.69
2023年2月,高雄市,其他,2737798,7167464503,2617.97
2023年2月,屏東縣,食,695802,364942763,524.49
2023年2月,屏東縣,衣,57363,142203366,2479.01
2023年2月,屏東縣,住,99113,308466706,3112.27
2023年2月,屏東縣,行,594175,719711932,1211.28
2023年2月,屏東縣,文教康樂,397038,685383494,1726.24
2023年2月,屏東縣,百貨,724874,993924228,1371.17
2023年2月,屏東縣,其他,489848,1373698178,2804.34
2023年2月,基隆市,食,666405,348464113,522.9
2023年2月,基隆市,衣,47037,135692228,2884.8
2023年2月,基隆市,住,67857,225164800,3318.23
2023年2月,基隆市,行,400365,421220652,1052.09
2023年2月,基隆市,文教康樂,343547,630209115,1834.42
2023年2月,基隆市,百貨,615641,745801159,1211.42
2023年2月,基隆市,其他,413241,874837570,2117.02
2023年2月,宜蘭縣,食,527346,263027475,498.78
2023年2月,宜蘭縣,衣,39570,118876650,3004.21
2023年2月,宜蘭縣,住,68760,233025879,3388.97
2023年2月,宜蘭縣,行,350850,397368560,1132.59
2023年2月,宜蘭縣,文教康樂,288789,528235374,1829.14
2023年2月,宜蘭縣,百貨,532874,659774775,1238.14
2023年2月,宜蘭縣,其他,320135,796470580,2487.92
2023年2月,花蓮縣,食,382215,224002313,586.06
2023年2月,花蓮縣,衣,26546,71901739,2708.57
2023年2月,花蓮縣,住,48942,166248453,3396.85
2023年2月,花蓮縣,行,251252,266800191,1061.88
2023年2月,花蓮縣,文教康樂,194745,346802830,1780.8
2023年2月,花蓮縣,百貨,352040,457653282,1300.0
2023年2月,花蓮縣,其他,212574,558831315,2628.88
2023年2月,臺東縣,食,186347,93024786,499.2
2023年2月,臺東縣,衣,15574,38332662,2461.32
2023年2月,臺東縣,住,24586,82001987,3335.31
2023年2月,臺東縣,行,143370,153533032,1070.89
2023年2月,臺東縣,文教康樂,101236,170028433,1679.53
2023年2月,臺東縣,百貨,176804,216056825,1222.01
2023年2月,臺東縣,其他,103042,283612708,2752.4
2023年2月,澎湖縣,食,79131,39660945,501.21
2023年2月,澎湖縣,衣,7306,22792387,3119.68
2023年2月,澎湖縣,住,13052,45192018,3462.46
2023年2月,澎湖縣,行,65437,104924028,1603.44
2023年2月,澎湖縣,文教康樂,51654,78740483,1524.38
2023年2月,澎湖縣,百貨,85880,103551627,1205.77
2023年2月,澎湖縣,其他,46571,123558484,2653.12
2023年2月,金門縣,食,69821,58044104,831.33
2023年2月,金門縣,衣,6148,26296766,4277.29
2023年2月,金門縣,住,11120,36088475,3245.37
2023年2月,金門縣,行,44007,66758238,1516.99
2023年2月,金門縣,文教康樂,42482,75547989,1778.35
2023年2月,金門縣,百貨,88549,113218777,1278.6
2023年2月,金門縣,其他,40548,101606425,2505.83
2023年2月,連江縣,食,10180,5861232,575.76
2023年2月,連江縣,衣,857,2131569,2487.25
2023年2月,連江縣,住,1600,5096943,3185.59
2023年2月,連江縣,行,9236,17729845,1919.65
2023年2月,連江縣,文教康樂,6945,12336391,1776.3
2023年2月,連江縣,百貨,9224,12705773,1377.47
2023年2月,連江縣,其他,6768,16138812,2384.58
2023年3月,臺北市,食,12066976,7012386983,581.12
2023年3月,臺北市,衣,584860,2517519395,4304.48
2023年3月,臺北市,住,851319,3926350291,4612.08
2023年3月,臺北市,行,5218799,6024970387,1154.47
2023年3月,臺北市,文教康樂,4268583,10258088155,2403.16
2023年3月,臺北市,百貨,8390877,11980568498,1427.81
2023年3月,臺北市,其他,5000370,15104756310,3020.73
2023年3月,新北市,食,13248607,6360037538,480.05
2023年3月,新北市,衣,741704,2250457960,3034.17
2023年3月,新北市,住,1097800,3664696596,3338.22
2023年3月,新北市,行,6272532,7005030601,1116.78
2023年3月,新北市,文教康樂,5260700,9854995992,1873.32
2023年3月,新北市,百貨,10690115,13304813038,1244.59
2023年3月,新北市,其他,6669272,17763331801,2663.46
2023年3月,桃園市,食,5822428,2700411588,463.79
2023年3月,桃園市,衣,320407,961227767,3000.02
2023年3月,桃園市,住,517911,1647353736,3180.77
2023年3月,桃園市,行,3076166,3901014121,1268.14
2023年3月,桃園市,文教康樂,2479377,4302830552,1735.45
2023年3月,桃園市,百貨,4600169,6341659257,1378.57
2023年3月,桃園市,其他,3079160,8274599462,2687.29
2023年3月,新竹縣,食,1698464,863770748,508.56
2023年3月,新竹縣,衣,86845,297910617,3430.37
2023年3月,新竹縣,住,143312,543357822,3791.43
2023年3月,新竹縣,行,850852,1183358327,1390.79
2023年3月,新竹縣,文教康樂,826991,1404388294,1698.19
2023年3月,新竹縣,百貨,1276331,1791953416,1403.99
2023年3月,新竹縣,其他,879810,2281249173,2592.89
2023年3月,新竹市,食,1648266,809579084,491.17
2023年3月,新竹市,衣,77848,288195763,3702.03
2023年3月,新竹市,住,137089,543712831,3966.13
2023年3月,新竹市,行,739494,980614318,1326.06
2023年3月,新竹市,文教康樂,608213,1367417595,2248.25
2023年3月,新竹市,百貨,1268407,1773677298,1398.35
2023年3月,新竹市,其他,806745,2052613318,2544.31
2023年3月,苗栗縣,食,817493,369817758,452.38
2023年3月,苗栗縣,衣,53546,162632501,3037.25
2023年3月,苗栗縣,住,82738,254709531,3078.51
2023年3月,苗栗縣,行,564783,689526287,1220.87
2023年3月,苗栗縣,文教康樂,374638,626965087,1673.52
2023年3月,苗栗縣,百貨,686996,898132453,1307.33
2023年3月,苗栗縣,其他,534346,1362111195,2549.12
2023年3月,臺中市,食,7576799,3894486135,514.0
2023年3月,臺中市,衣,443053,1468343649,3314.15
2023年3月,臺中市,住,688869,2330243569,3382.71
2023年3月,臺中市,行,4053117,5032580056,1241.66
2023年3月,臺中市,文教康樂,2867500,5810889910,2026.47
2023年3月,臺中市,百貨,5996798,8656223082,1443.47
2023年3月,臺中市,其他,3801434,11109413445,2922.43
2023年3月,彰化縣,食,1616931,778858923,481.69
2023年3月,彰化縣,衣,126086,337938025,2680.22
2023年3月,彰化縣,住,170415,508493332,2983.85
2023年3月,彰化縣,行,1154255,1505021536,1303.89
2023年3月,彰化縣,文教康樂,728929,1287286398,1766.0
2023年3月,彰化縣,百貨,1423909,1892965413,1329.41
2023年3月,彰化縣,其他,1041835,3112431079,2987.45
2023年3月,南投縣,食,532052,249877440,469.65
2023年3月,南投縣,衣,41024,106380467,2593.13
2023年3月,南投縣,住,56920,182024218,3197.9
2023年3月,南投縣,行,394152,499627143,1267.6
2023年3月,南投縣,文教康樂,328559,424653565,1292.47
2023年3月,南投縣,百貨,472210,606822937,1285.07
2023年3月,南投縣,其他,343480,981061514,2856.24
2023年3月,雲林縣,食,633804,289143497,456.2
2023年3月,雲林縣,衣,55668,141829069,2547.77
2023年3月,雲林縣,住,73568,225615978,3066.77
2023年3月,雲林縣,行,539782,705547905,1307.1
2023年3月,雲林縣,文教康樂,322778,502511009,1556.83
2023年3月,雲林縣,百貨,583047,762177629,1307.23
2023年3月,雲林縣,其他,429983,1272535773,2959.5
2023年3月,嘉義縣,食,441340,199328611,451.64
2023年3月,嘉義縣,衣,36667,96702893,2637.33
2023年3月,嘉義縣,住,51519,149909696,2909.79
2023年3月,嘉義縣,行,395964,478884530,1209.41
2023年3月,嘉義縣,文教康樂,233414,343558615,1471.89
2023年3月,嘉義縣,百貨,442216,596568173,1349.04
2023年3月,嘉義縣,其他,315132,911074849,2891.09
2023年3月,嘉義市,食,457269,212463219,464.64
2023年3月,嘉義市,衣,34162,103207198,3021.11
2023年3月,嘉義市,住,51303,165402948,3224.04
2023年3月,嘉義市,行,296378,371419243,1253.19
2023年3月,嘉義市,文教康樂,192345,365965555,1902.65
2023年3月,嘉義市,百貨,446488,602310710,1349.0
2023年3月,嘉義市,其他,288009,833404108,2893.67
2023年3月,臺南市,食,3385038,1588778512,469.35
2023年3月,臺南市,衣,235684,644845723,2736.06
2023年3月,臺南市,住,395210,1269910902,3213.26
2023年3月,臺南市,行,2218604,2675409133,1205.9
2023年3月,臺南市,文教康樂,1472029,2633032363,1788.71
2023年3月,臺南市,百貨,3193684,4229722300,1324.4
2023年3月,臺南市,其他,2200616,5970005208,2712.88
2023年3月,高雄市,食,5612662,2883025654,513.66
2023年3月,高雄市,衣,360221,1022914112,2839.68
2023年3月,高雄市,住,611771,1975409347,3229.0
2023年3月,高雄市,行,3391103,3889147936,1146.87
2023年3月,高雄市,文教康樂,2407654,4261995347,1770.19
2023年3月,高雄市,百貨,5137945,7113845193,1384.57
2023年3月,高雄市,其他,3256360,9495549017,2916.0
2023年3月,屏東縣,食,794077,377494137,475.39
2023年3月,屏東縣,衣,63596,159382447,2506.17
2023年3月,屏東縣,住,100080,301053125,3008.12
2023年3月,屏東縣,行,663711,747760717,1126.64
2023年3月,屏東縣,文教康樂,407195,636609903,1563.4
2023年3月,屏東縣,百貨,787875,1043643228,1324.63
2023年3月,屏東縣,其他,594906,1846442600,3103.76
2023年3月,基隆市,食,759059,359141344,473.14
2023年3月,基隆市,衣,51184,144463701,2822.44
2023年3月,基隆市,住,68280,228868810,3351.92
2023年3月,基隆市,行,455678,487917616,1070.75
2023年3月,基隆市,文教康樂,357180,586113936,1640.95
2023年3月,基隆市,百貨,682083,808173093,1184.86
2023年3月,基隆市,其他,499727,1246129966,2493.62
2023年3月,宜蘭縣,食,604254,269868133,446.61
2023年3月,宜蘭縣,衣,44157,125455383,2841.12
2023年3月,宜蘭縣,住,68979,217291171,3150.11
2023年3月,宜蘭縣,行,395080,458740137,1161.13
2023年3月,宜蘭縣,文教康樂,302219,486307246,1609.12
2023年3月,宜蘭縣,百貨,601638,717792465,1193.06
2023年3月,宜蘭縣,其他,389249,1086650909,2791.66
2023年3月,花蓮縣,食,436005,238197563,546.32
2023年3月,花蓮縣,衣,28151,72550956,2577.21
2023年3月,花蓮縣,住,48188,164581716,3415.41
2023年3月,花蓮縣,行,286638,315418966,1100.41
2023年3月,花蓮縣,文教康樂,202632,317849183,1568.6
2023年3月,花蓮縣,百貨,382842,469429849,1226.17
2023年3月,花蓮縣,其他,261976,751517315,2868.65
2023年3月,臺東縣,食,212725,96375972,453.05
2023年3月,臺東縣,衣,17016,40338895,2370.64
2023年3月,臺東縣,住,24665,85801633,3478.68
2023年3月,臺東縣,行,162539,183129730,1126.68
2023年3月,臺東縣,文教康樂,102822,155086001,1508.3
2023年3月,臺東縣,百貨,192636,228027830,1183.72
2023年3月,臺東縣,其他,126145,386258330,3062.02
2023年3月,澎湖縣,食,90810,40665896,447.81
2023年3月,澎湖縣,衣,7876,22343079,2836.86
2023年3月,澎湖縣,住,13182,46760189,3547.28
2023年3月,澎湖縣,行,69930,101698634,1454.29
2023年3月,澎湖縣,文教康樂,52955,76518832,1444.98
2023年3月,澎湖縣,百貨,92603,105852227,1143.08
2023年3月,澎湖縣,其他,56121,165561968,2950.09
2023年3月,金門縣,食,78998,69168467,875.57
2023年3月,金門縣,衣,6064,21052970,3471.8
2023年3月,金門縣,住,10841,35687864,3291.93
2023年3月,金門縣,行,46018,65977645,1433.74
2023年3月,金門縣,文教康樂,42819,58799899,1373.22
2023年3月,金門縣,百貨,97298,118992668,1222.97
2023年3月,金門縣,其他,46356,124060669,2676.26
2023年3月,連江縣,食,11262,5017072,445.49
2023年3月,連江縣,衣,812,1915466,2358.95
2023年3月,連江縣,住,1655,4676795,2825.86
2023年3月,連江縣,行,8894,15051372,1692.31
2023年3月,連江縣,文教康樂,7417,9819089,1323.86
2023年3月,連江縣,百貨,10529,13052624,1239.68
2023年3月,連江縣,其他,7820,19770192,2528.16
2023年4月,臺北市,食,12018503,7263094009,604.33
2023年4月,臺北市,衣,638062,2758156337,4322.71
2023年4月,臺北市,住,874678,4447093934,5084.26
2023年4月,臺北市,行,4948896,5676760396,1147.08
2023年4月,臺北市,文教康樂,4118015,9340725251,2268.26
2023年4月,臺北市,百貨,8562513,13088736148,1528.61
2023年4月,臺北市,其他,4406944,13842340152,3141.03
2023年4月,新北市,食,13306626,6778353921,509.4
2023年4月,新北市,衣,806459,2431348566,3014.84
2023年4月,新北市,住,1122632,4231878493,3769.6
2023年4月,新北市,行,6014353,6683560335,1111.27
2023年4月,新北市,文教康樂,5163434,9179226657,1777.74
2023年4月,新北市,百貨,10954959,14310010858,1306.26
2023年4月,新北市,其他,5852157,15970228763,2728.95
2023年4月,桃園市,食,5896857,2906815852,492.94
2023年4月,桃園市,衣,352707,1056079138,2994.21
2023年4月,桃園市,住,530752,1910284811,3599.2
2023年4月,桃園市,行,2997527,3703559303,1235.54
2023年4月,桃園市,文教康樂,2433835,4037606410,1658.95
2023年4月,桃園市,百貨,4748613,6805614252,1433.18
2023年4月,桃園市,其他,2750146,7544879785,2743.45
2023年4月,新竹縣,食,1726970,940375961,544.52
2023年4月,新竹縣,衣,98809,346170572,3503.43
2023年4月,新竹縣,住,160382,694853527,4332.49
2023年4月,新竹縣,行,839232,1121186608,1335.97
2023年4月,新竹縣,文教康樂,763923,1354713575,1773.36
2023年4月,新竹縣,百貨,1342377,2013294548,1499.8
2023年4月,新竹縣,其他,796856,2132147487,2675.7
2023年4月,新竹市,食,1667508,876679503,525.74
2023年4月,新竹市,衣,87552,307748743,3515.04
2023年4月,新竹市,住,143503,600152848,4182.16
2023年4月,新竹市,行,724111,914557581,1263.01
2023年4月,新竹市,文教康樂,601193,1257968503,2092.45
2023年4月,新竹市,百貨,1315906,1952487423,1483.76
2023年4月,新竹市,其他,719839,1955291044,2716.29
2023年4月,苗栗縣,食,824127,410788255,498.45
2023年4月,苗栗縣,衣,58438,171009949,2926.35
2023年4月,苗栗縣,住,85473,316238071,3699.86
2023年4月,苗栗縣,行,551944,682276377,1236.13
2023年4月,苗栗縣,文教康樂,377794,587258970,1554.44
2023年4月,苗栗縣,百貨,707833,953766237,1347.45
2023年4月,苗栗縣,其他,469502,1230869682,2621.65
2023年4月,臺中市,食,7663636,4148049980,541.26
2023年4月,臺中市,衣,482306,1640468564,3401.3
2023年4月,臺中市,住,704659,2689568187,3816.84
2023年4月,臺中市,行,3948947,4822841144,1221.3
2023年4月,臺中市,文教康樂,2830080,5368346281,1896.89
2023年4月,臺中市,百貨,6171295,8975721052,1454.43
2023年4月,臺中市,其他,3398334,10227930572,3009.69
2023年4月,彰化縣,食,1644648,854277214,519.43
2023年4月,彰化縣,衣,138606,380834968,2747.61
2023年4月,彰化縣,住,175657,608242160,3462.67
2023年4月,彰化縣,行,1126854,1397908468,1240.54
2023年4月,彰化縣,文教康樂,713746,1217621675,1705.96
2023年4月,彰化縣,百貨,1474250,2021324232,1371.09
2023年4月,彰化縣,其他,929749,2756686928,2964.98
2023年4月,南投縣,食,535948,267144815,498.45
2023年4月,南投縣,衣,44636,111710284,2502.69
2023年4月,南投縣,住,57770,210357188,3641.29
2023年4月,南投縣,行,382973,484989597,1266.38
2023年4月,南投縣,文教康樂,280224,390744977,1394.4
2023年4月,南投縣,百貨,486617,637858325,1310.8
2023年4月,南投縣,其他,307861,886257349,2878.76
2023年4月,雲林縣,食,644775,317741527,492.79
2023年4月,雲林縣,衣,61604,154246365,2503.84
2023年4月,雲林縣,住,75854,257571855,3395.63
2023年4月,雲林縣,行,528541,636461426,1204.19
2023年4月,雲林縣,文教康樂,317851,471439235,1483.21
2023年4月,雲林縣,百貨,603335,820438423,1359.84
2023年4月,雲林縣,其他,387175,1126808267,2910.33
2023年4月,嘉義縣,食,449860,221650949,492.71
2023年4月,嘉義縣,衣,40454,107138134,2648.39
2023年4月,嘉義縣,住,52209,176237333,3375.61
2023年4月,嘉義縣,行,388669,471860753,1214.04
2023年4月,嘉義縣,文教康樂,231525,336715551,1454.34
2023年4月,嘉義縣,百貨,457077,627459130,1372.76
2023年4月,嘉義縣,其他,280013,816358234,2915.43
2023年4月,嘉義市,食,470189,239429713,509.22
2023年4月,嘉義市,衣,37245,108201381,2905.13
2023年4月,嘉義市,住,51903,193379935,3725.79
2023年4月,嘉義市,行,291462,338886513,1162.71
2023年4月,嘉義市,文教康樂,190566,344733881,1809.0
2023年4月,嘉義市,百貨,460019,650767368,1414.65
2023年4月,嘉義市,其他,259437,756308906,2915.19
2023年4月,臺南市,食,3461424,1733611916,500.84
2023年4月,臺南市,衣,254356,687650129,2703.49
2023年4月,臺南市,住,403328,1467593069,3638.71
2023年4月,臺南市,行,2170874,2552098561,1175.61
2023年4月,臺南市,文教康樂,1442130,2404284588,1667.18
2023年4月,臺南市,百貨,3335580,4685199673,1404.61
2023年4月,臺南市,其他,1932884,5389358463,2788.25
2023年4月,高雄市,食,5718779,3059670338,535.02
2023年4月,高雄市,衣,383304,1059526910,2764.19
2023年4月,高雄市,住,617157,2214347431,3587.98
2023年4月,高雄市,行,3294278,3505398395,1064.09
2023年4月,高雄市,文教康樂,2331956,3869092643,1659.16
2023年4月,高雄市,百貨,5331824,7896661023,1481.04
2023年4月,高雄市,其他,2863849,8355426224,2917.55
2023年4月,屏東縣,食,802153,412625110,514.4
2023年4月,屏東縣,衣,65954,165148938,2504.0
2023年4月,屏東縣,住,99967,346823699,3469.38
2023年4月,屏東縣,行,647665,692863451,1069.79
2023年4月,屏東縣,文教康樂,405841,575012800,1416.84
2023年4月,屏東縣,百貨,824334,1181181736,1432.89
2023年4月,屏東縣,其他,517617,1578545605,3049.64
2023年4月,基隆市,食,764605,389368626,509.24
2023年4月,基隆市,衣,55587,158670318,2854.45
2023年4月,基隆市,住,70514,280091025,3972.13
2023年4月,基隆市,行,438291,470638957,1073.8
2023年4月,基隆市,文教康樂,350096,559357091,1597.72
2023年4月,基隆市,百貨,697076,848535714,1217.28
2023年4月,基隆市,其他,431464,1069139711,2477.93
2023年4月,宜蘭縣,食,609917,298726951,489.78
2023年4月,宜蘭縣,衣,47501,129882929,2734.32
2023年4月,宜蘭縣,住,69908,255243773,3651.14
2023年4月,宜蘭縣,行,380975,412151017,1081.83
2023年4月,宜蘭縣,文教康樂,294348,446947865,1518.43
2023年4月,宜蘭縣,百貨,603648,728569419,1206.94
2023年4月,宜蘭縣,其他,338817,965001377,2848.15
2023年4月,花蓮縣,食,437804,243907823,557.12
2023年4月,花蓮縣,衣,30052,77142663,2566.97
2023年4月,花蓮縣,住,48918,186847835,3819.61
2023年4月,花蓮縣,行,277716,292658930,1053.81
2023年4月,花蓮縣,文教康樂,198629,290010943,1460.06
2023年4月,花蓮縣,百貨,392808,491166333,1250.4
2023年4月,花蓮縣,其他,223362,657609346,2944.14
2023年4月,臺東縣,食,214258,102726528,479.45
2023年4月,臺東縣,衣,17961,42347340,2357.74
2023年4月,臺東縣,住,24330,96219509,3954.77
2023年4月,臺東縣,行,155405,154674125,995.3
2023年4月,臺東縣,文教康樂,103176,147266495,1427.33
2023年4月,臺東縣,百貨,197283,242763277,1230.53
2023年4月,臺東縣,其他,108370,340344440,3140.58
2023年4月,澎湖縣,食,90183,41693324,462.32
2023年4月,澎湖縣,衣,8394,22268661,2652.93
2023年4月,澎湖縣,住,12446,44457536,3572.03
2023年4月,澎湖縣,行,64786,90584448,1398.21
2023年4月,澎湖縣,文教康樂,50980,65200877,1278.95
2023年4月,澎湖縣,百貨,93587,105549669,1127.82
2023年4月,澎湖縣,其他,46650,121012210,2594.05
2023年4月,金門縣,食,78081,47764655,611.73
2023年4月,金門縣,衣,6579,26131033,3971.89
2023年4月,金門縣,住,10540,36412010,3454.65
2023年4月,金門縣,行,44824,61687792,1376.22
2023年4月,金門縣,文教康樂,41968,59288365,1412.7
2023年4月,金門縣,百貨,101507,125121994,1232.64
2023年4月,金門縣,其他,38787,97920754,2524.58
2023年4月,連江縣,食,12359,6069844,491.13
2023年4月,連江縣,衣,994,2725615,2742.07
2023年4月,連江縣,住,1771,5270275,2975.88
2023年4月,連江縣,行,9198,14366560,1561.92
2023年4月,連江縣,文教康樂,7509,9445997,1257.96
2023年4月,連江縣,百貨,12114,14952632,1234.33
2023年4月,連江縣,其他,6437,15954849,2478.62
2023年5月,臺北市,食,12741746,7504609035,588.98
2023年5月,臺北市,衣,649082,2821247157,4346.52
2023年5月,臺北市,住,855592,4241628681,4957.54
2023年5月,臺北市,行,5235567,6058636508,1157.21
2023年5月,臺北市,文教康樂,4242448,10558790444,2488.84
2023年5月,臺北市,百貨,9049524,12941548435,1430.08
2023年5月,臺北市,其他,5172479,91288251855,17648.84
2023年5月,新北市,食,14121416,7069721946,500.64
2023年5月,新北市,衣,821659,2432130451,2960.02
2023年5月,新北市,住,1105060,4066069241,3679.5
2023年5月,新北市,行,6290376,6896918891,1096.42
2023年5月,新北市,文教康樂,5240167,9979350184,1904.4
2023年5月,新北市,百貨,11555054,14474050890,1252.62
2023年5月,新北市,其他,6884995,46328492213,6728.91
2023年5月,桃園市,食,6270064,3016491558,481.09
2023年5月,桃園市,衣,356090,1042098521,2926.5
2023年5月,桃園市,住,524526,1774153559,3382.39
2023年5月,桃園市,行,3142555,3782361628,1203.59
2023年5月,桃園市,文教康樂,2468476,4447570002,1801.75
2023年5月,桃園市,百貨,4999233,6995658690,1399.35
2023年5月,桃園市,其他,3235082,20132240623,6223.1
2023年5月,新竹縣,食,1802531,946212564,524.94
2023年5月,新竹縣,衣,95600,320280048,3350.21
2023年5月,新竹縣,住,146134,565642140,3870.71
2023年5月,新竹縣,行,866517,1152440534,1329.97
2023年5月,新竹縣,文教康樂,798460,1342223627,1681.02
2023年5月,新竹縣,百貨,1393050,2042309837,1466.07
2023年5月,新竹縣,其他,930800,14930224988,16040.21
2023年5月,新竹市,食,1754657,898121722,511.85
2023年5月,新竹市,衣,88228,288079682,3265.17
2023年5月,新竹市,住,137079,530083492,3866.99
2023年5月,新竹市,行,751734,973156977,1294.55
2023年5月,新竹市,文教康樂,600646,1389616740,2313.54
2023年5月,新竹市,百貨,1380182,2057920154,1491.05
2023年5月,新竹市,其他,853166,18211804145,21346.14
2023年5月,苗栗縣,食,872923,421106591,482.41
2023年5月,苗栗縣,衣,60173,177990987,2957.99
2023年5月,苗栗縣,住,83640,276450997,3305.25
2023年5月,苗栗縣,行,579246,661603421,1142.18
2023年5月,苗栗縣,文教康樂,389467,648433671,1664.93
2023年5月,苗栗縣,百貨,747157,965921488,1292.8
2023年5月,苗栗縣,其他,555989,3016869848,5426.13
2023年5月,臺中市,食,8157882,4349296237,533.14
2023年5月,臺中市,衣,482950,1630892679,3376.94
2023年5月,臺中市,住,689314,2409923946,3496.12
2023年5月,臺中市,行,4132413,5039234576,1219.44
2023年5月,臺中市,文教康樂,2890281,6010665970,2079.61
2023年5月,臺中市,百貨,6483977,8864748934,1367.18
2023年5月,臺中市,其他,3919363,28329535305,7228.1
2023年5月,彰化縣,食,1756368,883176692,502.84
2023年5月,彰化縣,衣,136819,371857986,2717.88
2023年5月,彰化縣,住,173513,554989041,3198.54
2023年5月,彰化縣,行,1177597,1455055982,1235.61
2023年5月,彰化縣,文教康樂,720019,1327073425,1843.11
2023年5月,彰化縣,百貨,1553177,1985559249,1278.39
2023年5月,彰化縣,其他,1072483,6395104342,5962.9
2023年5月,南投縣,食,573566,283606289,494.46
2023年5月,南投縣,衣,44818,109988112,2454.11
2023年5月,南投縣,住,57587,194137195,3371.2
2023年5月,南投縣,行,402349,518585004,1288.89
2023年5月,南投縣,文教康樂,294469,444614521,1509.89
2023年5月,南投縣,百貨,515192,629666310,1222.2
2023年5月,南投縣,其他,353219,1747601976,4947.64
2023年5月,雲林縣,食,689224,327346774,474.95
2023年5月,雲林縣,衣,60892,154269740,2533.5
2023年5月,雲林縣,住,75037,235779165,3142.17
2023年5月,雲林縣,行,552740,713263258,1290.41
2023年5月,雲林縣,文教康樂,312860,511905177,1636.21
2023年5月,雲林縣,百貨,632744,804348846,1271.21
2023年5月,雲林縣,其他,439852,2385976009,5424.5
2023年5月,嘉義縣,食,492224,231647448,470.61
2023年5月,嘉義縣,衣,40211,104786923,2605.93
2023年5月,嘉義縣,住,52271,164695202,3150.79
2023年5月,嘉義縣,行,409393,495686162,1210.78
2023年5月,嘉義縣,文教康樂,231068,367700650,1591.31
2023年5月,嘉義縣,百貨,479142,659850450,1377.15
2023年5月,嘉義縣,其他,323821,1407373574,4346.15
2023年5月,嘉義市,食,505142,243321221,481.69
2023年5月,嘉義市,衣,37560,114692038,3053.57
2023年5月,嘉義市,住,51491,175708041,3412.4
2023年5月,嘉義市,行,308150,381965826,1239.55
2023年5月,嘉義市,文教康樂,194331,386413762,1988.43
2023年5月,嘉義市,百貨,481809,654288798,1357.98
2023年5月,嘉義市,其他,299485,1744615602,5825.39
2023年5月,臺南市,食,3699567,1811448554,489.64
2023年5月,臺南市,衣,249877,681856787,2728.77
2023年5月,臺南市,住,401079,1307267198,3259.38
2023年5月,臺南市,行,2273047,2729308218,1200.73
2023年5月,臺南市,文教康樂,1459870,2713530145,1858.75
2023年5月,臺南市,百貨,3466766,4585786750,1322.79
2023年5月,臺南市,其他,2238996,15250802368,6811.45
2023年5月,高雄市,食,6094947,3237595788,531.19
2023年5月,高雄市,衣,378883,1047872534,2765.69
2023年5月,高雄市,住,615259,2049577972,3331.24
2023年5月,高雄市,行,3429438,3751821228,1094.0
2023年5月,高雄市,文教康樂,2391975,4316586761,1804.61
2023年5月,高雄市,百貨,5482925,7489025457,1365.88
2023年5月,高雄市,其他,3340267,21428784639,6415.29
2023年5月,屏東縣,食,857259,432730654,504.78
2023年5月,屏東縣,衣,65320,164942694,2525.15
2023年5月,屏東縣,住,99869,319690236,3201.1
2023年5月,屏東縣,行,678782,735425166,1083.45
2023年5月,屏東縣,文教康樂,407722,625514896,1534.17
2023年5月,屏東縣,百貨,845029,1116418450,1321.16
2023年5月,屏東縣,其他,609341,2840563167,4661.7
2023年5月,基隆市,食,803425,397811361,495.14
2023年5月,基隆市,衣,56215,160082432,2847.68
2023年5月,基隆市,住,69098,249952877,3617.37
2023年5月,基隆市,行,458898,492019271,1072.18
2023年5月,基隆市,文教康樂,355241,592736520,1668.55
2023年5月,基隆市,百貨,737677,853658670,1157.23
2023年5月,基隆市,其他,511407,2261159807,4421.45
2023年5月,宜蘭縣,食,645964,299640242,463.87
2023年5月,宜蘭縣,衣,48891,133065651,2721.68
2023年5月,宜蘭縣,住,70044,237557733,3391.55
2023年5月,宜蘭縣,行,404110,444416043,1099.74
2023年5月,宜蘭縣,文教康樂,305451,484965905,1587.7
2023年5月,宜蘭縣,百貨,638482,779354406,1220.64
2023年5月,宜蘭縣,其他,401484,1720012872,4284.14
2023年5月,花蓮縣,食,463809,255962497,551.87
2023年5月,花蓮縣,衣,30962,78706638,2542.04
2023年5月,花蓮縣,住,47411,175793048,3707.85
2023年5月,花蓮縣,行,291853,313746401,1075.02
2023年5月,花蓮縣,文教康樂,199409,321465434,1612.09
2023年5月,花蓮縣,百貨,408857,506080310,1237.79
2023年5月,花蓮縣,其他,268757,1099773755,4092.07
2023年5月,臺東縣,食,228895,106465789,465.13
2023年5月,臺東縣,衣,18023,43259002,2400.21
2023年5月,臺東縣,住,24664,89868154,3643.7
2023年5月,臺東縣,行,161545,171671097,1062.68
2023年5月,臺東縣,文教康樂,103918,156925929,1510.09
2023年5月,臺東縣,百貨,206636,239996616,1161.45
2023年5月,臺東縣,其他,126193,548401084,4345.73
2023年5月,澎湖縣,食,97958,43499839,444.07
2023年5月,澎湖縣,衣,8300,22489943,2709.63
2023年5月,澎湖縣,住,12426,46351149,3730.17
2023年5月,澎湖縣,行,64217,88675693,1380.88
2023年5月,澎湖縣,文教康樂,52664,68710966,1304.7
2023年5月,澎湖縣,百貨,98766,104968014,1062.8
2023年5月,澎湖縣,其他,55439,222630662,4015.78
2023年5月,金門縣,食,82558,41997647,508.7
2023年5月,金門縣,衣,6839,17171671,2510.85
2023年5月,金門縣,住,10550,34030685,3225.66
2023年5月,金門縣,行,47922,71821491,1498.72
2023年5月,金門縣,文教康樂,42597,61601793,1446.15
2023年5月,金門縣,百貨,105207,114810522,1091.28
2023年5月,金門縣,其他,46386,198568221,4280.78
2023年5月,連江縣,食,13120,10492641,799.74
2023年5月,連江縣,衣,1019,3212859,3152.95
2023年5月,連江縣,住,1653,4150255,2510.74
2023年5月,連江縣,行,9047,14082670,1556.61
2023年5月,連江縣,文教康樂,7376,12327445,1671.29
2023年5月,連江縣,百貨,12886,16002771,1241.87
2023年5月,連江縣,其他,8162,33053988,4049.74
2023年6月,臺北市,食,12634101,7309160580,578.53
2023年6月,臺北市,衣,699535,2894235601,4137.37
2023年6月,臺北市,住,886120,4446757300,5018.23
2023年6月,臺北市,行,5176566,5794504431,1119.37
2023年6月,臺北市,文教康樂,4219831,10517907161,2492.49
2023年6月,臺北市,百貨,9022876,12488454324,1384.09
2023年6月,臺北市,其他,4616858,16283221164,3526.91
2023年6月,新北市,食,14209183,6819103036,479.91
2023年6月,新北市,衣,870622,2586955971,2971.39
2023年6月,新北市,住,1141428,4267785286,3738.99
2023年6月,新北市,行,6255555,6717425362,1073.83
2023年6月,新北市,文教康樂,5190490,9967166282,1920.27
2023年6月,新北市,百貨,11562843,13948960567,1206.36
2023年6月,新北市,其他,6170853,17764195407,2878.73
2023年6月,桃園市,食,6355837,2905087020,457.07
2023年6月,桃園市,衣,377264,1109082628,2939.81
2023年6月,桃園市,住,543637,1932740767,3555.2
2023年6月,桃園市,行,3127067,3776051415,1207.54
2023年6月,桃園市,文教康樂,2413134,4422289783,1832.59
2023年6月,桃園市,百貨,5037168,6734180823,1336.9
2023年6月,桃園市,其他,2898645,8078035329,2786.83
2023年6月,新竹縣,食,1837444,915945097,498.49
2023年6月,新竹縣,衣,100615,344806206,3426.99
2023年6月,新竹縣,住,154667,633791328,4097.78
2023年6月,新竹縣,行,865472,1161854749,1342.45
2023年6月,新竹縣,文教康樂,769122,1399338532,1819.4
2023年6月,新竹縣,百貨,1407292,1896331272,1347.5
2023年6月,新竹縣,其他,819670,2275972971,2776.69
2023年6月,新竹市,食,1768905,866060820,489.6
2023年6月,新竹市,衣,93862,309294768,3295.21
2023年6月,新竹市,住,146205,614897760,4205.72
2023年6月,新竹市,行,748801,940675805,1256.24
2023年6月,新竹市,文教康樂,606613,1428372614,2354.67
2023年6月,新竹市,百貨,1392115,1884985338,1354.04
2023年6月,新竹市,其他,745897,2196346881,2944.57
2023年6月,苗栗縣,食,893649,405351132,453.59
2023年6月,苗栗縣,衣,62160,180534669,2904.35
2023年6月,苗栗縣,住,88991,306950077,3449.23
2023年6月,苗栗縣,行,573401,663786962,1157.63
2023年6月,苗栗縣,文教康樂,378685,628402777,1659.43
2023年6月,苗栗縣,百貨,751837,932171969,1239.86
2023年6月,苗栗縣,其他,497862,1303406327,2618.01
2023年6月,臺中市,食,8202007,4145319085,505.4
2023年6月,臺中市,衣,499301,1615373677,3235.27
2023年6月,臺中市,住,711339,2637017197,3707.12
2023年6月,臺中市,行,4105065,4950694420,1206.0
2023年6月,臺中市,文教康樂,2856371,6081098396,2128.96
2023年6月,臺中市,百貨,6456821,8457949704,1309.92
2023年6月,臺中市,其他,3538156,11261559454,3182.89
2023年6月,彰化縣,食,1783192,839253470,470.65
2023年6月,彰化縣,衣,139715,379451260,2715.89
2023年6月,彰化縣,住,178272,586774792,3291.46
2023年6月,彰化縣,行,1160845,1454906769,1253.32
2023年6月,彰化縣,文教康樂,706258,1351640622,1913.81
2023年6月,彰化縣,百貨,1552987,1901811264,1224.62
2023年6月,彰化縣,其他,973638,2971351864,3051.8
2023年6月,南投縣,食,574504,276661023,481.57
2023年6月,南投縣,衣,44391,119335660,2688.29
2023年6月,南投縣,住,59131,203193106,3436.32
2023年6月,南投縣,行,398300,503452887,1264.0
2023年6月,南投縣,文教康樂,288051,437437850,1518.61
2023年6月,南投縣,百貨,511445,619604606,1211.48
2023年6月,南投縣,其他,317767,1039771002,3272.12
2023年6月,雲林縣,食,699140,317088275,453.54
2023年6月,雲林縣,衣,60580,149751258,2471.96
2023年6月,雲林縣,住,78056,262219034,3359.37
2023年6月,雲林縣,行,542703,692681793,1276.36
2023年6月,雲林縣,文教康樂,316852,517428041,1633.03
2023年6月,雲林縣,百貨,629925,779037730,1236.72
2023年6月,雲林縣,其他,400926,1209220264,3016.07
2023年6月,嘉義縣,食,497528,219895989,441.98
2023年6月,嘉義縣,衣,40934,102336986,2500.05
2023年6月,嘉義縣,住,53794,175639084,3265.03
2023年6月,嘉義縣,行,402544,495654063,1231.3
2023年6月,嘉義縣,文教康樂,226672,357295387,1576.27
2023年6月,嘉義縣,百貨,477378,591638714,1239.35
2023年6月,嘉義縣,其他,294258,891047963,3028.12
2023年6月,嘉義市,食,511141,238926261,467.44
2023年6月,嘉義市,衣,37461,108998384,2909.65
2023年6月,嘉義市,住,52808,186093747,3523.97
2023年6月,嘉義市,行,302073,376870293,1247.61
2023年6月,嘉義市,文教康樂,192399,396517029,2060.91
2023年6月,嘉義市,百貨,476100,620745467,1303.81
2023年6月,嘉義市,其他,270258,816577216,3021.47
2023年6月,臺南市,食,3751167,1725534736,460.0
2023年6月,臺南市,衣,257652,700478864,2718.7
2023年6月,臺南市,住,412200,1372011357,3328.51
2023年6月,臺南市,行,2242174,2654482457,1183.89
2023年6月,臺南市,文教康樂,1471003,2690619614,1829.11
2023年6月,臺南市,百貨,3458917,4398985357,1271.78
2023年6月,臺南市,其他,2024173,5820854067,2875.67
2023年6月,高雄市,食,6109819,3082445230,504.51
2023年6月,高雄市,衣,388815,1104241467,2840.02
2023年6月,高雄市,住,629482,2182089372,3466.48
2023年6月,高雄市,行,3387706,3756412561,1108.84
2023年6月,高雄市,文教康樂,2389727,4204940811,1759.59
2023年6月,高雄市,百貨,5445860,7121819432,1307.75
2023年6月,高雄市,其他,2996346,9224937957,3078.73
2023年6月,屏東縣,食,867538,409377969,471.88
2023年6月,屏東縣,衣,65813,164242842,2495.6
2023年6月,屏東縣,住,102285,337741311,3301.96
2023年6月,屏東縣,行,669410,726566945,1085.38
2023年6月,屏東縣,文教康樂,402114,623956096,1551.69
2023年6月,屏東縣,百貨,844633,1067752563,1264.16
2023年6月,屏東縣,其他,548970,1781951577,3245.99
2023年6月,基隆市,食,813846,384268110,472.16
2023年6月,基隆市,衣,59659,161616658,2709.01
2023年6月,基隆市,住,71134,271012003,3809.88
2023年6月,基隆市,行,457039,474460795,1038.12
2023年6月,基隆市,文教康樂,346957,576521240,1661.65
2023年6月,基隆市,百貨,739801,836791552,1131.1
2023年6月,基隆市,其他,459340,1171477150,2550.35
2023年6月,宜蘭縣,食,657245,292634572,445.24
2023年6月,宜蘭縣,衣,49416,134260831,2716.95
2023年6月,宜蘭縣,住,72666,252203347,3470.72
2023年6月,宜蘭縣,行,400024,449128274,1122.75
2023年6月,宜蘭縣,文教康樂,300071,480265394,1600.51
2023年6月,宜蘭縣,百貨,637572,736440508,1155.07
2023年6月,宜蘭縣,其他,359625,1065456397,2962.69
2023年6月,花蓮縣,食,465864,252122594,541.19
2023年6月,花蓮縣,衣,31646,77695809,2455.15
2023年6月,花蓮縣,住,48957,184824189,3775.24
2023年6月,花蓮縣,行,289170,315826486,1092.18
2023年6月,花蓮縣,文教康樂,199601,303135785,1518.71
2023年6月,花蓮縣,百貨,406793,481550693,1183.77
2023年6月,花蓮縣,其他,237699,697089038,2932.65
2023年6月,臺東縣,食,230549,103084281,447.13
2023年6月,臺東縣,衣,18429,44485254,2413.87
2023年6月,臺東縣,住,25564,95831379,3748.68
2023年6月,臺東縣,行,162079,173485893,1070.38
2023年6月,臺東縣,文教康樂,101415,155976678,1538.0
2023年6月,臺東縣,百貨,202733,230197780,1135.47
2023年6月,臺東縣,其他,114589,410936479,3586.18
2023年6月,澎湖縣,食,99490,43111807,433.33
2023年6月,澎湖縣,衣,8320,21449460,2578.06
2023年6月,澎湖縣,住,12429,43421389,3493.55
2023年6月,澎湖縣,行,63441,84206034,1327.31
2023年6月,澎湖縣,文教康樂,51331,72210478,1406.76
2023年6月,澎湖縣,百貨,98698,103237430,1045.99
2023年6月,澎湖縣,其他,50901,142148996,2792.66
2023年6月,金門縣,食,82002,40404108,492.72
2023年6月,金門縣,衣,7072,16771912,2371.59
2023年6月,金門縣,住,10976,36265617,3304.08
2023年6月,金門縣,行,48081,73579907,1530.33
2023年6月,金門縣,文教康樂,42195,59406256,1407.9
2023年6月,金門縣,百貨,105686,117529377,1112.06
2023年6月,金門縣,其他,42196,120282334,2850.56
2023年6月,連江縣,食,14031,12800837,912.33
2023年6月,連江縣,衣,1073,3051032,2843.46
2023年6月,連江縣,住,1739,4364575,2509.82
2023年6月,連江縣,行,9310,12720178,1366.29
2023年6月,連江縣,文教康樂,7362,10650301,1446.66
2023年6月,連江縣,百貨,13418,15505780,1155.6
2023年6月,連江縣,其他,7577,19692779,2599.02
2023年7月,臺北市,食,13471618,7865198205,583.83
2023年7月,臺北市,衣,706911,3169645076,4483.8
2023年7月,臺北市,住,932930,4781093485,5124.81
2023年7月,臺北市,行,5444123,6009100224,1103.78
2023年7月,臺北市,文教康樂,4517947,10708729016,2370.26
2023年7月,臺北市,百貨,9588975,12858704346,1340.99
2023年7月,臺北市,其他,4770494,15006221204,3145.63
2023年7月,新北市,食,15280503,7427758584,486.09
2023年7月,新北市,衣,874808,2516014340,2876.08
2023年7月,新北市,住,1196673,4558375497,3809.21
2023年7月,新北市,行,6522964,6989199553,1071.48
2023年7月,新北市,文教康樂,5527412,10582883206,1914.62
2023年7月,新北市,百貨,12349900,14275663684,1155.93
2023年7月,新北市,其他,6444199,17036181725,2643.65
2023年7月,桃園市,食,6870390,3244005614,472.17
2023年7月,桃園市,衣,374631,1044784911,2788.84
2023年7月,桃園市,住,571342,2114383362,3700.73
2023年7月,桃園市,行,3264983,4004666011,1226.55
2023年7月,桃園市,文教康樂,2657122,4643982018,1747.75
2023年7月,桃園市,百貨,5382586,6888887531,1279.85
2023年7月,桃園市,其他,3041737,7925864138,2605.7
2023年7月,新竹縣,食,1975212,1012643845,512.68
2023年7月,新竹縣,衣,101300,339634574,3352.76
2023年7月,新竹縣,住,162814,701951976,4311.37
2023年7月,新竹縣,行,910053,1233575748,1355.5
2023年7月,新竹縣,文教康樂,888713,1484154973,1670.0
2023年7月,新竹縣,百貨,1514990,2014950802,1330.01
2023年7月,新竹縣,其他,873160,2252933360,2580.21
2023年7月,新竹市,食,1891500,952316531,503.47
2023年7月,新竹市,衣,93439,302618848,3238.68
2023年7月,新竹市,住,154770,668565268,4319.73
2023年7月,新竹市,行,785115,1039353407,1323.82
2023年7月,新竹市,文教康樂,653933,1486754987,2273.56
2023年7月,新竹市,百貨,1483561,1940215206,1307.81
2023年7月,新竹市,其他,794472,2066989635,2601.71
2023年7月,苗栗縣,食,970555,458860788,472.78
2023年7月,苗栗縣,衣,62497,172835916,2765.51
2023年7月,苗栗縣,住,95670,353138378,3691.21
2023年7月,苗栗縣,行,606130,730738483,1205.58
2023年7月,苗栗縣,文教康樂,404804,663864859,1639.97
2023年7月,苗栗縣,百貨,805295,976942415,1213.15
2023年7月,苗栗縣,其他,531502,1293624875,2433.9
2023年7月,臺中市,食,8848189,4637604399,524.13
2023年7月,臺中市,衣,515102,1666803083,3235.87
2023年7月,臺中市,住,763658,2886485535,3779.81
2023年7月,臺中市,行,4319900,5334031013,1234.76
2023年7月,臺中市,文教康樂,3075931,6295614686,2046.73
2023年7月,臺中市,百貨,6932182,8883875011,1281.54
2023年7月,臺中市,其他,3750229,10988786283,2930.16
2023年7月,彰化縣,食,1937485,949912832,490.28
2023年7月,彰化縣,衣,143958,379625036,2637.05
2023年7月,彰化縣,住,191471,656005580,3426.14
2023年7月,彰化縣,行,1228908,1595819839,1298.57
2023年7月,彰化縣,文教康樂,768187,1412933278,1839.31
2023年7月,彰化縣,百貨,1675235,2003738955,1196.09
2023年7月,彰化縣,其他,1047684,2885522329,2754.19
2023年7月,南投縣,食,618678,311551738,503.58
2023年7月,南投縣,衣,45976,109021807,2371.28
2023年7月,南投縣,住,64533,234545727,3634.51
2023年7月,南投縣,行,420514,532100914,1265.36
2023年7月,南投縣,文教康樂,327601,466013316,1422.5
2023年7月,南投縣,百貨,553653,642509108,1160.49
2023年7月,南投縣,其他,342217,956629242,2795.39
2023年7月,雲林縣,食,751338,359231010,478.12
2023年7月,雲林縣,衣,61910,159333393,2573.63
2023年7月,雲林縣,住,85545,291551081,3408.16
2023年7月,雲林縣,行,577441,745952798,1291.83
2023年7月,雲林縣,文教康樂,349325,558145693,1597.78
2023年7月,雲林縣,百貨,689141,826260829,1198.97
2023年7月,雲林縣,其他,431259,1217894508,2824.04
2023年7月,嘉義縣,食,532860,251236705,471.49
2023年7月,嘉義縣,衣,41363,103480193,2501.76
2023年7月,嘉義縣,住,57621,198412669,3443.41
2023年7月,嘉義縣,行,423346,546562554,1291.05
2023年7月,嘉義縣,文教康樂,247826,400894321,1617.64
2023年7月,嘉義縣,百貨,516671,629573358,1218.52
2023年7月,嘉義縣,其他,312213,858315463,2749.13
2023年7月,嘉義市,食,551914,270165628,489.51
2023年7月,嘉義市,衣,38123,111768692,2931.79
2023年7月,嘉義市,住,57880,213826444,3694.31
2023年7月,嘉義市,行,318867,415127282,1301.88
2023年7月,嘉義市,文教康樂,209000,414556910,1983.53
2023年7月,嘉義市,百貨,514147,671807096,1306.64
2023年7月,嘉義市,其他,285237,815180369,2857.91
2023年7月,臺南市,食,3961790,1899128056,479.36
2023年7月,臺南市,衣,258465,683873269,2645.9
2023年7月,臺南市,住,438636,1521207318,3468.04
2023年7月,臺南市,行,2300656,2793600152,1214.26
2023年7月,臺南市,文教康樂,1562237,2877097887,1841.65
2023年7月,臺南市,百貨,3726118,4748097920,1274.27
2023年7月,臺南市,其他,2118466,5688966648,2685.42
2023年7月,高雄市,食,6427460,3354871013,521.96
2023年7月,高雄市,衣,388518,1087458856,2798.99
2023年7月,高雄市,住,660403,2301831789,3485.5
2023年7月,高雄市,行,3470284,3933398620,1133.45
2023年7月,高雄市,文教康樂,2534525,4389242179,1731.78
2023年7月,高雄市,百貨,5918689,7592230586,1282.76
2023年7月,高雄市,其他,3155953,9141336369,2896.54
2023年7月,屏東縣,食,922178,457427120,496.03
2023年7月,屏東縣,衣,67711,162713441,2403.06
2023年7月,屏東縣,住,109541,374928403,3422.72
2023年7月,屏東縣,行,686111,775429416,1130.18
2023年7月,屏東縣,文教康樂,433206,689362676,1591.3
2023年7月,屏東縣,百貨,927019,1136763336,1226.26
2023年7月,屏東縣,其他,578966,1725073498,2979.58
2023年7月,基隆市,食,886019,421669489,475.91
2023年7月,基隆市,衣,60211,159826819,2654.45
2023年7月,基隆市,住,74879,288617398,3854.45
2023年7月,基隆市,行,474586,497181839,1047.61
2023年7月,基隆市,文教康樂,366676,594443223,1621.17
2023年7月,基隆市,百貨,789554,851113024,1077.97
2023年7月,基隆市,其他,469825,1129420672,2403.92
2023年7月,宜蘭縣,食,713869,329965713,462.22
2023年7月,宜蘭縣,衣,50507,137373868,2719.9
2023年7月,宜蘭縣,住,76436,283123536,3704.06
2023年7月,宜蘭縣,行,424331,484373644,1141.5
2023年7月,宜蘭縣,文教康樂,318170,521501801,1639.07
2023年7月,宜蘭縣,百貨,695319,769525122,1106.72
2023年7月,宜蘭縣,其他,385193,1087936753,2824.39
2023年7月,花蓮縣,食,495220,268319330,541.82
2023年7月,花蓮縣,衣,32157,78312497,2435.32
2023年7月,花蓮縣,住,51284,201104860,3921.4
2023年7月,花蓮縣,行,300883,323612223,1075.54
2023年7月,花蓮縣,文教康樂,211285,326210750,1543.94
2023年7月,花蓮縣,百貨,442237,508195315,1149.15
2023年7月,花蓮縣,其他,251302,685352558,2727.21
2023年7月,臺東縣,食,243321,117558926,483.14
2023年7月,臺東縣,衣,18854,43519536,2308.24
2023年7月,臺東縣,住,26311,103486866,3933.22
2023年7月,臺東縣,行,167388,175203594,1046.69
2023年7月,臺東縣,文教康樂,109554,165456986,1510.28
2023年7月,臺東縣,百貨,218753,249040992,1138.46
2023年7月,臺東縣,其他,121788,358468030,2943.38
2023年7月,澎湖縣,食,107437,47270210,439.98
2023年7月,澎湖縣,衣,8512,22588754,2653.75
2023年7月,澎湖縣,住,13397,51190655,3821.05
2023年7月,澎湖縣,行,68760,93326877,1357.28
2023年7月,澎湖縣,文教康樂,55135,83759157,1519.16
2023年7月,澎湖縣,百貨,109402,113620465,1038.56
2023年7月,澎湖縣,其他,53897,143798999,2668.03
2023年7月,金門縣,食,94551,47735896,504.87
2023年7月,金門縣,衣,6858,15562948,2269.31
2023年7月,金門縣,住,11437,42444379,3711.15
2023年7月,金門縣,行,51338,82178583,1600.74
2023年7月,金門縣,文教康樂,46839,68781137,1468.46
2023年7月,金門縣,百貨,115200,116364508,1010.11
2023年7月,金門縣,其他,45036,112090299,2488.9
2023年7月,連江縣,食,15978,8007866,501.18
2023年7月,連江縣,衣,1193,2751390,2306.28
2023年7月,連江縣,住,1905,5546071,2911.32
2023年7月,連江縣,行,9401,13884150,1476.88
2023年7月,連江縣,文教康樂,8592,14418826,1678.17
2023年7月,連江縣,百貨,14998,15802221,1053.62
2023年7月,連江縣,其他,8272,20298225,2453.85
2023年8月,臺北市,食,13224427,7891977366,596.77
2023年8月,臺北市,衣,630393,2643164724,4192.88
2023年8月,臺北市,住,921037,4558867347,4949.71
2023年8月,臺北市,行,5421375,5921019331,1092.16
2023年8月,臺北市,文教康樂,4419132,12290519637,2781.21
2023年8月,臺北市,百貨,9699000,12876601180,1327.62
2023年8月,臺北市,其他,4677447,14441159095,3087.4
2023年8月,新北市,食,15075972,7518533583,498.71
2023年8月,新北市,衣,786498,2241214335,2849.61
2023年8月,新北市,住,1185991,4145777415,3495.62
2023年8月,新北市,行,6526118,6776983223,1038.44
2023年8月,新北市,文教康樂,5456277,12499737713,2290.89
2023年8月,新北市,百貨,12651838,14789582471,1168.97
2023年8月,新北市,其他,6205154,16607633813,2676.43
2023年8月,桃園市,食,6885518,3301779349,479.53
2023年8月,桃園市,衣,347101,967220606,2786.57
2023年8月,桃園市,住,574319,1954350583,3402.9
2023年8月,桃園市,行,3303290,3864228798,1169.81
2023年8月,桃園市,文教康樂,2867868,5345869257,1864.06
2023年8月,桃園市,百貨,5536938,7335778698,1324.88
2023年8月,桃園市,其他,2969079,7721862608,2600.76
2023年8月,新竹縣,食,1979878,1046493857,528.56
2023年8月,新竹縣,衣,93952,307243907,3270.22
2023年8月,新竹縣,住,164873,656009399,3978.88
2023年8月,新竹縣,行,925155,1139901705,1232.12
2023年8月,新竹縣,文教康樂,1090472,1737318620,1593.18
2023年8月,新竹縣,百貨,1538200,2021973213,1314.51
2023年8月,新竹縣,其他,840128,2183831631,2599.4
2023年8月,新竹市,食,1884981,971397201,515.34
2023年8月,新竹市,衣,86299,276340570,3202.13
2023年8月,新竹市,住,154057,638748022,4146.18
2023年8月,新竹市,行,792817,976335962,1231.48
2023年8月,新竹市,文教康樂,648309,1783354897,2750.78
2023年8月,新竹市,百貨,1505018,1986611903,1319.99
2023年8月,新竹市,其他,764892,1921996745,2512.77
2023年8月,苗栗縣,食,965823,459683298,475.95
2023年8月,苗栗縣,衣,59109,170485396,2884.25
2023年8月,苗栗縣,住,94761,323293945,3411.68
2023年8月,苗栗縣,行,605277,673667370,1112.99
2023年8月,苗栗縣,文教康樂,411805,792613687,1924.73
2023年8月,苗栗縣,百貨,829407,1027761005,1239.15
2023年8月,苗栗縣,其他,500479,1231210162,2460.06
2023年8月,臺中市,食,8778912,4689640479,534.19
2023年8月,臺中市,衣,475354,1446144372,3042.25
2023年8月,臺中市,住,756290,2623777871,3469.27
2023年8月,臺中市,行,4347288,5046990559,1160.95
2023年8月,臺中市,文教康樂,3116439,7731580561,2480.9
2023年8月,臺中市,百貨,7137132,9161030513,1283.57
2023年8月,臺中市,其他,3586965,10462827557,2916.9
2023年8月,彰化縣,食,1918263,967036924,504.12
2023年8月,彰化縣,衣,140012,362358648,2588.05
2023年8月,彰化縣,住,193247,602067876,3115.54
2023年8月,彰化縣,行,1232072,1482042292,1202.89
2023年8月,彰化縣,文教康樂,788988,1762046893,2233.3
2023年8月,彰化縣,百貨,1738679,2160049352,1242.35
2023年8月,彰化縣,其他,983993,2763754388,2808.71
2023年8月,南投縣,食,618883,304938843,492.72
2023年8月,南投縣,衣,44315,105969237,2391.27
2023年8月,南投縣,住,64500,211344501,3276.66
2023年8月,南投縣,行,422233,497656177,1178.63
2023年8月,南投縣,文教康樂,398878,611122231,1532.1
2023年8月,南投縣,百貨,571207,691931469,1211.35
2023年8月,南投縣,其他,323104,900769666,2787.86
2023年8月,雲林縣,食,747028,357648703,478.76
2023年8月,雲林縣,衣,61134,150987395,2469.78
2023年8月,雲林縣,住,84125,262200254,3116.79
2023年8月,雲林縣,行,582558,742145989,1273.94
2023年8月,雲林縣,文教康樂,348216,698367741,2005.56
2023年8月,雲林縣,百貨,717574,896889075,1249.89
2023年8月,雲林縣,其他,404859,1144082346,2825.88
2023年8月,嘉義縣,食,533117,253533849,475.57
2023年8月,嘉義縣,衣,40391,99654261,2467.24
2023年8月,嘉義縣,住,58787,187263328,3185.45
2023年8月,嘉義縣,行,428913,501053282,1168.19
2023年8月,嘉義縣,文教康樂,250690,464172402,1851.58
2023年8月,嘉義縣,百貨,537634,679131096,1263.18
2023年8月,嘉義縣,其他,296588,822051849,2771.7
2023年8月,嘉義市,食,555489,278791001,501.88
2023年8月,嘉義市,衣,37693,103527996,2746.61
2023年8月,嘉義市,住,58453,239016113,4089.03
2023年8月,嘉義市,行,327002,400334481,1224.26
2023年8月,嘉義市,文教康樂,211347,504513700,2387.13
2023年8月,嘉義市,百貨,535738,715703353,1335.92
2023年8月,嘉義市,其他,270214,767798446,2841.45
2023年8月,臺南市,食,3986305,1951207644,489.48
2023年8月,臺南市,衣,247601,613954775,2479.61
2023年8月,臺南市,住,447610,1453145727,3246.46
2023年8月,臺南市,行,2365630,2770733579,1171.25
2023年8月,臺南市,文教康樂,1553125,3525801155,2270.13
2023年8月,臺南市,百貨,3851774,4906388830,1273.8
2023年8月,臺南市,其他,2055706,5531364224,2690.74
2023年8月,高雄市,食,6460897,3481589455,538.87
2023年8月,高雄市,衣,371799,959524410,2580.76
2023年8月,高雄市,住,673658,2236170921,3319.45
2023年8月,高雄市,行,3573764,4068566539,1138.45
2023年8月,高雄市,文教康樂,2659536,5260620313,1978.02
2023年8月,高雄市,百貨,6035937,7775634661,1288.22
2023年8月,高雄市,其他,3041540,8771308220,2883.84
2023年8月,屏東縣,食,930146,472733896,508.24
2023年8月,屏東縣,衣,66228,157146433,2372.81
2023年8月,屏東縣,住,112731,359323427,3187.44
2023年8月,屏東縣,行,703740,788158505,1119.96
2023年8月,屏東縣,文教康樂,437689,821056038,1875.89
2023年8月,屏東縣,百貨,947744,1210065699,1276.79
2023年8月,屏東縣,其他,552629,1695330095,3067.75
2023年8月,基隆市,食,873384,428738028,490.89
2023年8月,基隆市,衣,54571,143499978,2629.6
2023年8月,基隆市,住,73440,261948788,3566.84
2023年8月,基隆市,行,472633,484494615,1025.1
2023年8月,基隆市,文教康樂,354518,693653593,1956.61
2023年8月,基隆市,百貨,808769,891412656,1102.18
2023年8月,基隆市,其他,452086,1100154177,2433.51
2023年8月,宜蘭縣,食,706802,333895943,472.4
2023年8月,宜蘭縣,衣,46403,121534331,2619.11
2023年8月,宜蘭縣,住,77460,258001293,3330.77
2023年8月,宜蘭縣,行,422958,473605220,1119.75
2023年8月,宜蘭縣,文教康樂,321983,620979930,1928.61
2023年8月,宜蘭縣,百貨,727325,824482639,1133.58
2023年8月,宜蘭縣,其他,365264,1070205634,2929.95
2023年8月,花蓮縣,食,502121,281742837,561.11
2023年8月,花蓮縣,衣,31753,77223344,2432.0
2023年8月,花蓮縣,住,52497,194065006,3696.69
2023年8月,花蓮縣,行,307674,315125990,1024.22
2023年8月,花蓮縣,文教康樂,215833,400034986,1853.45
2023年8月,花蓮縣,百貨,453286,551700395,1217.11
2023年8月,花蓮縣,其他,242792,680464783,2802.67
2023年8月,臺東縣,食,248913,119388523,479.64
2023年8月,臺東縣,衣,18499,42381922,2291.04
2023年8月,臺東縣,住,27490,93513188,3401.72
2023年8月,臺東縣,行,173003,177757683,1027.48
2023年8月,臺東縣,文教康樂,110835,197282658,1779.97
2023年8月,臺東縣,百貨,229405,277490307,1209.61
2023年8月,臺東縣,其他,116768,344888874,2953.62
2023年8月,澎湖縣,食,109750,50016052,455.73
2023年8月,澎湖縣,衣,8533,21945815,2571.88
2023年8月,澎湖縣,住,14155,48763129,3444.94
2023年8月,澎湖縣,行,71505,94981012,1328.31
2023年8月,澎湖縣,文教康樂,56483,96959357,1716.61
2023年8月,澎湖縣,百貨,114377,127633353,1115.9
2023年8月,澎湖縣,其他,53156,147196978,2769.15
2023年8月,金門縣,食,93739,44932871,479.34
2023年8月,金門縣,衣,6504,15757648,2422.76
2023年8月,金門縣,住,11491,37230557,3239.98
2023年8月,金門縣,行,49873,73530173,1474.35
2023年8月,金門縣,文教康樂,44604,79759933,1788.18
2023年8月,金門縣,百貨,118882,129601239,1090.17
2023年8月,金門縣,其他,43464,110075119,2532.56
2023年8月,連江縣,食,16526,8189725,495.57
2023年8月,連江縣,衣,1084,2671448,2464.44
2023年8月,連江縣,住,1914,5475995,2861.02
2023年8月,連江縣,行,9669,13970001,1444.82
2023年8月,連江縣,文教康樂,8109,16140480,1990.44
2023年8月,連江縣,百貨,16031,18158439,1132.71
2023年8月,連江縣,其他,7773,21281621,2737.89
2023年9月,臺北市,食,12969170,7733325684,596.29
2023年9月,臺北市,衣,612323,2767818979,4520.19
2023年9月,臺北市,住,874141,4392073593,5024.45
2023年9月,臺北市,行,5365617,5739284484,1069.64
2023年9月,臺北市,文教康樂,4266930,12888704834,3020.6
2023年9月,臺北市,百貨,9320276,13602109650,1459.41
2023年9月,臺北市,其他,4343195,14207476444,3271.2
2023年9月,新北市,食,14678572,7345137718,500.4
2023年9月,新北市,衣,773339,2388881598,3089.05
2023年9月,新北市,住,1123595,4008582177,3567.64
2023年9月,新北市,行,6494325,6579041100,1013.04
2023年9月,新北市,文教康樂,5377099,12859264571,2391.49
2023年9月,新北市,百貨,12075524,14841323579,1229.04
2023年9月,新北市,其他,5806676,15751382584,2712.63
2023年9月,桃園市,食,6607447,3202451629,484.67
2023年9月,桃園市,衣,336598,1034578176,3073.63
2023年9月,桃園市,住,534063,1846936269,3458.27
2023年9月,桃園市,行,3256718,3718524282,1141.8
2023年9月,桃園市,文教康樂,2600888,5618033244,2160.04
2023年9月,桃園市,百貨,5251908,7226222864,1375.92
2023年9月,桃園市,其他,2710391,7327690844,2703.55
2023年9月,新竹縣,食,1905446,993101933,521.19
2023年9月,新竹縣,衣,91442,322571417,3527.61
2023年9月,新竹縣,住,153563,607596770,3956.66
2023年9月,新竹縣,行,914326,1130445619,1236.37
2023年9月,新竹縣,文教康樂,806925,1707252269,2115.75
2023年9月,新竹縣,百貨,1466966,2024135169,1379.81
2023年9月,新竹縣,其他,780020,2007687912,2573.89
2023年9月,新竹市,食,1822657,932717221,511.73
2023年9月,新竹市,衣,83227,279976554,3364.01
2023年9月,新竹市,住,144483,582758797,4033.41
2023年9月,新竹市,行,786635,902889761,1147.79
2023年9月,新竹市,文教康樂,620860,1703477066,2743.74
2023年9月,新竹市,百貨,1434289,1959845259,1366.42
2023年9月,新竹市,其他,699226,1831899459,2619.9
2023年9月,苗栗縣,食,923525,440684279,477.18
2023年9月,苗栗縣,衣,56299,164839742,2927.93
2023年9月,苗栗縣,住,88238,292978342,3320.32
2023年9月,苗栗縣,行,593877,649627346,1093.88
2023年9月,苗栗縣,文教康樂,400136,824077247,2059.49
2023年9月,苗栗縣,百貨,781598,1014587279,1298.09
2023年9月,苗栗縣,其他,464013,1161525860,2503.22
2023年9月,臺中市,食,8417177,4552921003,540.91
2023年9月,臺中市,衣,458849,1493121558,3254.06
2023年9月,臺中市,住,709685,2621277954,3693.58
2023年9月,臺中市,行,4264013,4792336412,1123.9
2023年9月,臺中市,文教康樂,2932554,7579121881,2584.48
2023年9月,臺中市,百貨,6844748,10516796473,1536.48
2023年9月,臺中市,其他,3290332,9814281369,2982.76
2023年9月,彰化縣,食,1829391,930047911,508.39
2023年9月,彰化縣,衣,130810,347550449,2656.91
2023年9月,彰化縣,住,180284,568141659,3151.37
2023年9月,彰化縣,行,1203028,1380175311,1147.25
2023年9月,彰化縣,文教康樂,737468,1692029323,2294.38
2023年9月,彰化縣,百貨,1629938,2222563275,1363.59
2023年9月,彰化縣,其他,900461,2553377897,2835.63
2023年9月,南投縣,食,591037,298830524,505.6
2023年9月,南投縣,衣,41248,108979769,2642.06
2023年9月,南投縣,住,58626,195893799,3341.42
2023年9月,南投縣,行,415000,487477068,1174.64
2023年9月,南投縣,文教康樂,304808,554718893,1819.9
2023年9月,南投縣,百貨,539251,704833746,1307.06
2023年9月,南投縣,其他,295507,859611375,2908.94
2023年9月,雲林縣,食,708825,343687863,484.87
2023年9月,雲林縣,衣,56239,139098454,2473.35
2023年9月,雲林縣,住,77835,241649127,3104.63
2023年9月,雲林縣,行,564389,694335483,1230.24
2023年9月,雲林縣,文教康樂,328761,658068856,2001.66
2023年9月,雲林縣,百貨,669846,890873271,1329.97
2023年9月,雲林縣,其他,371480,1068130266,2875.34
2023年9月,嘉義縣,食,504706,242878613,481.23
2023年9月,嘉義縣,衣,38024,98699323,2595.71
2023年9月,嘉義縣,住,54062,160367603,2966.36
2023年9月,嘉義縣,行,418622,481309304,1149.75
2023年9月,嘉義縣,文教康樂,234229,448179593,1913.42
2023年9月,嘉義縣,百貨,506154,672084173,1327.83
2023年9月,嘉義縣,其他,271305,807472459,2976.25
2023年9月,嘉義市,食,520655,258108073,495.74
2023年9月,嘉義市,衣,34768,102885630,2959.2
2023年9月,嘉義市,住,53697,179135407,3336.04
2023年9月,嘉義市,行,315096,366124067,1161.94
2023年9月,嘉義市,文教康樂,202470,480650156,2373.93
2023年9月,嘉義市,百貨,504490,736495267,1459.88
2023年9月,嘉義市,其他,245760,721086286,2934.11
2023年9月,臺南市,食,3798229,1859794754,489.65
2023年9月,臺南市,衣,239708,645884433,2694.46
2023年9月,臺南市,住,423979,1333586869,3145.41
2023年9月,臺南市,行,2304440,2653629261,1151.53
2023年9月,臺南市,文教康樂,1490639,3487707962,2339.74
2023年9月,臺南市,百貨,3632789,4686127223,1289.95
2023年9月,臺南市,其他,1874706,5177963189,2762.01
2023年9月,高雄市,食,6145442,3390325487,551.68
2023年9月,高雄市,衣,359868,1033737960,2872.55
2023年9月,高雄市,住,640393,2141967222,3344.77
2023年9月,高雄市,行,3485763,3926316153,1126.39
2023年9月,高雄市,文教康樂,2478084,5437845527,2194.37
2023年9月,高雄市,百貨,5739295,8202012997,1429.1
2023年9月,高雄市,其他,2798373,8227906577,2940.25
2023年9月,屏東縣,食,881130,452228941,513.24
2023年9月,屏東縣,衣,64199,158405162,2467.41
2023年9月,屏東縣,住,105290,326555065,3101.48
2023年9月,屏東縣,行,684143,767770435,1122.24
2023年9月,屏東縣,文教康樂,417497,836129386,2002.72
2023年9月,屏東縣,百貨,886449,1171489371,1321.55
2023年9月,屏東縣,其他,504445,1580211923,3132.58
2023年9月,基隆市,食,852564,414373268,486.03
2023年9月,基隆市,衣,53377,151075177,2830.34
2023年9月,基隆市,住,70069,242187250,3456.41
2023年9月,基隆市,行,471738,476736116,1010.6
2023年9月,基隆市,文教康樂,351101,729342493,2077.3
2023年9月,基隆市,百貨,770192,872326697,1132.61
2023年9月,基隆市,其他,415874,1046754686,2517.0
2023年9月,宜蘭縣,食,673927,312008383,462.97
2023年9月,宜蘭縣,衣,45783,134974810,2948.14
2023年9月,宜蘭縣,住,72157,240389997,3331.49
2023年9月,宜蘭縣,行,415341,463651953,1116.32
2023年9月,宜蘭縣,文教康樂,297726,639168936,2146.84
2023年9月,宜蘭縣,百貨,667458,803498037,1203.82
2023年9月,宜蘭縣,其他,332156,969331127,2918.3
2023年9月,花蓮縣,食,461498,257782203,558.58
2023年9月,花蓮縣,衣,28274,73368222,2594.9
2023年9月,花蓮縣,住,47675,164806940,3456.88
2023年9月,花蓮縣,行,298165,306523841,1028.03
2023年9月,花蓮縣,文教康樂,202982,390184122,1922.26
2023年9月,花蓮縣,百貨,425846,495094279,1162.61
2023年9月,花蓮縣,其他,217594,633465383,2911.23
2023年9月,臺東縣,食,232129,109103171,470.01
2023年9月,臺東縣,衣,17288,39750406,2299.31
2023年9月,臺東縣,住,25064,84930327,3388.54
2023年9月,臺東縣,行,167312,167972495,1003.95
2023年9月,臺東縣,文教康樂,105574,205401125,1945.57
2023年9月,臺東縣,百貨,213814,247291197,1156.57
2023年9月,臺東縣,其他,105932,322964991,3048.8
2023年9月,澎湖縣,食,103260,48691116,471.54
2023年9月,澎湖縣,衣,7687,20231558,2631.92
2023年9月,澎湖縣,住,12819,42819130,3340.29
2023年9月,澎湖縣,行,68122,83176119,1220.99
2023年9月,澎湖縣,文教康樂,53581,88693076,1655.31
2023年9月,澎湖縣,百貨,105447,116963910,1109.22
2023年9月,澎湖縣,其他,46410,128628576,2771.57
2023年9月,金門縣,食,88836,45596102,513.26
2023年9月,金門縣,衣,6122,13843929,2261.34
2023年9月,金門縣,住,10865,35477195,3265.27
2023年9月,金門縣,行,46681,63028234,1350.19
2023年9月,金門縣,文教康樂,41388,76691568,1852.99
2023年9月,金門縣,百貨,110765,115462494,1042.41
2023年9月,金門縣,其他,39265,103684092,2640.62
2023年9月,連江縣,食,16608,13049599,785.74
2023年9月,連江縣,衣,988,2168228,2194.56
2023年9月,連江縣,住,1771,4674268,2639.34
2023年9月,連江縣,行,8788,11150827,1268.87
2023年9月,連江縣,文教康樂,8430,14499550,1719.99
2023年9月,連江縣,百貨,14940,16421110,1099.14
2023年9月,連江縣,其他,7193,17014896,2365.48
2023年10月,臺北市,食,13240883,7580340904,572.5
2023年10月,臺北市,衣,660949,3038807470,4597.64
2023年10月,臺北市,住,925391,4720555945,5101.15
2023年10月,臺北市,行,5365788,6049511909,1127.42
2023年10月,臺北市,文教康樂,4397883,11809816886,2685.34
2023年10月,臺北市,百貨,9701208,15548194875,1602.71
2023年10月,臺北市,其他,4621294,15897999892,3440.16
2023年10月,新北市,食,14885656,7137292325,479.47
2023年10月,新北市,衣,842592,2699112128,3203.34
2023年10月,新北市,住,1181089,4259613234,3606.51
2023年10月,新北市,行,6564424,6966660534,1061.28
2023年10月,新北市,文教康樂,5573862,11976058993,2148.61
2023年10月,新北市,百貨,12567956,16916622339,1346.01
2023年10月,新北市,其他,6247794,17728925383,2837.63
2023年10月,桃園市,食,6729774,3104005074,461.23
2023年10月,桃園市,衣,375460,1200310946,3196.91
2023年10月,桃園市,住,561377,1944168280,3463.21
2023年10月,桃園市,行,3327853,3846462633,1155.84
2023年10月,桃園市,文教康樂,2750248,5492323878,1997.03
2023年10月,桃園市,百貨,5481553,8145575612,1486.0
2023年10月,桃園市,其他,2967252,8374227296,2822.22
2023年10月,新竹縣,食,1940340,961139369,495.35
2023年10月,新竹縣,衣,102712,373311886,3634.55
2023年10月,新竹縣,住,161469,651176850,4032.83
2023年10月,新竹縣,行,926724,1140682264,1230.88
2023年10月,新竹縣,文教康樂,925072,1624174805,1755.73
2023年10月,新竹縣,百貨,1526415,2152698543,1410.3
2023年10月,新竹縣,其他,850305,2307157882,2713.33
2023年10月,新竹市,食,1845677,902187609,488.81
2023年10月,新竹市,衣,93192,351294229,3769.57
2023年10月,新竹市,住,151420,607785492,4013.9
2023年10月,新竹市,行,798869,972790278,1217.71
2023年10月,新竹市,文教康樂,629215,1609882903,2558.56
2023年10月,新竹市,百貨,1495268,2193613107,1467.04
2023年10月,新竹市,其他,768624,2057027758,2676.25
2023年10月,苗栗縣,食,931594,421604931,452.56
2023年10月,苗栗縣,衣,62080,188879676,3042.52
2023年10月,苗栗縣,住,92527,304772745,3293.88
2023年10月,苗栗縣,行,598670,678510895,1133.36
2023年10月,苗栗縣,文教康樂,406770,775299043,1905.99
2023年10月,苗栗縣,百貨,813327,1068925915,1314.26
2023年10月,苗栗縣,其他,506072,1300357068,2569.51
2023年10月,臺中市,食,8667783,4408958399,508.66
2023年10月,臺中市,衣,499576,1664273636,3331.37
2023年10月,臺中市,住,748514,2777636784,3710.87
2023年10月,臺中市,行,4344934,4973799892,1144.74
2023年10月,臺中市,文教康樂,2991058,7360016077,2460.67
2023年10月,臺中市,百貨,7153876,10480388379,1464.99
2023年10月,臺中市,其他,3618367,11173477446,3087.99
2023年10月,彰化縣,食,1872534,895616336,478.29
2023年10月,彰化縣,衣,142434,395314659,2775.42
2023年10月,彰化縣,住,191145,607634285,3178.92
2023年10月,彰化縣,行,1235802,1437661117,1163.34
2023年10月,彰化縣,文教康樂,755483,1617214670,2140.64
2023年10月,彰化縣,百貨,1709520,2277064137,1331.99
2023年10月,彰化縣,其他,997666,3025822380,3032.9
2023年10月,南投縣,食,604752,282295844,466.8
2023年10月,南投縣,衣,44741,112413274,2512.53
2023年10月,南投縣,住,62338,203180289,3259.33
2023年10月,南投縣,行,427035,490296342,1148.14
2023年10月,南投縣,文教康樂,357359,579353950,1621.21
2023年10月,南投縣,百貨,561823,723151286,1287.15
2023年10月,南投縣,其他,328400,967766831,2946.91
2023年10月,雲林縣,食,742869,331578901,446.35
2023年10月,雲林縣,衣,62771,167537067,2669.02
2023年10月,雲林縣,住,80756,250840511,3106.15
2023年10月,雲林縣,行,584745,710349125,1214.8
2023年10月,雲林縣,文教康樂,384932,631788021,1641.3
2023年10月,雲林縣,百貨,702608,925138165,1316.72
2023年10月,雲林縣,其他,412702,1195678335,2897.2
2023年10月,嘉義縣,食,523518,231787852,442.75
2023年10月,嘉義縣,衣,41629,108503180,2606.43
2023年10月,嘉義縣,住,56601,167222099,2954.4
2023年10月,嘉義縣,行,433386,500619282,1155.13
2023年10月,嘉義縣,文教康樂,237691,424069015,1784.12
2023年10月,嘉義縣,百貨,531079,722874134,1361.14
2023年10月,嘉義縣,其他,299124,891702408,2981.05
2023年10月,嘉義市,食,540745,252360955,466.69
2023年10月,嘉義市,衣,37991,111300122,2929.64
2023年10月,嘉義市,住,55899,190067987,3400.2
2023年10月,嘉義市,行,325811,379324226,1164.25
2023年10月,嘉義市,文教康樂,204841,461524409,2253.09
2023年10月,嘉義市,百貨,530133,816229998,1539.67
2023年10月,嘉義市,其他,270002,814387112,3016.23
2023年10月,臺南市,食,3942651,1798308093,456.12
2023年10月,臺南市,衣,258439,740105175,2863.75
2023年10月,臺南市,住,437940,1423912987,3251.39
2023年10月,臺南市,行,2393855,2726395384,1138.91
2023年10月,臺南市,文教康樂,1521951,3218812166,2114.92
2023年10月,臺南市,百貨,3840808,5123854412,1334.06
2023年10月,臺南市,其他,2075101,5991258292,2887.21
2023年10月,高雄市,食,6439285,3260735577,506.38
2023年10月,高雄市,衣,384151,1131282474,2944.89
2023年10月,高雄市,住,660553,2236823210,3386.29
2023年10月,高雄市,行,3605509,3996633601,1108.48
2023年10月,高雄市,文教康樂,2470980,5038302939,2038.99
2023年10月,高雄市,百貨,6089118,8919076181,1464.76
2023年10月,高雄市,其他,3072760,9313655192,3031.04
2023年10月,屏東縣,食,915413,431732856,471.63
2023年10月,屏東縣,衣,69101,178630931,2585.07
2023年10月,屏東縣,住,109014,327286868,3002.25
2023年10月,屏東縣,行,712156,789605755,1108.75
2023年10月,屏東縣,文教康樂,424607,812524276,1913.59
2023年10月,屏東縣,百貨,958748,1418306056,1479.33
2023年10月,屏東縣,其他,568377,1776454872,3125.49
2023年10月,基隆市,食,863559,405560217,469.64
2023年10月,基隆市,衣,58143,178794375,3075.08
2023年10月,基隆市,住,74412,265099862,3562.6
2023年10月,基隆市,行,478693,495912372,1035.97
2023年10月,基隆市,文教康樂,358841,681269845,1898.53
2023年10月,基隆市,百貨,802135,994158415,1239.39
2023年10月,基隆市,其他,458311,1138392381,2483.89
2023年10月,宜蘭縣,食,678795,303560946,447.21
2023年10月,宜蘭縣,衣,49767,145844650,2930.55
2023年10月,宜蘭縣,住,75441,233496678,3095.09
2023年10月,宜蘭縣,行,421350,450961324,1070.28
2023年10月,宜蘭縣,文教康樂,302864,601887968,1987.32
2023年10月,宜蘭縣,百貨,696989,868463779,1246.02
2023年10月,宜蘭縣,其他,371892,1082574017,2910.99
2023年10月,花蓮縣,食,473251,251609303,531.66
2023年10月,花蓮縣,衣,32242,87198875,2704.51
2023年10月,花蓮縣,住,50696,171685967,3386.58
2023年10月,花蓮縣,行,300432,298653278,994.08
2023年10月,花蓮縣,文教康樂,207166,368658727,1779.53
2023年10月,花蓮縣,百貨,451638,630229348,1395.43
2023年10月,花蓮縣,其他,243560,745632073,3061.39
2023年10月,臺東縣,食,240593,110305616,458.47
2023年10月,臺東縣,衣,19046,45959217,2413.06
2023年10月,臺東縣,住,25995,86993542,3346.55
2023年10月,臺東縣,行,169895,170005236,1000.65
2023年10月,臺東縣,文教康樂,107675,190970766,1773.59
2023年10月,臺東縣,百貨,223241,258271864,1156.92
2023年10月,臺東縣,其他,117189,361309154,3083.13
2023年10月,澎湖縣,食,105593,46363842,439.08
2023年10月,澎湖縣,衣,8997,24563122,2730.15
2023年10月,澎湖縣,住,13749,44685928,3250.12
2023年10月,澎湖縣,行,69873,87695063,1255.06
2023年10月,澎湖縣,文教康樂,56045,88808892,1584.6
2023年10月,澎湖縣,百貨,111927,127801634,1141.83
2023年10月,澎湖縣,其他,51819,150273660,2899.97
2023年10月,金門縣,食,92515,69399051,750.14
2023年10月,金門縣,衣,6705,16889071,2518.88
2023年10月,金門縣,住,10938,36153730,3305.33
2023年10月,金門縣,行,48163,67753430,1406.75
2023年10月,金門縣,文教康樂,43356,75859317,1749.68
2023年10月,金門縣,百貨,112216,123896733,1104.09
2023年10月,金門縣,其他,43240,116706785,2699.05
2023年10月,連江縣,食,18707,8003347,427.83
2023年10月,連江縣,衣,1200,3482820,2902.35
2023年10月,連江縣,住,1929,6065302,3144.27
2023年10月,連江縣,行,10105,13119561,1298.32
2023年10月,連江縣,文教康樂,8916,12181000,1366.2
2023年10月,連江縣,百貨,15606,17714631,1135.12
2023年10月,連江縣,其他,7915,19535455,2468.16
2023年11月,臺北市,食,13145503,7565453816,575.52
2023年11月,臺北市,衣,719514,3169450922,4404.99
2023年11月,臺北市,住,958839,4939708639,5151.76
2023年11月,臺北市,行,5331340,5936237762,1113.46
2023年11月,臺北市,文教康樂,4371412,11082113088,2535.13
2023年11月,臺北市,百貨,9900168,16876435566,1704.66
2023年11月,臺北市,其他,4777080,17027613604,3564.44
2023年11月,新北市,食,14659631,7063583523,481.84
2023年11月,新北市,衣,918428,2998882387,3265.23
2023年11月,新北市,住,1237609,4561134746,3685.44
2023年11月,新北市,行,6489105,6897741462,1062.97
2023年11月,新北市,文教康樂,5529039,10834742403,1959.61
2023年11月,新北市,百貨,12858598,18597514702,1446.31
2023年11月,新北市,其他,6422494,19073796665,2969.84
2023年11月,桃園市,食,6614724,3095423572,467.96
2023年11月,桃園市,衣,415285,1317214393,3171.83
2023年11月,桃園市,住,585953,2001696161,3416.14
2023年11月,桃園市,行,3274277,3860868149,1179.15
2023年11月,桃園市,文教康樂,2802926,4770828020,1702.09
2023年11月,桃園市,百貨,5646666,9194643646,1628.33
2023年11月,桃園市,其他,3025485,8672023919,2866.33
2023年11月,新竹縣,食,1928631,955259853,495.3
2023年11月,新竹縣,衣,112694,381242746,3382.99
2023年11月,新竹縣,住,164485,634731679,3858.9
2023年11月,新竹縣,行,933350,1153366352,1235.73
2023年11月,新竹縣,文教康樂,1113425,1436919175,1290.54
2023年11月,新竹縣,百貨,1579700,2745600774,1738.05
2023年11月,新竹縣,其他,867612,2405682471,2772.76
2023年11月,新竹市,食,1821060,887057355,487.11
2023年11月,新竹市,衣,103176,363315377,3521.32
2023年11月,新竹市,住,155326,613966676,3952.76
2023年11月,新竹市,行,805642,965499257,1198.42
2023年11月,新竹市,文教康樂,629233,1473768573,2342.17
2023年11月,新竹市,百貨,1527271,2595474252,1699.42
2023年11月,新竹市,其他,790419,2164676834,2738.64
2023年11月,苗栗縣,食,909342,416579172,458.11
2023年11月,苗栗縣,衣,69567,199983166,2874.68
2023年11月,苗栗縣,住,96499,325439898,3372.47
2023年11月,苗栗縣,行,591553,671270147,1134.76
2023年11月,苗栗縣,文教康樂,384926,682824602,1773.91
2023年11月,苗栗縣,百貨,829904,1187438852,1430.81
2023年11月,苗栗縣,其他,512803,1360540521,2653.14
2023年11月,臺中市,食,8535122,4320244611,506.17
2023年11月,臺中市,衣,569337,1961721127,3445.62
2023年11月,臺中市,住,786498,2831023829,3599.53
2023年11月,臺中市,行,4296738,5007227568,1165.36
2023年11月,臺中市,文教康樂,3020127,6576968545,2177.71
2023年11月,臺中市,百貨,7225722,10331912890,1429.88
2023年11月,臺中市,其他,3687143,11833639595,3209.43
2023年11月,彰化縣,食,1834425,873139001,475.97
2023年11月,彰化縣,衣,160209,456208744,2847.58
2023年11月,彰化縣,住,202588,628388409,3101.8
2023年11月,彰化縣,行,1220549,1490002404,1220.76
2023年11月,彰化縣,文教康樂,773379,1447934591,1872.22
2023年11月,彰化縣,百貨,1735164,2357598509,1358.72
2023年11月,彰化縣,其他,1019947,3112046575,3051.18
2023年11月,南投縣,食,588550,275451360,468.02
2023年11月,南投縣,衣,52784,136425981,2584.61
2023年11月,南投縣,住,66894,216497300,3236.42
2023年11月,南投縣,行,419007,516654255,1233.04
2023年11月,南投縣,文教康樂,373798,477939350,1278.6
2023年11月,南投縣,百貨,572120,766578971,1339.89
2023年11月,南投縣,其他,329725,1009496155,3061.63
2023年11月,雲林縣,食,735546,334168615,454.31
2023年11月,雲林縣,衣,70619,190084349,2691.69
2023年11月,雲林縣,住,86444,267998950,3100.26
2023年11月,雲林縣,行,575097,706468121,1228.43
2023年11月,雲林縣,文教康樂,373117,567225469,1520.23
2023年11月,雲林縣,百貨,718181,1016024005,1414.72
2023年11月,雲林縣,其他,421972,1318739447,3125.18
2023年11月,嘉義縣,食,515382,232091926,450.33
2023年11月,嘉義縣,衣,47152,127184018,2697.32
2023年11月,嘉義縣,住,59926,176322699,2942.34
2023年11月,嘉義縣,行,427638,513751250,1201.37
2023年11月,嘉義縣,文教康樂,240704,389119344,1616.59
2023年11月,嘉義縣,百貨,542093,779819091,1438.53
2023年11月,嘉義縣,其他,304767,918562144,3013.98
2023年11月,嘉義市,食,539724,250697079,464.49
2023年11月,嘉義市,衣,42355,132815241,3135.76
2023年11月,嘉義市,住,58797,202677589,3447.07
2023年11月,嘉義市,行,327208,383551324,1172.19
2023年11月,嘉義市,文教康樂,205887,424279584,2060.74
2023年11月,嘉義市,百貨,541019,881422805,1629.19
2023年11月,嘉義市,其他,277840,891795914,3209.75
2023年11月,臺南市,食,3861075,1802997246,466.97
2023年11月,臺南市,衣,288927,817020187,2827.77
2023年11月,臺南市,住,454242,1516979728,3339.58
2023年11月,臺南市,行,2371456,2754554099,1161.55
2023年11月,臺南市,文教康樂,1535694,2963886437,1930.0
2023年11月,臺南市,百貨,3994123,7106852403,1779.33
2023年11月,臺南市,其他,2127114,6256350771,2941.24
2023年11月,高雄市,食,6370356,3271833846,513.6
2023年11月,高雄市,衣,433380,1290980890,2978.87
2023年11月,高雄市,住,694162,2324075340,3348.03
2023年11月,高雄市,行,3575704,4128039995,1154.47
2023年11月,高雄市,文教康樂,2521329,4737888634,1879.12
2023年11月,高雄市,百貨,6118572,9774980732,1597.59
2023年11月,高雄市,其他,3172053,10191915187,3213.03
2023年11月,屏東縣,食,902506,435387663,482.42
2023年11月,屏東縣,衣,78679,203888782,2591.4
2023年11月,屏東縣,住,115803,347268664,2998.79
2023年11月,屏東縣,行,706333,774028146,1095.84
2023年11月,屏東縣,文教康樂,429336,735051284,1712.07
2023年11月,屏東縣,百貨,945239,1387534194,1467.92
2023年11月,屏東縣,其他,569018,1822713838,3203.26
2023年11月,基隆市,食,854642,407440905,476.74
2023年11月,基隆市,衣,62934,192309356,3055.73
2023年11月,基隆市,住,79028,302014619,3821.62
2023年11月,基隆市,行,473946,504386194,1064.23
2023年11月,基隆市,文教康樂,357066,615359926,1723.38
2023年11月,基隆市,百貨,822849,1114262879,1354.15
2023年11月,基隆市,其他,459425,1189779975,2589.72
2023年11月,宜蘭縣,食,671233,314324838,468.28
2023年11月,宜蘭縣,衣,55542,161658815,2910.57
2023年11月,宜蘭縣,住,81052,266436288,3287.23
2023年11月,宜蘭縣,行,419238,494960855,1180.62
2023年11月,宜蘭縣,文教康樂,308135,553357588,1795.83
2023年11月,宜蘭縣,百貨,714971,974989351,1363.68
2023年11月,宜蘭縣,其他,377755,1098797395,2908.76
2023年11月,花蓮縣,食,469437,261569291,557.2
2023年11月,花蓮縣,衣,36039,96987014,2691.17
2023年11月,花蓮縣,住,55755,191356028,3432.09
2023年11月,花蓮縣,行,302597,312542613,1032.87
2023年11月,花蓮縣,文教康樂,210480,345253218,1640.31
2023年11月,花蓮縣,百貨,456981,616858249,1349.86
2023年11月,花蓮縣,其他,244783,740559225,3025.37
2023年11月,臺東縣,食,250050,114078645,456.22
2023年11月,臺東縣,衣,21892,55196027,2521.29
2023年11月,臺東縣,住,28765,97069240,3374.56
2023年11月,臺東縣,行,171572,180875506,1054.23
2023年11月,臺東縣,文教康樂,110942,182371669,1643.85
2023年11月,臺東縣,百貨,231111,294327233,1273.53
2023年11月,臺東縣,其他,118616,398434474,3359.03
2023年11月,澎湖縣,食,104445,47888882,458.51
2023年11月,澎湖縣,衣,10469,30322201,2896.38
2023年11月,澎湖縣,住,15190,50610208,3331.81
2023年11月,澎湖縣,行,71512,90058944,1259.35
2023年11月,澎湖縣,文教康樂,56996,85375665,1497.92
2023年11月,澎湖縣,百貨,114345,143332960,1253.51
2023年11月,澎湖縣,其他,51768,155510565,3003.99
2023年11月,金門縣,食,95104,48391826,508.83
2023年11月,金門縣,衣,7949,20279369,2551.18
2023年11月,金門縣,住,12152,43148089,3550.7
2023年11月,金門縣,行,48807,72594096,1487.37
2023年11月,金門縣,文教康樂,44027,66432796,1508.91
2023年11月,金門縣,百貨,114731,140241614,1222.35
2023年11月,金門縣,其他,44587,119929459,2689.79
2023年11月,連江縣,食,17804,7688528,431.84
2023年11月,連江縣,衣,1343,4192713,3121.9
2023年11月,連江縣,住,2034,5347998,2629.3
2023年11月,連江縣,行,10058,12772381,1269.87
2023年11月,連江縣,文教康樂,8659,11727137,1354.33
2023年11月,連江縣,百貨,15422,21427184,1389.39
2023年11月,連江縣,其他,7764,19904842,2563.74
2023年12月,臺北市,食,13797829,8618390852,624.62
2023年12月,臺北市,衣,764682,3251349310,4251.9
2023年12月,臺北市,住,958925,4711844552,4913.67
2023年12月,臺北市,行,5546090,5959924408,1074.62
2023年12月,臺北市,文教康樂,4581208,10719837593,2339.96
2023年12月,臺北市,百貨,9850163,14630301357,1485.29
2023年12月,臺北市,其他,4723713,17069631134,3613.6
2023年12月,新北市,食,15460918,7955678822,514.57
2023年12月,新北市,衣,978997,3048177069,3113.57
2023年12月,新北市,住,1244531,4259237414,3422.36
2023年12月,新北市,行,6754083,7062782373,1045.71
2023年12月,新北市,文教康樂,5827320,10561638561,1812.43
2023年12月,新北市,百貨,12743739,16344737974,1282.57
2023年12月,新北市,其他,6308288,19672542662,3118.52
2023年12月,桃園市,食,6973118,3449991859,494.76
2023年12月,桃園市,衣,442561,1383798962,3126.8
2023年12月,桃園市,住,597181,1944781120,3256.6
2023年12月,桃園市,行,3443272,3965848857,1151.77
2023年12月,桃園市,文教康樂,2772124,4554057395,1642.8
2023年12月,桃園市,百貨,5615198,7994826113,1423.78
2023年12月,桃園市,其他,3009935,8974894232,2981.76
2023年12月,新竹縣,食,2045152,1086356094,531.19
2023年12月,新竹縣,衣,118746,391200690,3294.43
2023年12月,新竹縣,住,167596,652895446,3895.65
2023年12月,新竹縣,行,963569,1186002635,1230.84
2023年12月,新竹縣,文教康樂,1240199,1437951034,1159.45
2023年12月,新竹縣,百貨,1621210,2580222730,1591.54
2023年12月,新竹縣,其他,861164,2462281968,2859.25
2023年12月,新竹市,食,1932883,1016075793,525.68
2023年12月,新竹市,衣,107295,382468448,3564.64
2023年12月,新竹市,住,158591,619603262,3906.93
2023年12月,新竹市,行,829530,973408792,1173.45
2023年12月,新竹市,文教康樂,655163,1402445363,2140.61
2023年12月,新竹市,百貨,1589480,2630709271,1655.08
2023年12月,新竹市,其他,766312,2265520836,2956.39
2023年12月,苗栗縣,食,976210,473220242,484.75
2023年12月,苗栗縣,衣,75774,217124799,2865.43
2023年12月,苗栗縣,住,98136,311746007,3176.67
2023年12月,苗栗縣,行,619392,710432957,1146.98
2023年12月,苗栗縣,文教康樂,408108,648286771,1588.52
2023年12月,苗栗縣,百貨,844507,1177048617,1393.77
2023年12月,苗栗縣,其他,507282,1468915366,2895.66
2023年12月,臺中市,食,9070439,4810985512,530.4
2023年12月,臺中市,衣,601258,2033726708,3382.45
2023年12月,臺中市,住,787372,2703411482,3433.46
2023年12月,臺中市,行,4523066,5118658434,1131.68
2023年12月,臺中市,文教康樂,3177360,6248028050,1966.42
2023年12月,臺中市,百貨,7284315,9949075023,1365.82
2023年12月,臺中市,其他,3668140,12432955380,3389.44
2023年12月,彰化縣,食,1966103,972916646,494.85
2023年12月,彰化縣,衣,178803,495564284,2771.57
2023年12月,彰化縣,住,207133,624194185,3013.49
2023年12月,彰化縣,行,1284519,1525542021,1187.64
2023年12月,彰化縣,文教康樂,815725,1369043776,1678.32
2023年12月,彰化縣,百貨,1738851,2191740709,1260.45
2023年12月,彰化縣,其他,1008859,3291670217,3262.77
2023年12月,南投縣,食,627239,301914852,481.34
2023年12月,南投縣,衣,55638,153444025,2757.9
2023年12月,南投縣,住,67071,214355453,3195.95
2023年12月,南投縣,行,438988,521995471,1189.09
2023年12月,南投縣,文教康樂,397316,444971301,1119.94
2023年12月,南投縣,百貨,575522,722860736,1256.01
2023年12月,南投縣,其他,328714,1061365017,3228.84
2023年12月,雲林縣,食,784622,370986747,472.82
2023年12月,雲林縣,衣,76098,204363235,2685.53
2023年12月,雲林縣,住,88001,266571861,3029.19
2023年12月,雲林縣,行,604727,736355879,1217.67
2023年12月,雲林縣,文教康樂,394313,518765908,1315.62
2023年12月,雲林縣,百貨,717172,909565869,1268.27
2023年12月,雲林縣,其他,412281,1340704456,3251.92
2023年12月,嘉義縣,食,552945,260011536,470.23
2023年12月,嘉義縣,衣,49295,127289933,2582.21
2023年12月,嘉義縣,住,61155,192370438,3145.62
2023年12月,嘉義縣,行,448825,534572834,1191.05
2023年12月,嘉義縣,文教康樂,254048,384794121,1514.65
2023年12月,嘉義縣,百貨,539337,688491759,1276.55
2023年12月,嘉義縣,其他,303558,986883992,3251.06
2023年12月,嘉義市,食,574156,274158116,477.5
2023年12月,嘉義市,衣,44471,133661676,3005.59
2023年12月,嘉義市,住,59702,192724699,3228.11
2023年12月,嘉義市,行,342689,394037722,1149.84
2023年12月,嘉義市,文教康樂,216882,400123350,1844.89
2023年12月,嘉義市,百貨,536352,736420434,1373.02
2023年12月,嘉義市,其他,274735,962390043,3502.98
2023年12月,臺南市,食,4135674,2011679427,486.42
2023年12月,臺南市,衣,308891,857367654,2775.63
2023年12月,臺南市,住,460682,1494504183,3244.11
2023年12月,臺南市,行,2485955,2917172986,1173.46
2023年12月,臺南市,文教康樂,1619644,2834330999,1749.97
2023年12月,臺南市,百貨,3834446,5019675844,1309.1
2023年12月,臺南市,其他,2084372,6537653477,3136.51
2023年12月,高雄市,食,6756913,3609621704,534.21
2023年12月,高雄市,衣,455914,1328495143,2913.92
2023年12月,高雄市,住,693526,2314252690,3336.94
2023年12月,高雄市,行,3769320,4283335624,1136.37
2023年12月,高雄市,文教康樂,2678880,4489475785,1675.88
2023年12月,高雄市,百貨,6158567,8480026028,1376.95
2023年12月,高雄市,其他,3121897,10421359561,3338.15
2023年12月,屏東縣,食,960868,472625378,491.87
2023年12月,屏東縣,衣,80928,211156241,2609.19
2023年12月,屏東縣,住,116337,347375632,2985.94
2023年12月,屏東縣,行,743147,849015222,1142.46
2023年12月,屏東縣,文教康樂,450984,713672272,1582.48
2023年12月,屏東縣,百貨,951830,1234745200,1297.23
2023年12月,屏東縣,其他,573033,2001641549,3493.07
2023年12月,基隆市,食,899585,450276741,500.54
2023年12月,基隆市,衣,65975,189505207,2872.38
2023年12月,基隆市,住,77830,273150619,3509.58
2023年12月,基隆市,行,490134,498762908,1017.61
2023年12月,基隆市,文教康樂,375692,600497221,1598.38
2023年12月,基隆市,百貨,811930,987300820,1215.99
2023年12月,基隆市,其他,456636,1261235255,2762.01
2023年12月,宜蘭縣,食,717636,340846190,474.96
2023年12月,宜蘭縣,衣,57086,159248058,2789.62
2023年12月,宜蘭縣,住,81523,249519282,3060.72
2023年12月,宜蘭縣,行,439924,506056774,1150.33
2023年12月,宜蘭縣,文教康樂,323334,529154310,1636.56
2023年12月,宜蘭縣,百貨,714428,872711432,1221.55
2023年12月,宜蘭縣,其他,373845,1195972947,3199.11
2023年12月,花蓮縣,食,493279,284123075,575.99
2023年12月,花蓮縣,衣,38257,99630808,2604.25
2023年12月,花蓮縣,住,57195,180520222,3156.22
2023年12月,花蓮縣,行,314485,321662317,1022.82
2023年12月,花蓮縣,文教康樂,220976,328079862,1484.69
2023年12月,花蓮縣,百貨,459283,552353678,1202.64
2023年12月,花蓮縣,其他,240563,772527208,3211.33
2023年12月,臺東縣,食,263747,124326486,471.39
2023年12月,臺東縣,衣,23761,58492011,2461.68
2023年12月,臺東縣,住,28856,92904210,3219.58
2023年12月,臺東縣,行,178949,180043036,1006.11
2023年12月,臺東縣,文教康樂,116318,174692028,1501.85
2023年12月,臺東縣,百貨,232615,272308795,1170.64
2023年12月,臺東縣,其他,118104,406314833,3440.31
2023年12月,澎湖縣,食,110938,51229266,461.78
2023年12月,澎湖縣,衣,11146,31886863,2860.83
2023年12月,澎湖縣,住,15089,50126018,3322.02
2023年12月,澎湖縣,行,78143,107534957,1376.13
2023年12月,澎湖縣,文教康樂,60871,86560590,1422.03
2023年12月,澎湖縣,百貨,114002,135843715,1191.59
2023年12月,澎湖縣,其他,52487,173735101,3310.06
2023年12月,金門縣,食,102842,54625764,531.16
2023年12月,金門縣,衣,8694,31927093,3672.31
2023年12月,金門縣,住,12473,44987204,3606.77
2023年12月,金門縣,行,54583,83039621,1521.35
2023年12月,金門縣,文教康樂,47068,76094134,1616.69
2023年12月,金門縣,百貨,117538,136048973,1157.49
2023年12月,金門縣,其他,43309,124146232,2866.52
2023年12月,連江縣,食,18440,8911664,483.28
2023年12月,連江縣,衣,1399,4443007,3175.84
2023年12月,連江縣,住,2067,5370966,2598.44
2023年12月,連江縣,行,11054,18318071,1657.14
2023年12月,連江縣,文教康樂,9361,13615050,1454.44
2023年12月,連江縣,百貨,14728,19308177,1310.98
2023年12月,連江縣,其他,7793,22530564,2891.13
2024年1月,臺北市,食,13590409,8526863292,627.42
2024年1月,臺北市,衣,702584,2945730216,4192.71
2024年1月,臺北市,住,956036,4684231954,4899.64
2024年1月,臺北市,行,5475920,5937012117,1084.2
2024年1月,臺北市,文教康樂,4428580,12202141233,2755.32
2024年1月,臺北市,百貨,9465964,14552029827,1537.3
2024年1月,臺北市,其他,4815843,16432090364,3412.09
2024年1月,新北市,食,15311362,8104650782,529.32
2024年1月,新北市,衣,914908,2764828027,3021.97
2024年1月,新北市,住,1257833,4356559166,3463.54
2024年1月,新北市,行,6717950,6906753918,1028.1
2024年1月,新北市,文教康樂,5726684,12180944275,2127.05
2024年1月,新北市,百貨,12309756,16505799966,1340.87
2024年1月,新北市,其他,6469039,18260860314,2822.81
2024年1月,桃園市,食,6914219,3562467818,515.24
2024年1月,桃園市,衣,412860,1232974231,2986.42
2024年1月,桃園市,住,604643,1968308046,3255.32
2024年1月,桃園市,行,3419837,3905684533,1142.07
2024年1月,桃園市,文教康樂,2675514,5385138095,2012.75
2024年1月,桃園市,百貨,5425557,8181136710,1507.89
2024年1月,桃園市,其他,3078133,8425794917,2737.31
2024年1月,新竹縣,食,2025180,1099880027,543.1
2024年1月,新竹縣,衣,109890,360406743,3279.7
2024年1月,新竹縣,住,169030,697835498,4128.47
2024年1月,新竹縣,行,953028,1170205940,1227.88
2024年1月,新竹縣,文教康樂,1118002,1644107304,1470.58
2024年1月,新竹縣,百貨,1512670,2298121891,1519.25
2024年1月,新竹縣,其他,895285,2316014284,2586.9
2024年1月,新竹市,食,1909385,1024577416,536.6
2024年1月,新竹市,衣,98167,337311322,3436.1
2024年1月,新竹市,住,157925,616934799,3906.5
2024年1月,新竹市,行,815527,958247234,1175.0
2024年1月,新竹市,文教康樂,642896,1654001440,2572.74
2024年1月,新竹市,百貨,1465292,2219456298,1514.69
2024年1月,新竹市,其他,801128,2150383912,2684.2
2024年1月,苗栗縣,食,963106,496049423,515.05
2024年1月,苗栗縣,衣,70622,201608827,2854.76
2024年1月,苗栗縣,住,100303,339644659,3386.19
2024年1月,苗栗縣,行,608698,722990856,1187.77
2024年1月,苗栗縣,文教康樂,394645,766877526,1943.21
2024年1月,苗栗縣,百貨,811071,1133091431,1397.03
2024年1月,苗栗縣,其他,525978,1320801652,2511.13
2024年1月,臺中市,食,8921146,4976608972,557.84
2024年1月,臺中市,衣,568010,1759327801,3097.35
2024年1月,臺中市,住,797548,2781068719,3487.02
2024年1月,臺中市,行,4449975,5025415941,1129.31
2024年1月,臺中市,文教康樂,3169844,7496407221,2364.91
2024年1月,臺中市,百貨,7066401,10477317703,1482.7
2024年1月,臺中市,其他,3729739,11787143233,3160.31
2024年1月,彰化縣,食,1932022,1020973871,528.45
2024年1月,彰化縣,衣,159420,442045632,2772.84
2024年1月,彰化縣,住,207727,611420738,2943.39
2024年1月,彰化縣,行,1256558,1467444834,1167.83
2024年1月,彰化縣,文教康樂,787258,1571658166,1996.37
2024年1月,彰化縣,百貨,1676880,2317325903,1381.93
2024年1月,彰化縣,其他,1014771,3019320923,2975.37
2024年1月,南投縣,食,621336,324921928,522.94
2024年1月,南投縣,衣,51103,134557123,2633.06
2024年1月,南投縣,住,67610,208905809,3089.87
2024年1月,南投縣,行,430736,498166335,1156.55
2024年1月,南投縣,文教康樂,407509,527419139,1294.25
2024年1月,南投縣,百貨,560070,751753929,1342.25
2024年1月,南投縣,其他,334771,988033000,2951.37
2024年1月,雲林縣,食,763903,387145126,506.8
2024年1月,雲林縣,衣,70219,191858751,2732.29
2024年1月,雲林縣,住,89560,268676856,2999.96
2024年1月,雲林縣,行,591671,710380929,1200.64
2024年1月,雲林縣,文教康樂,391518,621394763,1587.14
2024年1月,雲林縣,百貨,690799,977682670,1415.29
2024年1月,雲林縣,其他,421150,1262751166,2998.34
2024年1月,嘉義縣,食,539931,267452536,495.35
2024年1月,嘉義縣,衣,46571,119885895,2574.26
2024年1月,嘉義縣,住,61941,181396479,2928.54
2024年1月,嘉義縣,行,439608,469524562,1068.05
2024年1月,嘉義縣,文教康樂,249555,426364581,1708.5
2024年1月,嘉義縣,百貨,524239,734505702,1401.09
2024年1月,嘉義縣,其他,309232,901597137,2915.6
2024年1月,嘉義市,食,566721,294814369,520.21
2024年1月,嘉義市,衣,41938,126510212,3016.6
2024年1月,嘉義市,住,60991,192148268,3150.44
2024年1月,嘉義市,行,336548,364883137,1084.19
2024年1月,嘉義市,文教康樂,214031,450409077,2104.41
2024年1月,嘉義市,百貨,525011,785983167,1497.08
2024年1月,嘉義市,其他,280289,874847635,3121.23
2024年1月,臺南市,食,4069638,2041633884,501.67
2024年1月,臺南市,衣,291556,787878363,2702.32
2024年1月,臺南市,住,466778,1513715271,3242.9
2024年1月,臺南市,行,2474289,2699847402,1091.16
2024年1月,臺南市,文教康樂,1590125,3164836251,1990.31
2024年1月,臺南市,百貨,3744225,5319493539,1420.72
2024年1月,臺南市,其他,2129692,6044146072,2838.04
2024年1月,高雄市,食,6667367,3736030508,560.35
2024年1月,高雄市,衣,426746,1184449283,2775.54
2024年1月,高雄市,住,711441,2358349520,3314.89
2024年1月,高雄市,行,3712891,4182068353,1126.36
2024年1月,高雄市,文教康樂,2620491,5097771086,1945.35
2024年1月,高雄市,百貨,5971350,8653624031,1449.19
2024年1月,高雄市,其他,3181023,9762100430,3068.86
2024年1月,屏東縣,食,954108,500613283,524.69
2024年1月,屏東縣,衣,77225,196447306,2543.83
2024年1月,屏東縣,住,120927,355919719,2943.26
2024年1月,屏東縣,行,736985,813881183,1104.34
2024年1月,屏東縣,文教康樂,446366,773159770,1732.12
2024年1月,屏東縣,百貨,928709,1305526663,1405.74
2024年1月,屏東縣,其他,582414,1817683964,3120.95
2024年1月,基隆市,食,891458,471645820,529.07
2024年1月,基隆市,衣,63080,187282037,2968.96
2024年1月,基隆市,住,78966,279766994,3542.88
2024年1月,基隆市,行,483513,497292842,1028.5
2024年1月,基隆市,文教康樂,366336,653952274,1785.12
2024年1月,基隆市,百貨,785384,987331756,1257.13
2024年1月,基隆市,其他,469131,1207894581,2574.75
2024年1月,宜蘭縣,食,709588,345986444,487.59
2024年1月,宜蘭縣,衣,55612,154114533,2771.25
2024年1月,宜蘭縣,住,83925,258904253,3084.95
2024年1月,宜蘭縣,行,435825,479009068,1099.09
2024年1月,宜蘭縣,文教康樂,316935,583332703,1840.54
2024年1月,宜蘭縣,百貨,692204,884785398,1278.21
2024年1月,宜蘭縣,其他,387079,1084972503,2802.97
2024年1月,花蓮縣,食,494135,294682562,596.36
2024年1月,花蓮縣,衣,38118,101114721,2652.68
2024年1月,花蓮縣,住,59677,195116534,3269.54
2024年1月,花蓮縣,行,314041,317582646,1011.28
2024年1月,花蓮縣,文教康樂,220374,358185846,1625.35
2024年1月,花蓮縣,百貨,455979,596536248,1308.25
2024年1月,花蓮縣,其他,256304,733820206,2863.09
2024年1月,臺東縣,食,260751,131275017,503.45
2024年1月,臺東縣,衣,22407,60040383,2679.54
2024年1月,臺東縣,住,31167,104341536,3347.82
2024年1月,臺東縣,行,178824,185021299,1034.66
2024年1月,臺東縣,文教康樂,114291,188741401,1651.41
2024年1月,臺東縣,百貨,230097,289167506,1256.72
2024年1月,臺東縣,其他,123326,389030699,3154.49
2024年1月,澎湖縣,食,108560,55454930,510.82
2024年1月,澎湖縣,衣,10339,30464108,2946.52
2024年1月,澎湖縣,住,15187,55095645,3627.82
2024年1月,澎湖縣,行,71422,93236518,1305.43
2024年1月,澎湖縣,文教康樂,59157,95571312,1615.55
2024年1月,澎湖縣,百貨,111061,138029195,1242.82
2024年1月,澎湖縣,其他,52576,152011037,2891.26
2024年1月,金門縣,食,99004,52770141,533.01
2024年1月,金門縣,衣,7855,23388593,2977.54
2024年1月,金門縣,住,11714,40298558,3440.2
2024年1月,金門縣,行,49777,65515611,1316.18
2024年1月,金門縣,文教康樂,45395,72702536,1601.55
2024年1月,金門縣,百貨,114827,140550341,1224.02
2024年1月,金門縣,其他,44501,123223544,2769.01
2024年1月,連江縣,食,19131,26443102,1382.21
2024年1月,連江縣,衣,1197,3856071,3221.45
2024年1月,連江縣,住,2001,5731220,2864.18
2024年1月,連江縣,行,10368,13022424,1256.02
2024年1月,連江縣,文教康樂,9647,15145437,1569.96
2024年1月,連江縣,百貨,14487,18566379,1281.59
2024年1月,連江縣,其他,8800,20990221,2385.25
2024年2月,臺北市,食,12376963,7985747294,645.21
2024年2月,臺北市,衣,619778,2833691168,4572.11
2024年2月,臺北市,住,915652,4429513671,4837.55
2024年2月,臺北市,行,4971797,5402260216,1086.58
2024年2月,臺北市,文教康樂,4546933,11776072814,2589.89
2024年2月,臺北市,百貨,8913437,13524838412,1517.35
2024年2月,臺北市,其他,4316333,12799548078,2965.38
2024年2月,新北市,食,14155502,7677912163,542.4
2024年2月,新北市,衣,796337,2540168075,3189.82
2024年2月,新北市,住,1182063,4101660247,3469.92
2024年2月,新北市,行,6195377,6229577279,1005.52
2024年2月,新北市,文教康樂,6229902,12701983884,2038.87
2024年2月,新北市,百貨,11618711,15369793448,1322.85
2024年2月,新北市,其他,5821841,14600897725,2507.95
2024年2月,桃園市,食,6381959,3349558317,524.85
2024年2月,桃園市,衣,355243,1119457941,3151.25
2024年2月,桃園市,住,566095,1870687406,3304.55
2024年2月,桃園市,行,3163303,3404410749,1076.22
2024年2月,桃園市,文教康樂,3391905,5554719204,1637.64
2024年2月,桃園市,百貨,5132452,7599647477,1480.71
2024年2月,桃園市,其他,2798455,6643013189,2373.81
2024年2月,新竹縣,食,1878685,1053714211,560.88
2024年2月,新竹縣,衣,95287,350674993,3680.2
2024年2月,新竹縣,住,161637,629651523,3895.47
2024年2月,新竹縣,行,877086,1052711622,1200.24
2024年2月,新竹縣,文教康樂,1598118,1785097548,1117.0
2024年2月,新竹縣,百貨,1444803,2179656924,1508.62
2024年2月,新竹縣,其他,790671,1852296878,2342.69
2024年2月,新竹市,食,1773026,978745821,552.02
2024年2月,新竹市,衣,86951,322108928,3704.49
2024年2月,新竹市,住,152706,611184685,4002.36
2024年2月,新竹市,行,755562,870004342,1151.47
2024年2月,新竹市,文教康樂,675221,1744477706,2583.57
2024年2月,新竹市,百貨,1399161,2088563896,1492.73
2024年2月,新竹市,其他,711463,1674420806,2353.49
2024年2月,苗栗縣,食,894869,456310182,509.92
2024年2月,苗栗縣,衣,60102,178853737,2975.84
2024年2月,苗栗縣,住,91623,296115157,3231.89
2024年2月,苗栗縣,行,555926,578708104,1040.98
2024年2月,苗栗縣,文教康樂,418722,839106288,2003.97
2024年2月,苗栗縣,百貨,761248,1068000627,1402.96
2024年2月,苗栗縣,其他,463032,1109068883,2395.23
2024年2月,臺中市,食,8368204,4810663482,574.87
2024年2月,臺中市,衣,491997,1647621523,3348.84
2024年2月,臺中市,住,741837,2554815435,3443.9
2024年2月,臺中市,行,4102879,4369613875,1065.01
2024年2月,臺中市,文教康樂,3506199,7794199546,2222.98
2024年2月,臺中市,百貨,6682787,9647838695,1443.68
2024年2月,臺中市,其他,3398720,9187368123,2703.18
2024年2月,彰化縣,食,1818779,951698144,523.26
2024年2月,彰化縣,衣,141338,397126626,2809.77
2024年2月,彰化縣,住,193132,582967573,3018.49
2024年2月,彰化縣,行,1156746,1233377083,1066.25
2024年2月,彰化縣,文教康樂,855637,1784383652,2085.44
2024年2月,彰化縣,百貨,1577902,2091838969,1325.71
2024年2月,彰化縣,其他,926708,2409001864,2599.53
2024年2月,南投縣,食,578003,295230336,510.78
2024年2月,南投縣,衣,45215,116500956,2576.6
2024年2月,南投縣,住,61419,187568631,3053.92
2024年2月,南投縣,行,392059,440497552,1123.55
2024年2月,南投縣,文教康樂,415826,572145321,1375.92
2024年2月,南投縣,百貨,520855,668541756,1283.55
2024年2月,南投縣,其他,305671,795955995,2603.96
2024年2月,雲林縣,食,709094,353503325,498.53
2024年2月,雲林縣,衣,61444,167303418,2722.86
2024年2月,雲林縣,住,81558,250900243,3076.34
2024年2月,雲林縣,行,540074,592831262,1097.69
2024年2月,雲林縣,文教康樂,439590,703288685,1599.87
2024年2月,雲林縣,百貨,647599,866669382,1338.28
2024年2月,雲林縣,其他,383586,1009785401,2632.49
2024年2月,嘉義縣,食,501895,247170327,492.47
2024年2月,嘉義縣,衣,41475,106453563,2566.69
2024年2月,嘉義縣,住,55922,168421216,3011.72
2024年2月,嘉義縣,行,399346,413828867,1036.27
2024年2月,嘉義縣,文教康樂,263170,481917712,1831.2
2024年2月,嘉義縣,百貨,490676,665289530,1355.86
2024年2月,嘉義縣,其他,277469,723397135,2607.13
2024年2月,嘉義市,食,528637,279079828,527.92
2024年2月,嘉義市,衣,38178,114868808,3008.77
2024年2月,嘉義市,住,55954,180215016,3220.77
2024年2月,嘉義市,行,307813,317774797,1032.36
2024年2月,嘉義市,文教康樂,223939,485655842,2168.7
2024年2月,嘉義市,百貨,492278,718319629,1459.17
2024年2月,嘉義市,其他,252898,687072466,2716.8
2024年2月,臺南市,食,3867370,1952960238,504.98
2024年2月,臺南市,衣,253178,739344325,2920.26
2024年2月,臺南市,住,432870,1354118407,3128.23
2024年2月,臺南市,行,2269180,2342620056,1032.36
2024年2月,臺南市,文教康樂,1670430,3447106156,2063.6
2024年2月,臺南市,百貨,3581680,5092221674,1421.74
2024年2月,臺南市,其他,1922485,4898606658,2548.06
2024年2月,高雄市,食,6281037,3523586755,560.99
2024年2月,高雄市,衣,378314,1097825017,2901.89
2024年2月,高雄市,住,660466,2169851468,3285.33
2024年2月,高雄市,行,3437620,3490470714,1015.37
2024年2月,高雄市,文教康樂,2915729,5529327901,1896.38
2024年2月,高雄市,百貨,5650143,8024755862,1420.27
2024年2月,高雄市,其他,2867899,7751049508,2702.69
2024年2月,屏東縣,食,895463,467630624,522.22
2024年2月,屏東縣,衣,69583,178165289,2560.47
2024年2月,屏東縣,住,110014,327002175,2972.37
2024年2月,屏東縣,行,676204,679819735,1005.35
2024年2月,屏東縣,文教康樂,461905,845450707,1830.36
2024年2月,屏東縣,百貨,869628,1184585253,1362.17
2024年2月,屏東縣,其他,532811,1471982683,2762.67
2024年2月,基隆市,食,817355,442106562,540.9
2024年2月,基隆市,衣,55949,172301336,3079.61
2024年2月,基隆市,住,72360,247418037,3419.27
2024年2月,基隆市,行,445595,428980551,962.71
2024年2月,基隆市,文教康樂,388828,722454634,1858.03
2024年2月,基隆市,百貨,726267,905527754,1246.82
2024年2月,基隆市,其他,418204,938395310,2243.87
2024年2月,宜蘭縣,食,655493,319270208,487.07
2024年2月,宜蘭縣,衣,47349,136202469,2876.56
2024年2月,宜蘭縣,住,75616,239901326,3172.63
2024年2月,宜蘭縣,行,397050,413445445,1041.29
2024年2月,宜蘭縣,文教康樂,335858,670109110,1995.22
2024年2月,宜蘭縣,百貨,641382,787892395,1228.43
2024年2月,宜蘭縣,其他,343660,854187678,2485.56
2024年2月,花蓮縣,食,452728,257312156,568.36
2024年2月,花蓮縣,衣,33604,89094456,2651.31
2024年2月,花蓮縣,住,55270,182041110,3293.67
2024年2月,花蓮縣,行,280907,270813590,964.07
2024年2月,花蓮縣,文教康樂,229041,408639391,1784.13
2024年2月,花蓮縣,百貨,415402,521742247,1255.99
2024年2月,花蓮縣,其他,224443,582948255,2597.31
2024年2月,臺東縣,食,238116,119104872,500.2
2024年2月,臺東縣,衣,20149,51399688,2550.98
2024年2月,臺東縣,住,27251,88622041,3252.07
2024年2月,臺東縣,行,158664,154500008,973.76
2024年2月,臺東縣,文教康樂,129928,200161945,1540.56
2024年2月,臺東縣,百貨,211095,261950615,1240.91
2024年2月,臺東縣,其他,108703,301805990,2776.43
2024年2月,澎湖縣,食,99195,48278828,486.71
2024年2月,澎湖縣,衣,8888,28215063,3174.51
2024年2月,澎湖縣,住,13212,44615771,3376.91
2024年2月,澎湖縣,行,68573,86239170,1257.63
2024年2月,澎湖縣,文教康樂,61313,95846514,1563.23
2024年2月,澎湖縣,百貨,101973,125875383,1234.4
2024年2月,澎湖縣,其他,48992,132702726,2708.66
2024年2月,金門縣,食,91140,52867456,580.07
2024年2月,金門縣,衣,6142,18080104,2943.68
2024年2月,金門縣,住,10362,34417588,3321.52
2024年2月,金門縣,行,46360,62141607,1340.41
2024年2月,金門縣,文教康樂,47671,85532851,1794.23
2024年2月,金門縣,百貨,104835,121425757,1158.26
2024年2月,金門縣,其他,40678,103148708,2535.74
2024年2月,連江縣,食,16857,8164314,484.33
2024年2月,連江縣,衣,1010,2883143,2854.6
2024年2月,連江縣,住,1845,5611001,3041.19
2024年2月,連江縣,行,10806,13509095,1250.15
2024年2月,連江縣,文教康樂,10163,15865262,1561.08
2024年2月,連江縣,百貨,13441,17041579,1267.88
2024年2月,連江縣,其他,7566,17634954,2330.82
2024年3月,臺北市,食,13709504,7904789760,576.59
2024年3月,臺北市,衣,649207,2942187050,4531.97
2024年3月,臺北市,住,918194,4598345933,5008.03
2024年3月,臺北市,行,5502361,6635524367,1205.94
2024年3月,臺北市,文教康樂,4626117,12257441824,2649.62
2024年3月,臺北市,百貨,9251458,13144075017,1420.76
2024年3月,臺北市,其他,4683500,14451107877,3085.54
2024年3月,新北市,食,15547596,7402102942,476.09
2024年3月,新北市,衣,835133,2643536778,3165.41
2024年3月,新北市,住,1208397,4170303170,3451.1
2024年3月,新北市,行,6862978,7557186774,1101.15
2024年3月,新北市,文教康樂,6454464,12507910934,1937.87
2024年3月,新北市,百貨,12052199,14870472114,1233.84
2024年3月,新北市,其他,6325193,17525927291,2770.81
2024年3月,桃園市,食,7042086,3245790471,460.91
2024年3月,桃園市,衣,373653,1159650163,3103.55
2024年3月,桃園市,住,582884,1901564062,3262.34
2024年3月,桃園市,行,3484005,4052274574,1163.11
2024年3月,桃園市,文教康樂,3369617,5460431845,1620.49
2024年3月,桃園市,百貨,5302889,7224965817,1362.46
2024年3月,桃園市,其他,3061855,8017739376,2618.59
2024年3月,新竹縣,食,2058351,1010722787,491.04
2024年3月,新竹縣,衣,99945,339706309,3398.93
2024年3月,新竹縣,住,162131,642136191,3960.6
2024年3月,新竹縣,行,965384,1245930902,1290.61
2024年3月,新竹縣,文教康樂,1429544,1702742442,1191.11
2024年3月,新竹縣,百貨,1481115,2060717738,1391.33
2024年3月,新竹縣,其他,870159,2237595659,2571.48
2024年3月,新竹市,食,1943252,932419710,479.82
2024年3月,新竹市,衣,90298,313934666,3476.65
2024年3月,新竹市,住,152110,628145848,4129.55
2024年3月,新竹市,行,834348,1025879205,1229.56
2024年3月,新竹市,文教康樂,669686,1699438292,2537.66
2024年3月,新竹市,百貨,1427725,2006177686,1405.16
2024年3月,新竹市,其他,800684,1972992653,2464.13
2024年3月,苗栗縣,食,988613,439031547,444.09
2024年3月,苗栗縣,衣,62275,178770532,2870.66
2024年3月,苗栗縣,住,93979,310499902,3303.93
2024年3月,苗栗縣,行,627383,698577920,1113.48
2024年3月,苗栗縣,文教康樂,427300,825319737,1931.48
2024年3月,苗栗縣,百貨,793614,1011075419,1274.01
2024年3月,苗栗縣,其他,516003,1315043507,2548.52
2024年3月,臺中市,食,9124541,4543047993,497.89
2024年3月,臺中市,衣,514006,1725036043,3356.06
2024年3月,臺中市,住,761440,2624532277,3446.8
2024年3月,臺中市,行,4557998,5265298330,1155.18
2024年3月,臺中市,文教康樂,3352834,7427868070,2215.4
2024年3月,臺中市,百貨,6943925,10006572217,1441.05
2024年3月,臺中市,其他,3669669,10760046018,2932.16
2024年3月,彰化縣,食,1998129,922073515,461.47
2024年3月,彰化縣,衣,144280,392031223,2717.16
2024年3月,彰化縣,住,197588,583727738,2954.27
2024年3月,彰化縣,行,1285065,1476418034,1148.91
2024年3月,彰化縣,文教康樂,815292,1632894330,2002.83
2024年3月,彰化縣,百貨,1658763,2177345206,1312.63
2024年3月,彰化縣,其他,999391,2848444796,2850.18
2024年3月,南投縣,食,644655,292234394,453.32
2024年3月,南投縣,衣,47092,121569900,2581.54
2024年3月,南投縣,住,65229,202827390,3109.47
2024年3月,南投縣,行,438939,503372311,1146.79
2024年3月,南投縣,文教康樂,397014,554215915,1395.96
2024年3月,南投縣,百貨,561672,709836026,1263.79
2024年3月,南投縣,其他,357334,941931894,2636.0
2024年3月,雲林縣,食,799276,354713154,443.79
2024年3月,雲林縣,衣,64262,169033474,2630.38
2024年3月,雲林縣,住,84879,245018558,2886.68
2024年3月,雲林縣,行,605122,690499537,1141.09
2024年3月,雲林縣,文教康樂,422069,666113163,1578.21
2024年3月,雲林縣,百貨,688324,883239505,1283.17
2024年3月,雲林縣,其他,422078,1215142122,2878.95
2024年3月,嘉義縣,食,565277,245454194,434.22
2024年3月,嘉義縣,衣,43915,113220111,2578.16
2024年3月,嘉義縣,住,59195,177646825,3001.04
2024年3月,嘉義縣,行,447392,480547003,1074.11
2024年3月,嘉義縣,文教康樂,261591,456996533,1746.99
2024年3月,嘉義縣,百貨,518301,670173771,1293.02
2024年3月,嘉義縣,其他,303153,884051379,2916.19
2024年3月,嘉義市,食,580793,267298961,460.23
2024年3月,嘉義市,衣,39997,121458744,3036.7
2024年3月,嘉義市,住,57232,180162890,3147.94
2024年3月,嘉義市,行,343349,393472215,1145.98
2024年3月,嘉義市,文教康樂,228339,502113480,2198.98
2024年3月,嘉義市,百貨,513966,730448849,1421.2
2024年3月,嘉義市,其他,276661,802817552,2901.81
2024年3月,臺南市,食,4236079,1894545462,447.24
2024年3月,臺南市,衣,274842,782408324,2846.76
2024年3月,臺南市,住,439793,1375126950,3126.76
2024年3月,臺南市,行,2494436,2775956300,1112.86
2024年3月,臺南市,文教康樂,1691130,3428326416,2027.24
2024年3月,臺南市,百貨,3636824,4778518382,1313.93
2024年3月,臺南市,其他,2075795,5664766796,2728.96
2024年3月,高雄市,食,6860662,3387795146,493.8
2024年3月,高雄市,衣,411299,1242095597,3019.93
2024年3月,高雄市,住,681817,2261784359,3317.29
2024年3月,高雄市,行,3785645,4177150793,1103.42
2024年3月,高雄市,文教康樂,2924810,5585093145,1909.56
2024年3月,高雄市,百貨,5845635,7908842244,1352.95
2024年3月,高雄市,其他,3178530,8875123257,2792.21
2024年3月,屏東縣,食,996598,456996616,458.56
2024年3月,屏東縣,衣,73671,188817062,2562.98
2024年3月,屏東縣,住,114107,327480114,2869.94
2024年3月,屏東縣,行,753765,813112856,1078.74
2024年3月,屏東縣,文教康樂,467535,842908905,1802.88
2024年3月,屏東縣,百貨,914628,1159637231,1267.88
2024年3月,屏東縣,其他,568309,1675957144,2949.02
2024年3月,基隆市,食,906991,424370709,467.89
2024年3月,基隆市,衣,57931,165851865,2862.92
2024年3月,基隆市,住,74155,253227770,3414.84
2024年3月,基隆市,行,496189,505695118,1019.16
2024年3月,基隆市,文教康樂,380961,709013303,1861.12
2024年3月,基隆市,百貨,764218,882709994,1155.05
2024年3月,基隆市,其他,454329,1157693308,2548.14
2024年3月,宜蘭縣,食,739761,325849891,440.48
2024年3月,宜蘭縣,衣,50406,147104901,2918.4
2024年3月,宜蘭縣,住,78369,245991377,3138.89
2024年3月,宜蘭縣,行,442408,495449412,1119.89
2024年3月,宜蘭縣,文教康樂,343595,629137747,1831.04
2024年3月,宜蘭縣,百貨,684109,813339722,1188.9
2024年3月,宜蘭縣,其他,380960,1039452186,2728.51
2024年3月,花蓮縣,食,506136,271694601,536.8
2024年3月,花蓮縣,衣,32555,80832376,2482.95
2024年3月,花蓮縣,住,55971,179220208,3202.02
2024年3月,花蓮縣,行,318947,317134679,994.32
2024年3月,花蓮縣,文教康樂,227566,398684940,1751.95
2024年3月,花蓮縣,百貨,437335,531810733,1216.03
2024年3月,花蓮縣,其他,248413,704651310,2836.61
2024年3月,臺東縣,食,268013,121784681,454.4
2024年3月,臺東縣,衣,19465,46666791,2397.47
2024年3月,臺東縣,住,29620,95865856,3236.52
2024年3月,臺東縣,行,182423,187583960,1028.29
2024年3月,臺東縣,文教康樂,125634,220185734,1752.6
2024年3月,臺東縣,百貨,222134,255869440,1151.87
2024年3月,臺東縣,其他,118323,352362657,2977.97
2024年3月,澎湖縣,食,115241,50313746,436.6
2024年3月,澎湖縣,衣,8897,28076695,3155.75
2024年3月,澎湖縣,住,14754,48513493,3288.16
2024年3月,澎湖縣,行,79295,116168327,1465.01
2024年3月,澎湖縣,文教康樂,61062,94758230,1551.84
2024年3月,澎湖縣,百貨,110303,129392306,1173.06
2024年3月,澎湖縣,其他,52229,146606533,2806.99
2024年3月,金門縣,食,102680,52478040,511.08
2024年3月,金門縣,衣,6255,19841747,3172.14
2024年3月,金門縣,住,11123,37186501,3343.21
2024年3月,金門縣,行,50665,74021413,1461.0
2024年3月,金門縣,文教康樂,46899,67052465,1429.72
2024年3月,金門縣,百貨,108937,113529358,1042.16
2024年3月,金門縣,其他,43193,112799378,2611.52
2024年3月,連江縣,食,18477,7845674,424.62
2024年3月,連江縣,衣,1050,3946295,3758.38
2024年3月,連江縣,住,1933,4833048,2500.28
2024年3月,連江縣,行,11078,16231238,1465.18
2024年3月,連江縣,文教康樂,9928,14414793,1451.93
2024年3月,連江縣,百貨,13107,15077381,1150.33
2024年3月,連江縣,其他,7551,18999321,2516.13
2024年4月,臺北市,食,13807906,7688820886,556.84
2024年4月,臺北市,衣,705475,3076243534,4360.53
2024年4月,臺北市,住,919116,4561231662,4962.63
2024年4月,臺北市,行,5254135,5898557319,1122.65
2024年4月,臺北市,文教康樂,4397559,11508226475,2616.96
2024年4月,臺北市,百貨,9473702,14174422536,1496.19
2024年4月,臺北市,其他,4696811,15633322527,3328.5
2024年4月,新北市,食,15804989,7405594401,468.56
2024年4月,新北市,衣,902018,2742302205,3040.19
2024年4月,新北市,住,1211166,4228961300,3491.64
2024年4月,新北市,行,6623549,6667914564,1006.7
2024年4月,新北市,文教康樂,5823361,11419392908,1960.96
2024年4月,新北市,百貨,12345372,15437601616,1250.48
2024年4月,新北市,其他,6390249,18781070301,2939.02
2024年4月,桃園市,食,7183283,3258620292,453.64
2024年4月,桃園市,衣,401734,1243585710,3095.55
2024年4月,桃園市,住,587314,1991795343,3391.36
2024年4月,桃園市,行,3366440,3709437180,1101.89
2024年4月,桃園市,文教康樂,2993610,5073629788,1694.82
2024年4月,桃園市,百貨,5436948,7502032386,1379.82
2024年4月,桃園市,其他,3110600,8872026209,2852.19
2024年4月,新竹縣,食,2100911,1010074751,480.78
2024年4月,新竹縣,衣,109499,378076826,3452.79
2024年4月,新竹縣,住,164425,680693051,4139.84
2024年4月,新竹縣,行,927083,1107399367,1194.5
2024年4月,新竹縣,文教康樂,1105319,1563726498,1414.73
2024年4月,新竹縣,百貨,1514751,2154157840,1422.12
2024年4月,新竹縣,其他,892920,2526158507,2829.1
2024年4月,新竹市,食,1985894,941947370,474.32
2024年4月,新竹市,衣,98997,328256416,3315.82
2024年4月,新竹市,住,152664,613133743,4016.23
2024年4月,新竹市,行,795102,938004345,1179.73
2024年4月,新竹市,文教康樂,651398,1584717393,2432.79
2024年4月,新竹市,百貨,1462392,2079519506,1422.0
2024年4月,新竹市,其他,804474,2273154067,2825.64
2024年4月,苗栗縣,食,1008518,444187028,440.44
2024年4月,苗栗縣,衣,67044,183419908,2735.81
2024年4月,苗栗縣,住,92784,322935672,3480.51
2024年4月,苗栗縣,行,603090,637583735,1057.2
2024年4月,苗栗縣,文教康樂,402077,768678661,1911.77
2024年4月,苗栗縣,百貨,814529,1022540781,1255.38
2024年4月,苗栗縣,其他,528517,1442183987,2728.74
2024年4月,臺中市,食,9228085,4521626733,489.99
2024年4月,臺中市,衣,548001,1704488421,3110.37
2024年4月,臺中市,住,759123,2727275608,3592.67
2024年4月,臺中市,行,4382374,4900930038,1118.33
2024年4月,臺中市,文教康樂,3124720,6788780430,2172.6
2024年4月,臺中市,百貨,7070855,9757590884,1379.97
2024年4月,臺中市,其他,3799528,12030640220,3166.35
2024年4月,彰化縣,食,2020720,941194842,465.77
2024年4月,彰化縣,衣,152998,399890186,2613.7
2024年4月,彰化縣,住,196560,634498964,3228.02
2024年4月,彰化縣,行,1228846,1372193245,1116.65
2024年4月,彰化縣,文教康樂,777187,1507925758,1940.24
2024年4月,彰化縣,百貨,1687519,2150140025,1274.14
2024年4月,彰化縣,其他,1036201,3250567038,3137.0
2024年4月,南投縣,食,657242,299139365,455.14
2024年4月,南投縣,衣,50203,120559566,2401.44
2024年4月,南投縣,住,64237,222256181,3459.94
2024年4月,南投縣,行,423949,481466854,1135.67
2024年4月,南投縣,文教康樂,352395,498098854,1413.47
2024年4月,南投縣,百貨,571076,703982345,1232.73
2024年4月,南投縣,其他,347966,1069218321,3072.77
2024年4月,雲林縣,食,807171,358296776,443.89
2024年4月,雲林縣,衣,68559,171060849,2495.09
2024年4月,雲林縣,住,83565,263454209,3152.69
2024年4月,雲林縣,行,578793,635968611,1098.78
2024年4月,雲林縣,文教康樂,390150,599246623,1535.94
2024年4月,雲林縣,百貨,701059,882474719,1258.77
2024年4月,雲林縣,其他,429701,1337453525,3112.52
2024年4月,嘉義縣,食,572497,249310137,435.48
2024年4月,嘉義縣,衣,45503,110489456,2428.18
2024年4月,嘉義縣,住,58347,179336717,3073.62
2024年4月,嘉義縣,行,427851,449980600,1051.72
2024年4月,嘉義縣,文教康樂,253004,415003984,1640.31
2024年4月,嘉義縣,百貨,524220,679579409,1296.36
2024年4月,嘉義縣,其他,310145,968975662,3124.27
2024年4月,嘉義市,食,583618,263429115,451.37
2024年4月,嘉義市,衣,41376,114813609,2774.88
2024年4月,嘉義市,住,56765,198212913,3491.82
2024年4月,嘉義市,行,325758,365162289,1120.96
2024年4月,嘉義市,文教康樂,216610,436774432,2016.41
2024年4月,嘉義市,百貨,518657,716836321,1382.1
2024年4月,嘉義市,其他,282870,885483454,3130.35
2024年4月,臺南市,食,4299105,1914643973,445.36
2024年4月,臺南市,衣,288708,775063915,2684.59
2024年4月,臺南市,住,437859,1464484495,3344.65
2024年4月,臺南市,行,2399396,2515760453,1048.5
2024年4月,臺南市,文教康樂,1635135,3056601322,1869.33
2024年4月,臺南市,百貨,3719050,5032418535,1353.15
2024年4月,臺南市,其他,2134521,6409828576,3002.94
2024年4月,高雄市,食,6933798,3414829442,492.49
2024年4月,高雄市,衣,424434,1218060285,2869.85
2024年4月,高雄市,住,663368,2369414524,3571.8
2024年4月,高雄市,行,3606227,3778546968,1047.78
2024年4月,高雄市,文教康樂,2726781,4887791275,1792.51
2024年4月,高雄市,百貨,5975428,8443680676,1413.07
2024年4月,高雄市,其他,3157576,9830289001,3113.24
2024年4月,屏東縣,食,1017858,470378406,462.13
2024年4月,屏東縣,衣,74751,182499288,2441.43
2024年4月,屏東縣,住,111669,352543476,3157.04
2024年4月,屏東縣,行,719880,715048139,993.29
2024年4月,屏東縣,文教康樂,471061,753733413,1600.08
2024年4月,屏東縣,百貨,936826,1266429025,1351.83
2024年4月,屏東縣,其他,586363,1862776681,3176.83
2024年4月,基隆市,食,919525,424570047,461.73
2024年4月,基隆市,衣,62586,168895008,2698.61
2024年4月,基隆市,住,74861,275503116,3680.2
2024年4月,基隆市,行,480031,458440472,955.02
2024年4月,基隆市,文教康樂,367546,666362255,1813.0
2024年4月,基隆市,百貨,785168,908663592,1157.29
2024年4月,基隆市,其他,464926,1249405017,2687.32
2024年4月,宜蘭縣,食,750368,328665907,438.01
2024年4月,宜蘭縣,衣,54936,156333581,2845.74
2024年4月,宜蘭縣,住,77553,245969249,3171.63
2024年4月,宜蘭縣,行,426144,438521660,1029.05
2024年4月,宜蘭縣,文教康樂,329737,615692875,1867.22
2024年4月,宜蘭縣,百貨,694876,820212748,1180.37
2024年4月,宜蘭縣,其他,393585,1187605801,3017.41
2024年4月,花蓮縣,食,508204,254814418,501.4
2024年4月,花蓮縣,衣,32653,81668145,2501.09
2024年4月,花蓮縣,住,53112,198933204,3745.54
2024年4月,花蓮縣,行,291922,278271220,953.24
2024年4月,花蓮縣,文教康樂,213292,340872214,1598.15
2024年4月,花蓮縣,百貨,435123,510870430,1174.08
2024年4月,花蓮縣,其他,249105,775859595,3114.59
2024年4月,臺東縣,食,274016,123786246,451.75
2024年4月,臺東縣,衣,20696,47137762,2277.63
2024年4月,臺東縣,住,28114,97061141,3452.41
2024年4月,臺東縣,行,172376,166934736,968.43
2024年4月,臺東縣,文教康樂,115517,184938273,1600.96
2024年4月,臺東縣,百貨,228122,257100360,1127.03
2024年4月,臺東縣,其他,121324,396230949,3265.89
2024年4月,澎湖縣,食,113012,48480102,428.98
2024年4月,澎湖縣,衣,9447,25020689,2648.53
2024年4月,澎湖縣,住,13658,50198687,3675.41
2024年4月,澎湖縣,行,74991,104351032,1391.51
2024年4月,澎湖縣,文教康樂,58518,80831546,1381.31
2024年4月,澎湖縣,百貨,111286,124981190,1123.06
2024年4月,澎湖縣,其他,51717,146016971,2823.38
2024年4月,金門縣,食,104027,66812548,642.26
2024年4月,金門縣,衣,6734,23139051,3436.15
2024年4月,金門縣,住,11131,38215615,3433.26
2024年4月,金門縣,行,49743,67544747,1357.87
2024年4月,金門縣,文教康樂,45468,60978870,1341.14
2024年4月,金門縣,百貨,109770,114394568,1042.13
2024年4月,金門縣,其他,43754,113860623,2602.29
2024年4月,連江縣,食,17838,7755342,434.77
2024年4月,連江縣,衣,1029,2840593,2760.54
2024年4月,連江縣,住,1874,4575347,2441.49
2024年4月,連江縣,行,10390,14720049,1416.75
2024年4月,連江縣,文教康樂,9269,11761925,1268.95
2024年4月,連江縣,百貨,13772,14546947,1056.27
2024年4月,連江縣,其他,7298,19494837,2671.26
2024年5月,臺北市,食,14552226,8395840155,576.95
2024年5月,臺北市,衣,719519,2913004451,4048.54
2024年5月,臺北市,住,922868,4342334488,4705.26
2024年5月,臺北市,行,5578308,6441299311,1154.7
2024年5月,臺北市,文教康樂,4410266,12131078957,2750.65
2024年5月,臺北市,百貨,9821506,13736968210,1398.66
2024年5月,臺北市,其他,5047795,92111012867,18247.77
2024年5月,新北市,食,16696104,8193572002,490.75
2024年5月,新北市,衣,924188,2728720638,2952.56
2024年5月,新北市,住,1227121,4075959579,3321.56
2024年5月,新北市,行,6978087,7233724638,1036.63
2024年5月,新北市,文教康樂,5629459,11841819975,2103.54
2024年5月,新北市,百貨,12904007,15673442940,1214.62
2024年5月,新北市,其他,6862473,56357244120,8212.38
2024年5月,桃園市,食,7582191,3578204035,471.92
2024年5月,桃園市,衣,410149,1164777879,2839.89
2024年5月,桃園市,住,595960,1905386650,3197.17
2024年5月,桃園市,行,3528223,4066241294,1152.49
2024年5月,桃園市,文教康樂,2602939,5235635941,2011.43
2024年5月,桃園市,百貨,5710743,7664328238,1342.09
2024年5月,桃園市,其他,3281106,21519284348,6558.55
2024年5月,新竹縣,食,2221797,1124852868,506.28
2024年5月,新竹縣,衣,111404,360060036,3232.02
2024年5月,新竹縣,住,165064,638615129,3868.89
2024年5月,新竹縣,行,983198,1235353734,1256.46
2024年5月,新竹縣,文教康樂,717301,1638773846,2284.64
2024年5月,新竹縣,百貨,1594804,2199828806,1379.37
2024年5月,新竹縣,其他,961703,16660031993,17323.47
2024年5月,新竹市,食,2092657,1028482669,491.47
2024年5月,新竹市,衣,100048,322169007,3220.14
2024年5月,新竹市,住,153398,586083993,3820.68
2024年5月,新竹市,行,838409,1026832285,1224.74
2024年5月,新竹市,文教康樂,663829,1612476235,2429.05
2024年5月,新竹市,百貨,1526786,2150230245,1408.34
2024年5月,新竹市,其他,860524,18417314233,21402.44
2024年5月,苗栗縣,食,1069347,496389787,464.2
2024年5月,苗栗縣,衣,68816,187621917,2726.43
2024年5月,苗栗縣,住,94760,293770362,3100.15
2024年5月,苗栗縣,行,638624,680862433,1066.14
2024年5月,苗栗縣,文教康樂,409555,768283662,1875.9
2024年5月,苗栗縣,百貨,850617,1048627617,1232.78
2024年5月,苗栗縣,其他,560307,3169847761,5657.34
2024年5月,臺中市,食,9724191,5043468795,518.65
2024年5月,臺中市,衣,564189,1792623086,3177.34
2024年5月,臺中市,住,774115,2588341344,3343.61
2024年5月,臺中市,行,4612854,5178518411,1122.63
2024年5月,臺中市,文教康樂,3171594,7229912814,2279.58
2024年5月,臺中市,百貨,7349551,9536545572,1297.57
2024年5月,臺中市,其他,3976659,30570640878,7687.52
2024年5月,彰化縣,食,2142791,1039449548,485.09
2024年5月,彰化縣,衣,158360,409611628,2586.59
2024年5月,彰化縣,住,199041,593787772,2983.24
2024年5月,彰化縣,行,1296647,1495328909,1153.23
2024年5月,彰化縣,文教康樂,790187,1553477826,1965.96
2024年5月,彰化縣,百貨,1761740,2121142399,1204.0
2024年5月,彰化縣,其他,1080778,7627495465,7057.41
2024年5月,南投縣,食,696629,327636625,470.32
2024年5月,南投縣,衣,50999,124956204,2450.17
2024年5月,南投縣,住,66616,192663426,2892.15
2024年5月,南投縣,行,446667,519280316,1162.57
2024年5月,南投縣,文教康樂,280938,530182847,1887.19
2024年5月,南投縣,百貨,596409,699497613,1172.85
2024年5月,南投縣,其他,362492,1881809652,5191.31
2024年5月,雲林縣,食,860600,403214097,468.53
2024年5月,雲林縣,衣,69724,176435038,2530.48
2024年5月,雲林縣,住,86671,247771543,2858.76
2024年5月,雲林縣,行,613803,705866699,1149.99
2024年5月,雲林縣,文教康樂,355450,630372114,1773.45
2024年5月,雲林縣,百貨,737958,917261515,1242.97
2024年5月,雲林縣,其他,446694,2774791458,6211.84
2024年5月,嘉義縣,食,614562,278754947,453.58
2024年5月,嘉義縣,衣,47022,116836916,2484.73
2024年5月,嘉義縣,住,61986,171314075,2763.75
2024年5月,嘉義縣,行,451244,485748574,1076.47
2024年5月,嘉義縣,文教康樂,263330,440335004,1672.18
2024年5月,嘉義縣,百貨,553619,683107697,1233.89
2024年5月,嘉義縣,其他,324472,1422014339,4382.55
2024年5月,嘉義市,食,616658,290126100,470.48
2024年5月,嘉義市,衣,42178,122200479,2897.26
2024年5月,嘉義市,住,58733,182730354,3111.2
2024年5月,嘉義市,行,343847,371936297,1081.69
2024年5月,嘉義市,文教康樂,221613,457670944,2065.18
2024年5月,嘉義市,百貨,537582,713791869,1327.78
2024年5月,嘉義市,其他,299727,1857506623,6197.33
2024年5月,臺南市,食,4523101,2099444632,464.16
2024年5月,臺南市,衣,284701,751166316,2638.44
2024年5月,臺南市,住,448522,1399050227,3119.25
2024年5月,臺南市,行,2527806,2661891845,1053.04
2024年5月,臺南市,文教康樂,1629799,3126563194,1918.37
2024年5月,臺南市,百貨,3839482,4808125381,1252.28
2024年5月,臺南市,其他,2249867,18685729511,8305.26
2024年5月,高雄市,食,7322013,3756609141,513.06
2024年5月,高雄市,衣,429111,1184719434,2760.87
2024年5月,高雄市,住,681768,2142490232,3142.55
2024年5月,高雄市,行,3786139,4101047836,1083.17
2024年5月,高雄市,文教康樂,2596841,5114785398,1969.62
2024年5月,高雄市,百貨,6177668,8099354064,1311.07
2024年5月,高雄市,其他,3357553,21378324597,6367.23
2024年5月,屏東縣,食,1072362,509788104,475.39
2024年5月,屏東縣,衣,76470,186404485,2437.62
2024年5月,屏東縣,住,114766,327252504,2851.48
2024年5月,屏東縣,行,755839,788923322,1043.77
2024年5月,屏東縣,文教康樂,455192,750284552,1648.28
2024年5月,屏東縣,百貨,979498,1236635415,1262.52
2024年5月,屏東縣,其他,607208,2660593859,4381.68
2024年5月,基隆市,食,973071,462672889,475.48
2024年5月,基隆市,衣,64135,170100706,2652.23
2024年5月,基隆市,住,76441,245581229,3212.69
2024年5月,基隆市,行,506517,497674559,982.54
2024年5月,基隆市,文教康樂,373326,669904819,1794.42
2024年5月,基隆市,百貨,820094,911980281,1112.04
2024年5月,基隆市,其他,494387,2909862770,5885.8
2024年5月,宜蘭縣,食,795283,360850504,453.74
2024年5月,宜蘭縣,衣,56265,151141999,2686.25
2024年5月,宜蘭縣,住,81377,245110924,3012.04
2024年5月,宜蘭縣,行,453713,477237855,1051.85
2024年5月,宜蘭縣,文教康樂,328643,608667507,1852.06
2024年5月,宜蘭縣,百貨,730732,844599149,1155.83
2024年5月,宜蘭縣,其他,413102,1889252506,4573.33
2024年5月,花蓮縣,食,539097,295081084,547.36
2024年5月,花蓮縣,衣,34629,86698800,2503.65
2024年5月,花蓮縣,住,54387,171860634,3159.96
2024年5月,花蓮縣,行,322031,318428721,988.81
2024年5月,花蓮縣,文教康樂,222245,365253750,1643.47
2024年5月,花蓮縣,百貨,469535,546196309,1163.27
2024年5月,花蓮縣,其他,261790,1122094635,4286.24
2024年5月,臺東縣,食,287873,130261051,452.49
2024年5月,臺東縣,衣,20994,49877728,2375.81
2024年5月,臺東縣,住,29433,90295327,3067.83
2024年5月,臺東縣,行,183181,185952657,1015.13
2024年5月,臺東縣,文教康樂,116024,191139433,1647.41
2024年5月,臺東縣,百貨,236261,263028423,1113.3
2024年5月,臺東縣,其他,125975,569386475,4519.84
2024年5月,澎湖縣,食,120223,51722473,430.22
2024年5月,澎湖縣,衣,8977,23815895,2652.99
2024年5月,澎湖縣,住,13909,46673280,3355.62
2024年5月,澎湖縣,行,73428,95042946,1294.37
2024年5月,澎湖縣,文教康樂,59654,79426926,1331.46
2024年5月,澎湖縣,百貨,116907,128446609,1098.71
2024年5月,澎湖縣,其他,54430,233356820,4287.28
2024年5月,金門縣,食,109470,54092900,494.13
2024年5月,金門縣,衣,7147,24849071,3476.85
2024年5月,金門縣,住,11642,41204379,3539.29
2024年5月,金門縣,行,52255,73936274,1414.91
2024年5月,金門縣,文教康樂,46502,68382570,1470.53
2024年5月,金門縣,百貨,118051,123392182,1045.24
2024年5月,金門縣,其他,47581,215193327,4522.67
2024年5月,連江縣,食,20128,16637856,826.6
2024年5月,連江縣,衣,1120,2662876,2377.57
2024年5月,連江縣,住,1867,4064285,2176.91
2024年5月,連江縣,行,10567,12618298,1194.12
2024年5月,連江縣,文教康樂,9855,12500818,1268.47
2024年5月,連江縣,百貨,14251,15084538,1058.49
2024年5月,連江縣,其他,8307,34958686,4208.34
2024年6月,臺北市,食,14404054,8315304486,577.29
2024年6月,臺北市,衣,778898,3117095606,4001.93
2024年6月,臺北市,住,982560,4811407896,4896.81
2024年6月,臺北市,行,5555221,6244470111,1124.07
2024年6月,臺北市,文教康樂,4509134,12143088505,2693.0
2024年6月,臺北市,百貨,9901683,13708498356,1384.46
2024年6月,臺北市,其他,4567824,16378317701,3585.58
2024年6月,新北市,食,16648030,7998341527,480.44
2024年6月,新北市,衣,995798,2739699413,2751.26
2024年6月,新北市,住,1300725,4483459679,3446.89
2024年6月,新北市,行,6919482,6983638703,1009.27
2024年6月,新北市,文教康樂,5767137,11834536391,2052.06
2024年6月,新北市,百貨,13096866,15691750853,1198.13
2024年6月,新北市,其他,6186084,17989431488,2908.05
2024年6月,桃園市,食,7628127,3550869925,465.5
2024年6月,桃園市,衣,444916,1217528541,2736.54
2024年6月,桃園市,住,638683,2135337386,3343.34
2024年6月,桃園市,行,3525868,3959221678,1122.91
2024年6月,桃園市,文教康樂,2671268,5363444772,2007.83
2024年6月,桃園市,百貨,5793905,7582131683,1308.64
2024年6月,桃園市,其他,2977146,8158325654,2740.32
2024年6月,新竹縣,食,2235721,1109083826,496.07
2024年6月,新竹縣,衣,121216,372225972,3070.77
2024年6月,新竹縣,住,179230,705479368,3936.17
2024年6月,新竹縣,行,976214,1234314616,1264.39
2024年6月,新竹縣,文教康樂,736919,1738701951,2359.42
2024年6月,新竹縣,百貨,1626062,2211142026,1359.81
2024年6月,新竹縣,其他,860587,2580110598,2998.08
2024年6月,新竹市,食,2102664,1020461908,485.32
2024年6月,新竹市,衣,109607,345946977,3156.25
2024年6月,新竹市,住,166450,641035264,3851.22
2024年6月,新竹市,行,835079,1019925571,1221.35
2024年6月,新竹市,文教康樂,684073,1697925035,2482.08
2024年6月,新竹市,百貨,1556646,2101170042,1349.81
2024年6月,新竹市,其他,770640,2502714409,3247.58
2024年6月,苗栗縣,食,1084904,488889162,450.63
2024年6月,苗栗縣,衣,73255,182591824,2492.55
2024年6月,苗栗縣,住,103797,341083589,3286.06
2024年6月,苗栗縣,行,634378,705674400,1112.39
2024年6月,苗栗縣,文教康樂,418147,779519292,1864.22
2024年6月,苗栗縣,百貨,869899,1077630412,1238.8
2024年6月,苗栗縣,其他,505464,1289886778,2551.89
2024年6月,臺中市,食,9808797,4984081623,508.12
2024年6月,臺中市,衣,597418,1790185635,2996.54
2024年6月,臺中市,住,822483,2854275078,3470.31
2024年6月,臺中市,行,4591567,5208800070,1134.43
2024年6月,臺中市,文教康樂,3232400,7297398290,2257.58
2024年6月,臺中市,百貨,7444512,9603131149,1289.96
2024年6月,臺中市,其他,3651756,11493904730,3147.5
2024年6月,彰化縣,食,2186160,1033178045,472.6
2024年6月,彰化縣,衣,164839,400425374,2429.19
2024年6月,彰化縣,住,213574,663625630,3107.24
2024年6月,彰化縣,行,1291118,1483525617,1149.02
2024年6月,彰化縣,文教康樂,809790,1585313667,1957.68
2024年6月,彰化縣,百貨,1804843,2152987042,1192.89
2024年6月,彰化縣,其他,994927,3020904402,3036.31
2024年6月,南投縣,食,702298,322793551,459.62
2024年6月,南投縣,衣,52795,123036213,2330.45
2024年6月,南投縣,住,71450,213896579,2993.65
2024年6月,南投縣,行,442817,507606168,1146.31
2024年6月,南投縣,文教康樂,285712,515594361,1804.59
2024年6月,南投縣,百貨,602002,692307537,1150.01
2024年6月,南投縣,其他,331939,1044261623,3145.94
2024年6月,雲林縣,食,874931,395705762,452.27
2024年6月,雲林縣,衣,72119,170466561,2363.68
2024年6月,雲林縣,住,93264,281885037,3022.44
2024年6月,雲林縣,行,613486,699389992,1140.03
2024年6月,雲林縣,文教康樂,360879,630556851,1747.28
2024年6月,雲林縣,百貨,750618,891736100,1188.0
2024年6月,雲林縣,其他,411469,1178890766,2865.08
2024年6月,嘉義縣,食,619430,275869328,445.36
2024年6月,嘉義縣,衣,48112,112709129,2342.64
2024年6月,嘉義縣,住,65614,192090599,2927.59
2024年6月,嘉義縣,行,448181,472905354,1055.17
2024年6月,嘉義縣,文教康樂,262710,437761476,1666.33
2024年6月,嘉義縣,百貨,559451,680590318,1216.53
2024年6月,嘉義縣,其他,297353,869918474,2925.54
2024年6月,嘉義市,食,624621,291173726,466.16
2024年6月,嘉義市,衣,43170,117823592,2729.29
2024年6月,嘉義市,住,62857,208231305,3312.78
2024年6月,嘉義市,行,340277,371817902,1092.69
2024年6月,嘉義市,文教康樂,225717,467637401,2071.79
2024年6月,嘉義市,百貨,543870,686632181,1262.49
2024年6月,嘉義市,其他,275616,813031696,2949.87
2024年6月,臺南市,食,4570545,2083824730,455.92
2024年6月,臺南市,衣,306801,783048627,2552.3
2024年6月,臺南市,住,481423,1531328251,3180.84
2024年6月,臺南市,行,2495195,2716225240,1088.58
2024年6月,臺南市,文教康樂,1662174,3189802470,1919.05
2024年6月,臺南市,百貨,3934965,4922798238,1251.04
2024年6月,臺南市,其他,2059932,5955915154,2891.32
2024年6月,高雄市,食,7366721,3727792002,506.03
2024年6月,高雄市,衣,448714,1197248335,2668.18
2024年6月,高雄市,住,726116,2487609136,3425.91
2024年6月,高雄市,行,3752990,4052594040,1079.83
2024年6月,高雄市,文教康樂,2644989,5094168121,1925.97
2024年6月,高雄市,百貨,6238730,8005646765,1283.22
2024年6月,高雄市,其他,3053542,9573536913,3135.22
2024年6月,屏東縣,食,1077663,503511340,467.23
2024年6月,屏東縣,衣,78573,183189177,2331.45
2024年6月,屏東縣,住,123212,377227183,3061.61
2024年6月,屏東縣,行,746832,785100458,1051.24
2024年6月,屏東縣,文教康樂,459178,774184812,1686.02
2024年6月,屏東縣,百貨,987923,1225335819,1240.32
2024年6月,屏東縣,其他,553640,1707086884,3083.39
2024年6月,基隆市,食,970946,451360593,464.87
2024年6月,基隆市,衣,68666,167463172,2438.81
2024年6月,基隆市,住,81434,275172430,3379.09
2024年6月,基隆市,行,499136,474580209,950.8
2024年6月,基隆市,文教康樂,378361,658412381,1740.17
2024年6月,基隆市,百貨,831024,915461691,1101.61
2024年6月,基隆市,其他,448322,1159813428,2587.01
2024年6月,宜蘭縣,食,798816,356610674,446.42
2024年6月,宜蘭縣,衣,57535,140258889,2437.8
2024年6月,宜蘭縣,住,87994,271666767,3087.33
2024年6月,宜蘭縣,行,452406,478719802,1058.16
2024年6月,宜蘭縣,文教康樂,329843,583482480,1768.97
2024年6月,宜蘭縣,百貨,738604,821898849,1112.77
2024年6月,宜蘭縣,其他,372751,1066061282,2859.98
2024年6月,花蓮縣,食,543987,289328177,531.87
2024年6月,花蓮縣,衣,36019,86928484,2413.41
2024年6月,花蓮縣,住,56718,199595001,3519.08
2024年6月,花蓮縣,行,318545,309002028,970.04
2024年6月,花蓮縣,文教康樂,226702,372137297,1641.53
2024年6月,花蓮縣,百貨,473829,536212670,1131.66
2024年6月,花蓮縣,其他,234760,682564420,2907.5
2024年6月,臺東縣,食,291990,132067868,452.3
2024年6月,臺東縣,衣,21839,47906477,2193.62
2024年6月,臺東縣,住,30624,104877587,3424.69
2024年6月,臺東縣,行,181631,175160202,964.37
2024年6月,臺東縣,文教康樂,117415,186722071,1590.27
2024年6月,臺東縣,百貨,237439,269307293,1134.22
2024年6月,臺東縣,其他,113136,355961862,3146.32
2024年6月,澎湖縣,食,129551,54718664,422.37
2024年6月,澎湖縣,衣,9250,22800423,2464.91
2024年6月,澎湖縣,住,14350,47488718,3309.32
2024年6月,澎湖縣,行,74907,97290034,1298.81
2024年6月,澎湖縣,文教康樂,59806,86701203,1449.71
2024年6月,澎湖縣,百貨,120443,126955106,1054.07
2024年6月,澎湖縣,其他,51837,134277935,2590.39
2024年6月,金門縣,食,110877,50117752,452.01
2024年6月,金門縣,衣,7139,18604872,2606.09
2024年6月,金門縣,住,12021,42190214,3509.71
2024年6月,金門縣,行,55699,79512930,1427.55
2024年6月,金門縣,文教康樂,47968,70369013,1467.0
2024年6月,金門縣,百貨,118960,122551588,1030.19
2024年6月,金門縣,其他,44755,114411225,2556.39
2024年6月,連江縣,食,22651,9014451,397.97
2024年6月,連江縣,衣,1193,2809779,2355.22
2024年6月,連江縣,住,2102,4779414,2273.75
2024年6月,連江縣,行,12380,15687762,1267.19
2024年6月,連江縣,文教康樂,9535,13485507,1414.32
2024年6月,連江縣,百貨,15498,16328981,1053.62
2024年6月,連江縣,其他,7468,19218779,2573.48
2024年7月,臺北市,食,14833771,8428180861,568.18
2024年7月,臺北市,衣,761266,2852915917,3747.59
2024年7月,臺北市,住,1010934,4815969286,4763.88
2024年7月,臺北市,行,5590721,6162886895,1102.34
2024年7月,臺北市,文教康樂,4606726,12005275990,2606.03
2024年7月,臺北市,百貨,10405771,13794178543,1325.63
2024年7月,臺北市,其他,4851004,16397448343,3380.22
2024年7月,新北市,食,17273772,8141667029,471.33
2024年7月,新北市,衣,974084,2524095239,2591.25
2024年7月,新北市,住,1342000,4475952590,3335.29
2024年7月,新北市,行,6976039,7164552034,1027.02
2024年7月,新北市,文教康樂,5932532,12338563327,2079.81
2024年7月,新北市,百貨,13726051,15648124656,1140.03
2024年7月,新北市,其他,6774084,19379677190,2860.86
2024年7月,桃園市,食,7926189,3636820863,458.84
2024年7月,桃園市,衣,442410,1133734859,2562.63
2024年7月,桃園市,住,655313,2178536485,3324.42
2024年7月,桃園市,行,3556724,4103641102,1153.77
2024年7月,桃園市,文教康樂,2744658,5455279195,1987.6
2024年7月,桃園市,百貨,6070959,7619249509,1255.03
2024年7月,桃園市,其他,3261785,9058229932,2777.08
2024年7月,新竹縣,食,2316606,1151311912,496.98
2024年7月,新竹縣,衣,123073,351706617,2857.71
2024年7月,新竹縣,住,185419,730948617,3942.15
2024年7月,新竹縣,行,972304,1245591766,1281.07
2024年7月,新竹縣,文教康樂,771608,1807125474,2342.03
2024年7月,新竹縣,百貨,1705390,2205717487,1293.38
2024年7月,新竹縣,其他,948088,2603807499,2746.38
2024年7月,新竹市,食,2168168,1055878690,486.99
2024年7月,新竹市,衣,108787,318590157,2928.57
2024年7月,新竹市,住,172083,657789601,3822.51
2024年7月,新竹市,行,831799,1042058924,1252.78
2024年7月,新竹市,文教康樂,714592,1780167341,2491.17
2024年7月,新竹市,百貨,1630526,2122101377,1301.48
2024年7月,新竹市,其他,854133,2351086414,2752.6
2024年7月,苗栗縣,食,1133120,507513239,447.89
2024年7月,苗栗縣,衣,73174,182396564,2492.64
2024年7月,苗栗縣,住,105925,354600271,3347.65
2024年7月,苗栗縣,行,641748,706913128,1101.54
2024年7月,苗栗縣,文教康樂,432946,809965062,1870.82
2024年7月,苗栗縣,百貨,918807,1063694871,1157.69
2024年7月,苗栗縣,其他,577872,1481047184,2562.93
2024年7月,臺中市,食,10087961,5165551090,512.05
2024年7月,臺中市,衣,598080,1690786354,2827.02
2024年7月,臺中市,住,852873,2961691476,3472.61
2024年7月,臺中市,行,4622420,5395019147,1167.14
2024年7月,臺中市,文教康樂,3353513,7317297288,2181.98
2024年7月,臺中市,百貨,7844147,10034081316,1279.18
2024年7月,臺中市,其他,4037839,12297085443,3045.46
2024年7月,彰化縣,食,2245343,1068042112,475.67
2024年7月,彰化縣,衣,160426,378838266,2361.45
2024年7月,彰化縣,住,220699,692007349,3135.53
2024年7月,彰化縣,行,1296133,1538421038,1186.93
2024年7月,彰化縣,文教康樂,834650,1587182072,1901.61
2024年7月,彰化縣,百貨,1900463,2200177021,1157.71
2024年7月,彰化縣,其他,1112480,3304206626,2970.13
2024年7月,南投縣,食,722598,333648963,461.74
2024年7月,南投縣,衣,52125,116743751,2239.69
2024年7月,南投縣,住,74757,235997036,3156.86
2024年7月,南投縣,行,444283,511876592,1152.14
2024年7月,南投縣,文教康樂,297965,534874872,1795.09
2024年7月,南投縣,百貨,629769,715548028,1136.21
2024年7月,南投縣,其他,375575,1167927380,3109.7
2024年7月,雲林縣,食,898150,415311933,462.41
2024年7月,雲林縣,衣,69571,163849404,2355.14
2024年7月,雲林縣,住,97076,292706860,3015.23
2024年7月,雲林縣,行,612748,718762046,1173.01
2024年7月,雲林縣,文教康樂,374259,653211967,1745.35
2024年7月,雲林縣,百貨,790502,909716276,1150.81
2024年7月,雲林縣,其他,462033,1379191554,2985.05
2024年7月,嘉義縣,食,637197,293130413,460.03
2024年7月,嘉義縣,衣,46268,111281309,2405.15
2024年7月,嘉義縣,住,67860,199466045,2939.38
2024年7月,嘉義縣,行,447201,496437728,1110.1
2024年7月,嘉義縣,文教康樂,274968,440276662,1601.19
2024年7月,嘉義縣,百貨,587229,702996544,1197.14
2024年7月,嘉義縣,其他,335182,969630241,2892.85
2024年7月,嘉義市,食,636697,303624732,476.87
2024年7月,嘉義市,衣,42108,115256954,2737.17
2024年7月,嘉義市,住,64566,207353251,3211.49
2024年7月,嘉義市,行,336735,388936888,1155.02
2024年7月,嘉義市,文教康樂,234971,481512388,2049.24
2024年7月,嘉義市,百貨,569153,730662609,1283.77
2024年7月,嘉義市,其他,300280,919952683,3063.65
2024年7月,臺南市,食,4687094,2200428490,469.47
2024年7月,臺南市,衣,293811,741384521,2523.34
2024年7月,臺南市,住,491674,1533423728,3118.78
2024年7月,臺南市,行,2479587,2755314321,1111.2
2024年7月,臺南市,文教康樂,1720294,3214926238,1868.82
2024年7月,臺南市,百貨,4117602,5209018568,1265.06
2024年7月,臺南市,其他,2260707,6593518700,2916.57
2024年7月,高雄市,食,7457025,3753617784,503.37
2024年7月,高雄市,衣,430846,1105796448,2566.57
2024年7月,高雄市,住,740133,2433086548,3287.36
2024年7月,高雄市,行,3709122,4124699688,1112.04
2024年7月,高雄市,文教康樂,2724532,5179314916,1900.99
2024年7月,高雄市,百貨,6529421,8180722360,1252.9
2024年7月,高雄市,其他,3316654,10278393301,3099.02
2024年7月,屏東縣,食,1103643,528371151,478.75
2024年7月,屏東縣,衣,76621,172688292,2253.8
2024年7月,屏東縣,住,125607,385342743,3067.84
2024年7月,屏東縣,行,737633,768146355,1041.37
2024年7月,屏東縣,文教康樂,483910,801677174,1656.67
2024年7月,屏東縣,百貨,1034175,1232916130,1192.17
2024年7月,屏東縣,其他,629211,1976119064,3140.63
2024年7月,基隆市,食,1012887,460805140,454.94
2024年7月,基隆市,衣,67333,153407886,2278.35
2024年7月,基隆市,住,83679,272354600,3254.75
2024年7月,基隆市,行,500499,489629261,978.28
2024年7月,基隆市,文教康樂,388976,682166406,1753.75
2024年7月,基隆市,百貨,873640,932509712,1067.38
2024年7月,基隆市,其他,494484,1298348049,2625.66
2024年7月,宜蘭縣,食,843115,369770544,438.58
2024年7月,宜蘭縣,衣,59149,153766681,2599.65
2024年7月,宜蘭縣,住,90067,285906313,3174.37
2024年7月,宜蘭縣,行,456334,498662246,1092.76
2024年7月,宜蘭縣,文教康樂,342176,608438858,1778.15
2024年7月,宜蘭縣,百貨,791032,844414731,1067.48
2024年7月,宜蘭縣,其他,428492,1241127177,2896.5
2024年7月,花蓮縣,食,557637,308353802,552.97
2024年7月,花蓮縣,衣,35240,80772197,2292.06
2024年7月,花蓮縣,住,57746,208165218,3604.84
2024年7月,花蓮縣,行,306574,322353490,1051.47
2024年7月,花蓮縣,文教康樂,230545,363823025,1578.1
2024年7月,花蓮縣,百貨,488594,546046464,1117.59
2024年7月,花蓮縣,其他,270309,766702937,2836.39
2024年7月,臺東縣,食,297815,135300504,454.31
2024年7月,臺東縣,衣,21007,44493398,2118.03
2024年7月,臺東縣,住,30228,102661833,3396.25
2024年7月,臺東縣,行,178717,182515867,1021.26
2024年7月,臺東縣,文教康樂,120588,192577294,1596.99
2024年7月,臺東縣,百貨,249970,271499275,1086.13
2024年7月,臺東縣,其他,131139,402307570,3067.8
2024年7月,澎湖縣,食,135543,56007018,413.2
2024年7月,澎湖縣,衣,9462,22666014,2395.48
2024年7月,澎湖縣,住,14870,53689551,3610.6
2024年7月,澎湖縣,行,77368,102325782,1322.59
2024年7月,澎湖縣,文教康樂,64356,99759812,1550.12
2024年7月,澎湖縣,百貨,127508,131476445,1031.12
2024年7月,澎湖縣,其他,57410,162448940,2829.63
2024年7月,金門縣,食,115422,56893628,492.92
2024年7月,金門縣,衣,7481,21225242,2837.22
2024年7月,金門縣,住,12315,45179013,3668.62
2024年7月,金門縣,行,55149,81834499,1483.88
2024年7月,金門縣,文教康樂,51216,82436090,1609.58
2024年7月,金門縣,百貨,131270,128384932,978.02
2024年7月,金門縣,其他,49518,131905645,2663.79
2024年7月,連江縣,食,29107,12935382,444.41
2024年7月,連江縣,衣,1537,3503468,2279.42
2024年7月,連江縣,住,2514,6473452,2574.96
2024年7月,連江縣,行,13176,14890612,1130.13
2024年7月,連江縣,文教康樂,10735,16416821,1529.28
2024年7月,連江縣,百貨,18747,19391443,1034.38
2024年7月,連江縣,其他,8410,23798226,2829.75
2024年8月,臺北市,食,15404353,9083949170,589.7
2024年8月,臺北市,衣,727193,2768302149,3806.83
2024年8月,臺北市,住,1015488,4615973582,4545.57
2024年8月,臺北市,行,5908352,6048930442,1023.79
2024年8月,臺北市,文教康樂,4680768,13434941925,2870.24
2024年8月,臺北市,百貨,10404297,13976435487,1343.33
2024年8月,臺北市,其他,4656446,21269696835,4567.8
2024年8月,新北市,食,17910131,8838525960,493.49
2024年8月,新北市,衣,948261,2420444475,2552.51
2024年8月,新北市,住,1347178,4362648691,3238.36
2024年8月,新北市,行,7322279,6832944325,933.17
2024年8月,新北市,文教康樂,5974081,13691977876,2291.9
2024年8月,新北市,百貨,13798646,16008862784,1160.18
2024年8月,新北市,其他,6394279,17491638661,2735.51
2024年8月,桃園市,食,8194156,3916462150,477.96
2024年8月,桃園市,衣,430300,1097898217,2551.47
2024年8月,桃園市,住,659735,2092135242,3171.18
2024年8月,桃園市,行,3709923,3921127977,1056.93
2024年8月,桃園市,文教康樂,2775422,6131141906,2209.08
2024年8月,桃園市,百貨,6102641,7877739522,1290.87
2024年8月,桃園市,其他,3053135,8239388420,2698.66
2024年8月,新竹縣,食,2406541,1222587184,508.03
2024年8月,新竹縣,衣,117449,349625477,2976.83
2024年8月,新竹縣,住,186070,720471124,3872.04
2024年8月,新竹縣,行,1021035,1137279257,1113.85
2024年8月,新竹縣,文教康樂,777598,2029648133,2610.15
2024年8月,新竹縣,百貨,1711432,2337212470,1365.65
2024年8月,新竹縣,其他,885807,2306869769,2604.26
2024年8月,新竹市,食,2246365,1135368871,505.42
2024年8月,新竹市,衣,104831,305365012,2912.93
2024年8月,新竹市,住,173692,694399003,3997.88
2024年8月,新竹市,行,872311,962045256,1102.87
2024年8月,新竹市,文教康樂,725984,1934529872,2664.7
2024年8月,新竹市,百貨,1629192,2135058212,1310.5
2024年8月,新竹市,其他,792001,2152516209,2717.82
2024年8月,苗栗縣,食,1169113,551047313,471.34
2024年8月,苗栗縣,衣,71424,172128578,2409.95
2024年8月,苗栗縣,住,105814,322431712,3047.16
2024年8月,苗栗縣,行,665858,677003584,1016.74
2024年8月,苗栗縣,文教康樂,441087,904788817,2051.27
2024年8月,苗栗縣,百貨,922020,1124792000,1219.92
2024年8月,苗栗縣,其他,527476,1287690093,2441.23
2024年8月,臺中市,食,10385217,5463057995,526.04
2024年8月,臺中市,衣,587074,1563143047,2662.6
2024年8月,臺中市,住,861028,2741178913,3183.61
2024年8月,臺中市,行,4791979,5078643764,1059.82
2024年8月,臺中市,文教康樂,3410647,8686927840,2547.0
2024年8月,臺中市,百貨,7828470,9922566382,1267.5
2024年8月,臺中市,其他,3763586,11135575185,2958.77
2024年8月,彰化縣,食,2310334,1144235806,495.27
2024年8月,彰化縣,衣,163123,383185896,2349.06
2024年8月,彰化縣,住,225792,680154027,3012.3
2024年8月,彰化縣,行,1348265,1450626209,1075.92
2024年8月,彰化縣,文教康樂,849746,1960499884,2307.16
2024年8月,彰化縣,百貨,1911265,2288489133,1197.37
2024年8月,彰化縣,其他,1029964,2878681142,2794.93
2024年8月,南投縣,食,746735,364186674,487.71
2024年8月,南投縣,衣,52138,115101267,2207.63
2024年8月,南投縣,住,74961,227347853,3032.88
2024年8月,南投縣,行,464063,495133287,1066.95
2024年8月,南投縣,文教康樂,301918,676077928,2239.28
2024年8月,南投縣,百貨,637552,760323286,1192.57
2024年8月,南投縣,其他,347894,950001306,2730.72
2024年8月,雲林縣,食,926711,445865102,481.13
2024年8月,雲林縣,衣,70575,160798907,2278.41
2024年8月,雲林縣,住,100184,279983444,2794.69
2024年8月,雲林縣,行,642747,685315223,1066.23
2024年8月,雲林縣,文教康樂,381565,781936850,2049.29
2024年8月,雲林縣,百貨,800866,968493149,1209.31
2024年8月,雲林縣,其他,429242,1209115961,2816.86
2024年8月,嘉義縣,食,655714,315133570,480.6
2024年8月,嘉義縣,衣,47860,107633852,2248.93
2024年8月,嘉義縣,住,70241,195087447,2777.4
2024年8月,嘉義縣,行,470799,480663461,1020.95
2024年8月,嘉義縣,文教康樂,277793,511848896,1842.56
2024年8月,嘉義縣,百貨,598902,746080778,1245.75
2024年8月,嘉義縣,其他,312017,851870241,2730.2
2024年8月,嘉義市,食,659048,330635214,501.69
2024年8月,嘉義市,衣,43446,113751132,2618.22
2024年8月,嘉義市,住,67788,216578127,3194.93
2024年8月,嘉義市,行,359351,369801922,1029.08
2024年8月,嘉義市,文教康樂,242389,557707666,2300.88
2024年8月,嘉義市,百貨,576784,753831002,1306.96
2024年8月,嘉義市,其他,282922,820514589,2900.14
2024年8月,臺南市,食,4834873,2364192045,488.99
2024年8月,臺南市,衣,293753,709513630,2415.34
2024年8月,臺南市,住,505788,1474519968,2915.29
2024年8月,臺南市,行,2603803,2624398154,1007.91
2024年8月,臺南市,文教康樂,1760817,3802970949,2159.78
2024年8月,臺南市,百貨,4148295,5247538787,1264.99
2024年8月,臺南市,其他,2096478,5903855206,2816.08
2024年8月,高雄市,食,7639258,4102930277,537.08
2024年8月,高雄市,衣,426370,1050494972,2463.81
2024年8月,高雄市,住,755527,2336776990,3092.91
2024年8月,高雄市,行,3906144,4002486190,1024.66
2024年8月,高雄市,文教康樂,2780071,5968093009,2146.74
2024年8月,高雄市,百貨,6610950,8409715061,1272.09
2024年8月,高雄市,其他,3097130,9196556016,2969.38
2024年8月,屏東縣,食,1130448,568485960,502.89
2024年8月,屏東縣,衣,77192,173760373,2251.02
2024年8月,屏東縣,住,130592,368106634,2818.75
2024年8月,屏東縣,行,776995,782472457,1007.05
2024年8月,屏東縣,文教康樂,492717,902715813,1832.12
2024年8月,屏東縣,百貨,1052059,1291356848,1227.46
2024年8月,屏東縣,其他,583028,1770557314,3036.83
2024年8月,基隆市,食,1051711,504093079,479.31
2024年8月,基隆市,衣,65954,155260498,2354.07
2024年8月,基隆市,住,84496,285476363,3378.58
2024年8月,基隆市,行,523864,478311644,913.05
2024年8月,基隆市,文教康樂,392310,756866556,1929.26
2024年8月,基隆市,百貨,874550,945971398,1081.67
2024年8月,基隆市,其他,463537,1140358045,2460.12
2024年8月,宜蘭縣,食,871883,394343460,452.29
2024年8月,宜蘭縣,衣,58444,138340858,2367.07
2024年8月,宜蘭縣,住,91597,270903590,2957.56
2024年8月,宜蘭縣,行,481236,489134324,1016.41
2024年8月,宜蘭縣,文教康樂,349907,718821223,2054.32
2024年8月,宜蘭縣,百貨,803342,912226223,1135.54
2024年8月,宜蘭縣,其他,387630,1079995413,2786.15
2024年8月,花蓮縣,食,578738,329734132,569.75
2024年8月,花蓮縣,衣,35648,81276806,2279.98
2024年8月,花蓮縣,住,62863,199372206,3171.54
2024年8月,花蓮縣,行,329347,313607003,952.21
2024年8月,花蓮縣,文教康樂,237329,421164374,1774.6
2024年8月,花蓮縣,百貨,496910,584806623,1176.89
2024年8月,花蓮縣,其他,245689,660977078,2690.3
2024年8月,臺東縣,食,310533,148237503,477.36
2024年8月,臺東縣,衣,21105,45677073,2164.28
2024年8月,臺東縣,住,32320,104532212,3234.29
2024年8月,臺東縣,行,191365,180659434,944.06
2024年8月,臺東縣,文教康樂,122295,210476025,1721.05
2024年8月,臺東縣,百貨,254245,288377097,1134.25
2024年8月,臺東縣,其他,121308,357914427,2950.46
2024年8月,澎湖縣,食,147606,64236151,435.19
2024年8月,澎湖縣,衣,9804,23261751,2372.68
2024年8月,澎湖縣,住,16639,50463696,3032.86
2024年8月,澎湖縣,行,82794,98560688,1190.43
2024年8月,澎湖縣,文教康樂,66807,114679021,1716.57
2024年8月,澎湖縣,百貨,134395,143158450,1065.21
2024年8月,澎湖縣,其他,56864,154264267,2712.86
2024年8月,金門縣,食,116709,64913235,556.2
2024年8月,金門縣,衣,7205,20154606,2797.31
2024年8月,金門縣,住,12471,40318010,3232.94
2024年8月,金門縣,行,55913,74289866,1328.67
2024年8月,金門縣,文教康樂,52000,84243852,1620.07
2024年8月,金門縣,百貨,132849,138584263,1043.17
2024年8月,金門縣,其他,46187,120123029,2600.8
2024年8月,連江縣,食,38384,17964826,468.03
2024年8月,連江縣,衣,1603,3961146,2471.08
2024年8月,連江縣,住,2754,6739657,2447.22
2024年8月,連江縣,行,15933,16063632,1008.2
2024年8月,連江縣,文教康樂,11523,18319415,1589.81
2024年8月,連江縣,百貨,21556,23336106,1082.58
2024年8月,連江縣,其他,8295,22539815,2717.28
2024年9月,臺北市,食,14750452,8506828706,576.72
2024年9月,臺北市,衣,681176,2805421087,4118.5
2024年9月,臺北市,住,964259,4423916287,4587.89
2024年9月,臺北市,行,5700246,5922972911,1039.07
2024年9月,臺北市,文教康樂,4515632,13779128937,3051.43
2024年9月,臺北市,百貨,10083712,14597283305,1447.61
2024年9月,臺北市,其他,4420093,16847566737,3811.59
2024年9月,新北市,食,17272670,8252724260,477.79
2024年9月,新北市,衣,907056,2453297771,2704.68
2024年9月,新北市,住,1297832,4090622712,3151.89
2024年9月,新北市,行,7136164,6702109042,939.18
2024年9月,新北市,文教康樂,5859046,14550709022,2483.46
2024年9月,新北市,百貨,13369807,16120379550,1205.73
2024年9月,新北市,其他,6170885,21257028955,3444.73
2024年9月,桃園市,食,7946491,3669985315,461.84
2024年9月,桃園市,衣,408416,1092045390,2673.86
2024年9月,桃園市,住,626791,1902824661,3035.82
2024年9月,桃園市,行,3631250,3813595307,1050.22
2024年9月,桃園市,文教康樂,2666109,6322032146,2371.26
2024年9月,桃園市,百貨,5935474,7947833790,1339.04
2024年9月,桃園市,其他,2921141,8868819638,3036.08
2024年9月,新竹縣,食,2312576,1132954870,489.91
2024年9月,新竹縣,衣,114532,334977594,2924.75
2024年9月,新竹縣,住,176960,633482650,3579.81
2024年9月,新竹縣,行,1005591,1147610600,1141.23
2024年9月,新竹縣,文教康樂,756274,2017211036,2667.3
2024年9月,新竹縣,百貨,1672533,2232892747,1335.04
2024年9月,新竹縣,其他,843979,2958317555,3505.2
2024年9月,新竹市,食,2163759,1061301411,490.49
2024年9月,新竹市,衣,99098,301860196,3046.08
2024年9月,新竹市,住,163764,597026055,3645.65
2024年9月,新竹市,行,853293,959923870,1124.96
2024年9月,新竹市,文教康樂,698717,1943100710,2780.96
2024年9月,新竹市,百貨,1593536,2155079484,1352.39
2024年9月,新竹市,其他,757846,2241148261,2957.26
2024年9月,苗栗縣,食,1149966,517997834,450.45
2024年9月,苗栗縣,衣,69314,168342797,2428.7
2024年9月,苗栗縣,住,100109,304463954,3041.32
2024年9月,苗栗縣,行,649757,654943472,1007.98
2024年9月,苗栗縣,文教康樂,426111,951696409,2233.45
2024年9月,苗栗縣,百貨,888676,1092592108,1229.46
2024年9月,苗栗縣,其他,502856,1336857521,2658.53
2024年9月,臺中市,食,10137131,5241025127,517.01
2024年9月,臺中市,衣,559492,1526120323,2727.69
2024年9月,臺中市,住,816501,2568039006,3145.18
2024年9月,臺中市,行,4765565,5022032332,1053.82
2024年9月,臺中市,文教康樂,3279598,8565040510,2611.61
2024年9月,臺中市,百貨,7608993,11463518580,1506.57
2024年9月,臺中市,其他,3585866,11528778541,3215.06
2024年9月,彰化縣,食,2277884,1082094016,475.04
2024年9月,彰化縣,衣,158497,355071548,2240.24
2024年9月,彰化縣,住,210531,597469813,2837.92
2024年9月,彰化縣,行,1327781,1427386495,1075.02
2024年9月,彰化縣,文教康樂,824245,1925346783,2335.89
2024年9月,彰化縣,百貨,1852211,2482643617,1340.37
2024年9月,彰化縣,其他,976153,3236689619,3315.76
2024年9月,南投縣,食,743321,351754409,473.22
2024年9月,南投縣,衣,49465,118446404,2394.55
2024年9月,南投縣,住,70281,192681452,2741.59
2024年9月,南投縣,行,458467,500404610,1091.47
2024年9月,南投縣,文教康樂,289497,627894564,2168.92
2024年9月,南投縣,百貨,617992,802363660,1298.34
2024年9月,南投縣,其他,328148,992789950,3025.43
2024年9月,雲林縣,食,917153,420890952,458.91
2024年9月,雲林縣,衣,69448,164318136,2366.06
2024年9月,雲林縣,住,93042,260237675,2796.99
2024年9月,雲林縣,行,626744,669000124,1067.42
2024年9月,雲林縣,文教康樂,365147,781295354,2139.67
2024年9月,雲林縣,百貨,774246,992935199,1282.45
2024年9月,雲林縣,其他,405704,1252475995,3087.17
2024年9月,嘉義縣,食,650143,296057306,455.37
2024年9月,嘉義縣,衣,47840,104907551,2192.88
2024年9月,嘉義縣,住,65869,168882713,2563.92
2024年9月,嘉義縣,行,458717,456991654,996.24
2024年9月,嘉義縣,文教康樂,267949,520105337,1941.06
2024年9月,嘉義縣,百貨,583232,753140569,1291.32
2024年9月,嘉義縣,其他,298089,899975851,3019.15
2024年9月,嘉義市,食,650376,306449837,471.19
2024年9月,嘉義市,衣,41415,110065011,2657.61
2024年9月,嘉義市,住,61678,172024400,2789.07
2024年9月,嘉義市,行,345501,366915050,1061.98
2024年9月,嘉義市,文教康樂,231156,558027062,2414.07
2024年9月,嘉義市,百貨,561412,780111910,1389.55
2024年9月,嘉義市,其他,260100,892766820,3432.4
2024年9月,臺南市,食,4776472,2234296706,467.77
2024年9月,臺南市,衣,294358,697137798,2368.33
2024年9月,臺南市,住,476696,1372571955,2879.34
2024年9月,臺南市,行,2549029,2620207702,1027.92
2024年9月,臺南市,文教康樂,1685202,3836505878,2276.59
2024年9月,臺南市,百貨,4040615,5079828654,1257.19
2024年9月,臺南市,其他,2014085,6480471801,3217.58
2024年9月,高雄市,食,7539517,3932226328,521.55
2024年9月,高雄市,衣,429446,1074598267,2502.29
2024年9月,高雄市,住,717342,2155708956,3005.13
2024年9月,高雄市,行,3838328,3859522492,1005.52
2024年9月,高雄市,文教康樂,2763419,6767492989,2448.96
2024年9月,高雄市,百貨,6442789,8430850507,1308.57
2024年9月,高雄市,其他,2999034,9626443916,3209.85
2024年9月,屏東縣,食,1120751,532701932,475.31
2024年9月,屏東縣,衣,76916,167329034,2175.48
2024年9月,屏東縣,住,121891,326263093,2676.68
2024年9月,屏東縣,行,759314,756633213,996.47
2024年9月,屏東縣,文教康樂,479188,960602922,2004.65
2024年9月,屏東縣,百貨,1019319,1241417092,1217.89
2024年9月,屏東縣,其他,552830,1804434652,3264.0
2024年9月,基隆市,食,1011870,475121263,469.55
2024年9月,基隆市,衣,61913,144379421,2331.97
2024年9月,基隆市,住,81073,253553409,3127.47
2024年9月,基隆市,行,512506,471837721,920.65
2024年9月,基隆市,文教康樂,385816,822834050,2132.71
2024年9月,基隆市,百貨,856434,953050884,1112.81
2024年9月,基隆市,其他,445494,1599716913,3590.88
2024年9月,宜蘭縣,食,861201,384188377,446.11
2024年9月,宜蘭縣,衣,55285,139030095,2514.79
2024年9月,宜蘭縣,住,86919,243012094,2795.85
2024年9月,宜蘭縣,行,470065,471919121,1003.94
2024年9月,宜蘭縣,文教康樂,336613,733933029,2180.35
2024年9月,宜蘭縣,百貨,765412,903326191,1180.18
2024年9月,宜蘭縣,其他,363087,1098019691,3024.12
2024年9月,花蓮縣,食,571167,306418518,536.48
2024年9月,花蓮縣,衣,32679,73753027,2256.89
2024年9月,花蓮縣,住,56548,176944031,3129.09
2024年9月,花蓮縣,行,318062,296517157,932.26
2024年9月,花蓮縣,文教康樂,225564,429844641,1905.64
2024年9月,花蓮縣,百貨,485124,544131049,1121.63
2024年9月,花蓮縣,其他,230236,700113187,3040.85
2024年9月,臺東縣,食,304943,135570722,444.58
2024年9月,臺東縣,衣,19221,41678991,2168.41
2024年9月,臺東縣,住,30384,91644527,3016.21
2024年9月,臺東縣,行,182733,170223046,931.54
2024年9月,臺東縣,文教康樂,119458,232248714,1944.19
2024年9月,臺東縣,百貨,247870,277739019,1120.5
2024年9月,臺東縣,其他,115466,366184370,3171.36
2024年9月,澎湖縣,食,157670,65113779,412.98
2024年9月,澎湖縣,衣,9352,21764392,2327.24
2024年9月,澎湖縣,住,15437,47673638,3088.27
2024年9月,澎湖縣,行,80866,90708375,1121.71
2024年9月,澎湖縣,文教康樂,63874,111550617,1746.42
2024年9月,澎湖縣,百貨,130718,136130348,1041.4
2024年9月,澎湖縣,其他,51192,148179460,2894.58
2024年9月,金門縣,食,112137,53482906,476.94
2024年9月,金門縣,衣,6693,17379303,2596.64
2024年9月,金門縣,住,11802,39513630,3348.05
2024年9月,金門縣,行,51130,66015777,1291.14
2024年9月,金門縣,文教康樂,48362,77593516,1604.43
2024年9月,金門縣,百貨,124735,128202830,1027.8
2024年9月,金門縣,其他,42223,125653896,2975.96
2024年9月,連江縣,食,40702,19325879,474.81
2024年9月,連江縣,衣,1477,2920124,1977.06
2024年9月,連江縣,住,2683,6520401,2430.27
2024年9月,連江縣,行,16087,15168150,942.88
2024年9月,連江縣,文教康樂,10739,18406625,1714.0
2024年9月,連江縣,百貨,21055,21480813,1020.22
2024年9月,連江縣,其他,8040,21821333,2714.1
2024年10月,臺北市,食,14658847,8147076281,555.78
2024年10月,臺北市,衣,719671,3081553523,4281.89
2024年10月,臺北市,住,980809,4513130033,4601.44
2024年10月,臺北市,行,5513131,6060447856,1099.28
2024年10月,臺北市,文教康樂,4540586,12744271789,2806.75
2024年10月,臺北市,百貨,10343850,16351177459,1580.76
2024年10月,臺北市,其他,4475010,15255913331,3409.14
2024年10月,新北市,食,17209047,7975135945,463.43
2024年10月,新北市,衣,967381,2733641088,2825.82
2024年10月,新北市,住,1310554,4091330254,3121.83
2024年10月,新北市,行,6929182,6755702242,974.96
2024年10月,新北市,文教康樂,5917243,13121338936,2217.48
2024年10月,新北市,百貨,13703393,18424566987,1344.53
2024年10月,新北市,其他,6181081,17519559621,2834.38
2024年10月,桃園市,食,7949522,3559783388,447.8
2024年10月,桃園市,衣,443033,1206581285,2723.46
2024年10月,桃園市,住,634289,1973161350,3110.82
2024年10月,桃園市,行,3519755,3879544273,1102.22
2024年10月,桃園市,文教康樂,2740564,5853304429,2135.8
2024年10月,桃園市,百貨,6066137,8786267925,1448.41
2024年10月,桃園市,其他,2960086,8480974539,2865.11
2024年10月,新竹縣,食,2326846,1096830607,471.38
2024年10月,新竹縣,衣,122511,386260191,3152.86
2024年10月,新竹縣,住,177356,612154900,3451.56
2024年10月,新竹縣,行,971836,1248818403,1285.01
2024年10月,新竹縣,文教康樂,761584,1829836462,2402.67
2024年10月,新竹縣,百貨,1695167,2316459899,1366.51
2024年10月,新竹縣,其他,851592,2350042985,2759.59
2024年10月,新竹市,食,2173612,1010355623,464.83
2024年10月,新竹市,衣,106733,349549543,3274.99
2024年10月,新竹市,住,164977,573702045,3477.47
2024年10月,新竹市,行,825444,961529864,1164.86
2024年10月,新竹市,文教康樂,700309,1758540295,2511.09
2024年10月,新竹市,百貨,1605754,2340099005,1457.32
2024年10月,新竹市,其他,764120,2184600039,2858.98
2024年10月,苗栗縣,食,1162916,496992760,427.37
2024年10月,苗栗縣,衣,75214,191571471,2547.02
2024年10月,苗栗縣,住,101261,292929913,2892.82
2024年10月,苗栗縣,行,635911,670913149,1055.04
2024年10月,苗栗縣,文教康樂,439900,837951517,1904.87
2024年10月,苗栗縣,百貨,914827,1173414389,1282.66
2024年10月,苗栗縣,其他,502675,1274804246,2536.04
2024年10月,臺中市,食,10258731,4994944307,486.9
2024年10月,臺中市,衣,603014,1764045081,2925.38
2024年10月,臺中市,住,835643,2700061129,3231.12
2024年10月,臺中市,行,4654690,4954400571,1064.39
2024年10月,臺中市,文教康樂,3360083,7940392275,2363.15
2024年10月,臺中市,百貨,7924433,11187747651,1411.8
2024年10月,臺中市,其他,3654888,11435161287,3128.73
2024年10月,彰化縣,食,2308796,1036038407,448.74
2024年10月,彰化縣,衣,172218,404629991,2349.52
2024年10月,彰化縣,住,213967,574114544,2683.19
2024年10月,彰化縣,行,1303895,1425066088,1092.93
2024年10月,彰化縣,文教康樂,847255,1749482025,2064.88
2024年10月,彰化縣,百貨,1927026,2447620276,1270.15
2024年10月,彰化縣,其他,982825,2938358654,2989.71
2024年10月,南投縣,食,753538,331122893,439.42
2024年10月,南投縣,衣,53029,120316077,2268.87
2024年10月,南投縣,住,70787,197036531,2783.51
2024年10月,南投縣,行,451999,498170596,1102.15
2024年10月,南投縣,文教康樂,299019,595628461,1991.94
2024年10月,南投縣,百貨,639200,783577368,1225.87
2024年10月,南投縣,其他,329682,941449865,2855.63
2024年10月,雲林縣,食,937296,401046373,427.88
2024年10月,雲林縣,衣,74538,178357387,2392.84
2024年10月,雲林縣,住,92016,245806694,2671.35
2024年10月,雲林縣,行,615407,650941710,1057.74
2024年10月,雲林縣,文教康樂,376769,708035047,1879.23
2024年10月,雲林縣,百貨,797048,1016557620,1275.4
2024年10月,雲林縣,其他,405378,1265006792,3120.56
2024年10月,嘉義縣,食,667187,287350733,430.69
2024年10月,嘉義縣,衣,51304,119633748,2331.86
2024年10月,嘉義縣,住,65436,163880397,2504.44
2024年10月,嘉義縣,行,449763,467523928,1039.49
2024年10月,嘉義縣,文教康樂,274871,480813214,1749.23
2024年10月,嘉義縣,百貨,607831,791085298,1301.49
2024年10月,嘉義縣,其他,295787,874736003,2957.32
2024年10月,嘉義市,食,660302,295331049,447.27
2024年10月,嘉義市,衣,45160,123018548,2724.06
2024年10月,嘉義市,住,62928,185531805,2948.32
2024年10月,嘉義市,行,338869,347935904,1026.76
2024年10月,嘉義市,文教康樂,233585,496868645,2127.14
2024年10月,嘉義市,百貨,586698,839733548,1431.29
2024年10月,嘉義市,其他,261529,832484184,3183.14
2024年10月,臺南市,食,4784828,2124015681,443.91
2024年10月,臺南市,衣,313006,807726519,2580.55
2024年10月,臺南市,住,477669,1367344712,2862.54
2024年10月,臺南市,行,2477606,2594043186,1047.0
2024年10月,臺南市,文教康樂,1728577,3564235886,2061.95
2024年10月,臺南市,百貨,4171105,5512184161,1321.52
2024年10月,臺南市,其他,2013451,5931625395,2946.0
2024年10月,高雄市,食,7448314,3661352163,491.57
2024年10月,高雄市,衣,450921,1156840509,2565.51
2024年10月,高雄市,住,734000,2164826838,2949.36
2024年10月,高雄市,行,3685213,3828417557,1038.86
2024年10月,高雄市,文教康樂,2759077,5565969901,2017.33
2024年10月,高雄市,百貨,6713738,9330365091,1389.74
2024年10月,高雄市,其他,2960882,9211900205,3111.2
2024年10月,屏東縣,食,1117868,504151187,450.99
2024年10月,屏東縣,衣,81715,182358078,2231.64
2024年10月,屏東縣,住,124895,319462113,2557.85
2024年10月,屏東縣,行,722341,748882784,1036.74
2024年10月,屏東縣,文教康樂,484463,839179395,1732.18
2024年10月,屏東縣,百貨,1058259,1483815717,1402.13
2024年10月,屏東縣,其他,549353,1721475017,3133.64
2024年10月,基隆市,食,1001373,452638599,452.02
2024年10月,基隆市,衣,65892,162070170,2459.63
2024年10月,基隆市,住,82553,254887565,3087.56
2024年10月,基隆市,行,497689,479961318,964.38
2024年10月,基隆市,文教康樂,391994,734424105,1873.56
2024年10月,基隆市,百貨,870292,1067651758,1226.77
2024年10月,基隆市,其他,447323,1140054741,2548.62
2024年10月,宜蘭縣,食,861317,370542248,430.2
2024年10月,宜蘭縣,衣,60886,154878057,2543.74
2024年10月,宜蘭縣,住,88381,252221235,2853.79
2024年10月,宜蘭縣,行,455644,485080730,1064.6
2024年10月,宜蘭縣,文教康樂,345433,669566448,1938.34
2024年10月,宜蘭縣,百貨,783749,966578635,1233.28
2024年10月,宜蘭縣,其他,364773,1060791754,2908.09
2024年10月,花蓮縣,食,546918,284464026,520.12
2024年10月,花蓮縣,衣,32928,77388916,2350.25
2024年10月,花蓮縣,住,55069,172536657,3133.1
2024年10月,花蓮縣,行,301057,285145864,947.15
2024年10月,花蓮縣,文教康樂,231650,384025345,1657.78
2024年10月,花蓮縣,百貨,480148,660408286,1375.43
2024年10月,花蓮縣,其他,228598,682131154,2983.98
2024年10月,臺東縣,食,307049,133433100,434.57
2024年10月,臺東縣,衣,20308,46074826,2268.8
2024年10月,臺東縣,住,29532,86366602,2924.51
2024年10月,臺東縣,行,175446,163879556,934.07
2024年10月,臺東縣,文教康樂,120771,220653946,1827.04
2024年10月,臺東縣,百貨,252773,284080430,1123.86
2024年10月,臺東縣,其他,114443,348016944,3040.96
2024年10月,澎湖縣,食,171279,67968077,396.83
2024年10月,澎湖縣,衣,10484,27172966,2591.85
2024年10月,澎湖縣,住,15959,47711332,2989.62
2024年10月,澎湖縣,行,84218,97805448,1161.34
2024年10月,澎湖縣,文教康樂,67571,108671422,1608.26
2024年10月,澎湖縣,百貨,137825,149564534,1085.18
2024年10月,澎湖縣,其他,53120,154107055,2901.11
2024年10月,金門縣,食,114972,75745307,658.82
2024年10月,金門縣,衣,6990,17532058,2508.16
2024年10月,金門縣,住,11231,40774224,3630.51
2024年10月,金門縣,行,50409,67446609,1337.99
2024年10月,金門縣,文教康樂,48685,71167751,1461.8
2024年10月,金門縣,百貨,126652,136625632,1078.75
2024年10月,金門縣,其他,42963,117777770,2741.38
2024年10月,連江縣,食,37868,14536737,383.88
2024年10月,連江縣,衣,1490,3188429,2139.89
2024年10月,連江縣,住,2433,6547298,2691.04
2024年10月,連江縣,行,15255,14638559,959.59
2024年10月,連江縣,文教康樂,10639,16272859,1529.55
2024年10月,連江縣,百貨,20169,21980641,1089.82
2024年10月,連江縣,其他,7879,20547768,2607.92
2024年11月,臺北市,食,15131704,8691524102,574.39
2024年11月,臺北市,衣,806637,3176361652,3937.78
2024年11月,臺北市,住,1056492,5050676046,4780.61
2024年11月,臺北市,行,5658449,6096769655,1077.46
2024年11月,臺北市,文教康樂,4526613,12323397364,2722.43
2024年11月,臺北市,百貨,10607658,17889219938,1686.44
2024年11月,臺北市,其他,4639434,17594724626,3792.43
2024年11月,新北市,食,17741464,8486712265,478.35
2024年11月,新北市,衣,1083492,3083813028,2846.18
2024年11月,新北市,住,1409362,4744587996,3366.48
2024年11月,新北市,行,7123308,6871380621,964.63
2024年11月,新北市,文教康樂,5898253,12241175900,2075.39
2024年11月,新北市,百貨,14094691,19998577316,1418.87
2024年11月,新北市,其他,6422548,19554580228,3044.68
2024年11月,桃園市,食,8147752,3753077138,460.63
2024年11月,桃園市,衣,505621,1416387569,2801.28
2024年11月,桃園市,住,679775,2161289715,3179.42
2024年11月,桃園市,行,3609010,3987667676,1104.92
2024年11月,桃園市,文教康樂,2747801,5468694883,1990.21
2024年11月,桃園市,百貨,6322048,9877189104,1562.34
2024年11月,桃園市,其他,3020051,9013044808,2984.4
2024年11月,新竹縣,食,2379187,1158322286,486.86
2024年11月,新竹縣,衣,135451,414424240,3059.59
2024年11月,新竹縣,住,187900,704646923,3750.12
2024年11月,新竹縣,行,1007236,1228035107,1219.21
2024年11月,新竹縣,文教康樂,767559,1673414680,2180.18
2024年11月,新竹縣,百貨,1777762,3090089946,1738.19
2024年11月,新竹縣,其他,873309,2451502643,2807.14
2024年11月,新竹市,食,2206030,1055102416,478.28
2024年11月,新竹市,衣,118171,364180596,3081.81
2024年11月,新竹市,住,173669,642733898,3700.91
2024年11月,新竹市,行,849980,1001575197,1178.35
2024年11月,新竹市,文教康樂,705234,1607253424,2279.04
2024年11月,新竹市,百貨,1666671,2944788233,1766.87
2024年11月,新竹市,其他,777920,2247479489,2889.09
2024年11月,苗栗縣,食,1186294,528085722,445.16
2024年11月,苗栗縣,衣,83143,214430790,2579.06
2024年11月,苗栗縣,住,106763,336723205,3153.93
2024年11月,苗栗縣,行,650969,693944344,1066.02
2024年11月,苗栗縣,文教康樂,438105,781880493,1784.69
2024年11月,苗栗縣,百貨,940752,1347602253,1432.47
2024年11月,苗栗縣,其他,515567,1404613712,2724.41
2024年11月,臺中市,食,10441106,5214265650,499.4
2024年11月,臺中市,衣,673721,2025478982,3006.41
2024年11月,臺中市,住,885588,2902641483,3277.64
2024年11月,臺中市,行,4766972,5180248641,1086.7
2024年11月,臺中市,文教康樂,3378200,7359391685,2178.49
2024年11月,臺中市,百貨,7929817,11024949373,1390.32
2024年11月,臺中市,其他,3730298,12015486868,3221.05
2024年11月,彰化縣,食,2363113,1090913730,461.64
2024年11月,彰化縣,衣,194878,499129132,2561.24
2024年11月,彰化縣,住,228900,648960262,2835.13
2024年11月,彰化縣,行,1339121,1474424185,1101.04
2024年11月,彰化縣,文教康樂,853129,1629200511,1909.68
2024年11月,彰化縣,百貨,1947845,2568560423,1318.67
2024年11月,彰化縣,其他,1012468,3189701239,3150.42
2024年11月,南投縣,食,772576,344639531,446.09
2024年11月,南投縣,衣,62110,151783768,2443.79
2024年11月,南投縣,住,76185,217429608,2853.97
2024年11月,南投縣,行,463926,501828681,1081.7
2024年11月,南投縣,文教康樂,301650,528975916,1753.61
2024年11月,南投縣,百貨,648467,827223595,1275.66
2024年11月,南投縣,其他,341769,1025209825,2999.72
2024年11月,雲林縣,食,966425,436301941,451.46
2024年11月,雲林縣,衣,82895,210148168,2535.11
2024年11月,雲林縣,住,100660,282279824,2804.29
2024年11月,雲林縣,行,630191,693645940,1100.69
2024年11月,雲林縣,文教康樂,379849,631573796,1662.7
2024年11月,雲林縣,百貨,818021,1102639335,1347.94
2024年11月,雲林縣,其他,419543,1369380650,3263.98
2024年11月,嘉義縣,食,680229,295963397,435.09
2024年11月,嘉義縣,衣,56100,129705745,2312.05
2024年11月,嘉義縣,住,70772,182630099,2580.54
2024年11月,嘉義縣,行,462588,480985837,1039.77
2024年11月,嘉義縣,文教康樂,275876,448533434,1625.85
2024年11月,嘉義縣,百貨,615305,855387608,1390.18
2024年11月,嘉義縣,其他,307898,945553966,3071.0
2024年11月,嘉義市,食,672326,315810623,469.73
2024年11月,嘉義市,衣,49001,133310946,2720.58
2024年11月,嘉義市,住,66371,204393761,3079.56
2024年11月,嘉義市,行,350970,371521676,1058.56
2024年11月,嘉義市,文教康樂,235926,481736448,2041.9
2024年11月,嘉義市,百貨,593414,884497615,1490.52
2024年11月,嘉義市,其他,273079,907490539,3323.18
2024年11月,臺南市,食,4913163,2255821905,459.14
2024年11月,臺南市,衣,351461,900775998,2562.95
2024年11月,臺南市,住,508193,1540346672,3031.03
2024年11月,臺南市,行,2582097,2798210322,1083.7
2024年11月,臺南市,文教康樂,1741670,3345117347,1920.64
2024年11月,臺南市,百貨,4330548,7258336542,1676.08
2024年11月,臺南市,其他,2093985,6400933640,3056.82
2024年11月,高雄市,食,7731428,3940638409,509.69
2024年11月,高雄市,衣,498016,1309586516,2629.61
2024年11月,高雄市,住,770455,2371011054,3077.42
2024年11月,高雄市,行,3911013,4186775774,1070.51
2024年11月,高雄市,文教康樂,2794165,5539629365,1982.57
2024年11月,高雄市,百貨,6805127,10156180819,1492.43
2024年11月,高雄市,其他,3150957,10491134031,3329.51
2024年11月,屏東縣,食,1163875,546679625,469.71
2024年11月,屏東縣,衣,91540,210550991,2300.1
2024年11月,屏東縣,住,132230,361220076,2731.76
2024年11月,屏東縣,行,767736,793734530,1033.86
2024年11月,屏東縣,文教康樂,491685,831339538,1690.8
2024年11月,屏東縣,百貨,1077040,1477053160,1371.4
2024年11月,屏東縣,其他,575382,1877274517,3262.66
2024年11月,基隆市,食,1050059,490816036,467.42
2024年11月,基隆市,衣,73910,192155270,2599.85
2024年11月,基隆市,住,90907,327370686,3601.16
2024年11月,基隆市,行,519714,489632495,942.12
2024年11月,基隆市,文教康樂,394033,693905018,1761.03
2024年11月,基隆市,百貨,902032,1181602077,1309.93
2024年11月,基隆市,其他,457760,1227542425,2681.63
2024年11月,宜蘭縣,食,895851,401555940,448.24
2024年11月,宜蘭縣,衣,68052,167912035,2467.41
2024年11月,宜蘭縣,住,98560,300208312,3045.94
2024年11月,宜蘭縣,行,473407,496376747,1048.52
2024年11月,宜蘭縣,文教康樂,345575,627067857,1814.56
2024年11月,宜蘭縣,百貨,812424,1086149154,1336.92
2024年11月,宜蘭縣,其他,378852,1163664376,3071.55
2024年11月,花蓮縣,食,564712,305218280,540.48
2024年11月,花蓮縣,衣,38246,91087997,2381.63
2024年11月,花蓮縣,住,58550,192550396,3288.65
2024年11月,花蓮縣,行,317111,300424695,947.38
2024年11月,花蓮縣,文教康樂,234448,380542044,1623.14
2024年11月,花蓮縣,百貨,491690,632513949,1286.41
2024年11月,花蓮縣,其他,233553,728679463,3119.97
2024年11月,臺東縣,食,318429,141028519,442.89
2024年11月,臺東縣,衣,24345,60419263,2481.79
2024年11月,臺東縣,住,33297,102652647,3082.94
2024年11月,臺東縣,行,186512,191387268,1026.14
2024年11月,臺東縣,文教康樂,122168,194592752,1592.83
2024年11月,臺東縣,百貨,257958,324325281,1257.28
2024年11月,臺東縣,其他,119072,389594362,3271.92
2024年11月,澎湖縣,食,183736,74467177,405.29
2024年11月,澎湖縣,衣,12785,36167786,2828.92
2024年11月,澎湖縣,住,18270,52344243,2865.04
2024年11月,澎湖縣,行,96054,117786204,1226.25
2024年11月,澎湖縣,文教康樂,69821,107442173,1538.82
2024年11月,澎湖縣,百貨,141307,162037925,1146.71
2024年11月,澎湖縣,其他,54172,169198533,3123.36
2024年11月,金門縣,食,114394,52592817,459.75
2024年11月,金門縣,衣,8116,25953359,3197.8
2024年11月,金門縣,住,12615,40641591,3221.69
2024年11月,金門縣,行,55726,82616122,1482.54
2024年11月,金門縣,文教康樂,50600,70962614,1402.42
2024年11月,金門縣,百貨,126509,137652677,1088.09
2024年11月,金門縣,其他,42964,122444417,2849.93
2024年11月,連江縣,食,37017,14284327,385.89
2024年11月,連江縣,衣,1578,3921299,2484.98
2024年11月,連江縣,住,2654,5922656,2231.6
2024年11月,連江縣,行,16331,17617063,1078.75
2024年11月,連江縣,文教康樂,10159,14523886,1429.66
2024年11月,連江縣,百貨,20472,26255709,1282.52
2024年11月,連江縣,其他,8069,20371292,2524.64
2024年12月,臺北市,食,15678934,9716535979,619.72
2024年12月,臺北市,衣,906275,3784933132,4176.36
2024年12月,臺北市,住,1064882,5040245138,4733.15
2024年12月,臺北市,行,6043911,6267885582,1037.06
2024年12月,臺北市,文教康樂,4810456,12362248631,2569.87
2024年12月,臺北市,百貨,10783466,15782383436,1463.57
2024年12月,臺北市,其他,4895087,19377072966,3958.47
2024年12月,新北市,食,18320389,9330614788,509.3
2024年12月,新北市,衣,1223606,3402401389,2780.63
2024年12月,新北市,住,1424978,4389134696,3080.14
2024年12月,新北市,行,7560568,7205363126,953.02
2024年12月,新北市,文教康樂,6219688,12284235579,1975.06
2024年12月,新北市,百貨,14278802,17993578574,1260.16
2024年12月,新北市,其他,6757140,22336074827,3305.55
2024年12月,桃園市,食,8394344,4114615547,490.17
2024年12月,桃園市,衣,573842,1619310766,2821.88
2024年12月,桃園市,住,689316,2086571756,3027.02
2024年12月,桃園市,行,3829140,4124207526,1077.06
2024年12月,桃園市,文教康樂,2881783,5512941459,1913.03
2024年12月,桃園市,百貨,6444840,8870343289,1376.35
2024年12月,桃園市,其他,3220890,10186083158,3162.51
2024年12月,新竹縣,食,2460018,1273617001,517.73
2024年12月,新竹縣,衣,153387,466166835,3039.15
2024年12月,新竹縣,住,193697,668508872,3451.31
2024年12月,新竹縣,行,1071713,1268814934,1183.91
2024年12月,新竹縣,文教康樂,810800,1743481586,2150.32
2024年12月,新竹縣,百貨,1843154,2730574897,1481.47
2024年12月,新竹縣,其他,926788,2839257450,3063.55
2024年12月,新竹市,食,2287612,1174989382,513.63
2024年12月,新竹市,衣,131593,415346684,3156.3
2024年12月,新竹市,住,177522,621598872,3501.53
2024年12月,新竹市,行,908481,1043210257,1148.3
2024年12月,新竹市,文教康樂,744796,1692223958,2272.06
2024年12月,新竹市,百貨,1745013,2711223651,1553.7
2024年12月,新竹市,其他,830983,2631128815,3166.28
2024年12月,苗栗縣,食,1218247,566382959,464.92
2024年12月,苗栗縣,衣,95758,244322181,2551.45
2024年12月,苗栗縣,住,110144,320380512,2908.74
2024年12月,苗栗縣,行,683889,720828142,1054.01
2024年12月,苗栗縣,文教康樂,456843,793911038,1737.82
2024年12月,苗栗縣,百貨,972316,1306386610,1343.58
2024年12月,苗栗縣,其他,546674,1608676617,2942.66
2024年12月,臺中市,食,10776183,5707164378,529.61
2024年12月,臺中市,衣,779283,2259865937,2899.93
2024年12月,臺中市,住,916185,2851194060,3112.03
2024年12月,臺中市,行,5062620,5485526046,1083.54
2024年12月,臺中市,文教康樂,3534366,7595083143,2148.92
2024年12月,臺中市,百貨,8225162,11066813677,1345.48
2024年12月,臺中市,其他,3978086,14135756846,3553.41
2024年12月,彰化縣,食,2420485,1182558128,488.56
2024年12月,彰化縣,衣,218058,538831143,2471.05
2024年12月,彰化縣,住,237386,649697679,2736.88
2024年12月,彰化縣,行,1399121,1548166881,1106.53
2024年12月,彰化縣,文教康樂,885028,1615284134,1825.12
2024年12月,彰化縣,百貨,1971660,2448412874,1241.8
2024年12月,彰化縣,其他,1070749,3765053609,3516.28
2024年12月,南投縣,食,793682,381639194,480.85
2024年12月,南投縣,衣,71390,168395642,2358.81
2024年12月,南投縣,住,78994,224639126,2843.75
2024年12月,南投縣,行,486396,538925957,1108.0
2024年12月,南投縣,文教康樂,313577,533447748,1701.17
2024年12月,南投縣,百貨,665547,807099999,1212.69
2024年12月,南投縣,其他,363094,1236778452,3406.22
2024年12月,雲林縣,食,989742,466413558,471.25
2024年12月,雲林縣,衣,95451,228519705,2394.1
2024年12月,雲林縣,住,101634,271000634,2666.44
2024年12月,雲林縣,行,662290,731543479,1104.57
2024年12月,雲林縣,文教康樂,396824,646473629,1629.12
2024年12月,雲林縣,百貨,827775,1013055086,1223.83
2024年12月,雲林縣,其他,444316,1538703309,3463.08
2024年12月,嘉義縣,食,702810,319902306,455.18
2024年12月,嘉義縣,衣,66104,152896376,2312.97
2024年12月,嘉義縣,住,72611,191448790,2636.64
2024年12月,嘉義縣,行,485048,522753653,1077.74
2024年12月,嘉義縣,文教康樂,287732,448989735,1560.44
2024年12月,嘉義縣,百貨,625607,764984992,1222.79
2024年12月,嘉義縣,其他,326496,1141484258,3496.17
2024年12月,嘉義市,食,692308,331927893,479.45
2024年12月,嘉義市,衣,55906,156199198,2793.96
2024年12月,嘉義市,住,68472,198764165,2902.85
2024年12月,嘉義市,行,369615,384112270,1039.22
2024年12月,嘉義市,文教康樂,246772,470863829,1908.09
2024年12月,嘉義市,百貨,601028,795058866,1322.83
2024年12月,嘉義市,其他,287340,1050497801,3655.94
2024年12月,臺南市,食,5070527,2453826445,483.94
2024年12月,臺南市,衣,403901,1021334346,2528.67
2024年12月,臺南市,住,520250,1493474996,2870.69
2024年12月,臺南市,行,2741918,2917788173,1064.14
2024年12月,臺南市,文教康樂,1822434,3501462724,1921.31
2024年12月,臺南市,百貨,4344555,5583588096,1285.19
2024年12月,臺南市,其他,2218816,7437473737,3352.0
2024年12月,高雄市,食,7995145,4223031725,528.2
2024年12月,高雄市,衣,575624,1483820843,2577.76
2024年12月,高雄市,住,781320,2327246705,2978.61
2024年12月,高雄市,行,4192560,4308090796,1027.56
2024年12月,高雄市,文教康樂,2899585,5449247975,1879.32
2024年12月,高雄市,百貨,6929225,9093110636,1312.28
2024年12月,高雄市,其他,3327748,11907908940,3578.37
2024年12月,屏東縣,食,1194958,581942000,487.0
2024年12月,屏東縣,衣,103537,240839917,2326.12
2024年12月,屏東縣,住,134571,353392742,2626.07
2024年12月,屏東縣,行,815379,842694435,1033.5
2024年12月,屏東縣,文教康樂,513234,810424407,1579.05
2024年12月,屏東縣,百貨,1088764,1350019582,1239.96
2024年12月,屏東縣,其他,611699,2275243373,3719.55
2024年12月,基隆市,食,1085352,529837071,488.17
2024年12月,基隆市,衣,83259,214843866,2580.43
2024年12月,基隆市,住,90735,302912212,3338.43
2024年12月,基隆市,行,546771,522659199,955.9
2024年12月,基隆市,文教康樂,414095,697981200,1685.56
2024年12月,基隆市,百貨,911406,1062343460,1165.61
2024年12月,基隆市,其他,493512,1452159263,2942.5
2024年12月,宜蘭縣,食,925372,424516031,458.75
2024年12月,宜蘭縣,衣,75895,188604662,2485.07
2024年12月,宜蘭縣,住,97426,276493082,2837.98
2024年12月,宜蘭縣,行,496374,513178252,1033.85
2024年12月,宜蘭縣,文教康樂,360738,630994157,1749.18
2024年12月,宜蘭縣,百貨,820251,971912544,1184.9
2024年12月,宜蘭縣,其他,402607,1381502988,3431.39
2024年12月,花蓮縣,食,592251,334910334,565.49
2024年12月,花蓮縣,衣,44118,109909039,2491.25
2024年12月,花蓮縣,住,58929,182663926,3099.73
2024年12月,花蓮縣,行,342916,321919896,938.77
2024年12月,花蓮縣,文教康樂,247476,382595368,1545.99
2024年12月,花蓮縣,百貨,509885,599531691,1175.82
2024年12月,花蓮縣,其他,252344,825896648,3272.9
2024年12月,臺東縣,食,327100,156173027,477.45
2024年12月,臺東縣,衣,28377,67159696,2366.69
2024年12月,臺東縣,住,34484,102445837,2970.82
2024年12月,臺東縣,行,198564,188397055,948.8
2024年12月,臺東縣,文教康樂,127457,190154364,1491.91
2024年12月,臺東縣,百貨,265109,307979969,1161.71
2024年12月,臺東縣,其他,126179,448060519,3550.99
2024年12月,澎湖縣,食,184585,76967457,416.98
2024年12月,澎湖縣,衣,14122,38972029,2759.67
2024年12月,澎湖縣,住,18155,49555281,2729.57
2024年12月,澎湖縣,行,91674,98737311,1077.05
2024年12月,澎湖縣,文教康樂,72053,104318655,1447.8
2024年12月,澎湖縣,百貨,144131,159018970,1103.29
2024年12月,澎湖縣,其他,57651,191816790,3327.21
2024年12月,金門縣,食,116527,65718056,563.97
2024年12月,金門縣,衣,9336,27664643,2963.22
2024年12月,金門縣,住,12287,39550007,3218.85
2024年12月,金門縣,行,52460,68216027,1300.34
2024年12月,金門縣,文教康樂,51638,69447268,1344.89
2024年12月,金門縣,百貨,127404,136617931,1072.32
2024年12月,金門縣,其他,45800,144519603,3155.45
2024年12月,連江縣,食,35995,29621768,822.94
2024年12月,連江縣,衣,1876,4247935,2264.36
2024年12月,連江縣,住,2678,5160641,1927.05
2024年12月,連江縣,行,15367,15485973,1007.74
2024年12月,連江縣,文教康樂,10979,14830260,1350.78
2024年12月,連江縣,百貨,20597,24376742,1183.51
2024年12月,連江縣,其他,8806,25962287,2948.25
2025年1月,臺北市,食,14864399,10139258001,682.12
2025年1月,臺北市,衣,818362,3336223825,4076.71
2025年1月,臺北市,住,1019492,4945985197,4851.42
2025年1月,臺北市,行,5699877,5921717137,1038.92
2025年1月,臺北市,文教康樂,4785176,12962195765,2708.82
2025年1月,臺北市,百貨,10465838,16413651154,1568.31
2025年1月,臺北市,其他,4204811,14180927238,3372.55
2025年1月,新北市,食,17601606,10026276604,569.62
2025年1月,新北市,衣,1102213,3178616343,2883.85
2025年1月,新北市,住,1348948,4662663726,3456.52
2025年1月,新北市,行,7288366,6853608116,940.35
2025年1月,新北市,文教康樂,6255144,13105382189,2095.14
2025年1月,新北市,百貨,13989096,19124946869,1367.13
2025年1月,新北市,其他,5811585,16229319145,2792.58
2025年1月,桃園市,食,8139201,4400417068,540.64
2025年1月,桃園市,衣,514791,1492428820,2899.1
2025年1月,桃園市,住,650089,2141416289,3294.04
2025年1月,桃園市,行,3715909,3926709176,1056.73
2025年1月,桃園市,文教康樂,2932467,5762057471,1964.92
2025年1月,桃園市,百貨,6315512,9543120068,1511.06
2025年1月,桃園市,其他,2763729,7442971026,2693.09
2025年1月,新竹縣,食,2382550,1383061223,580.5
2025年1月,新竹縣,衣,136329,437423040,3208.58
2025年1月,新竹縣,住,184987,708595359,3830.51
2025年1月,新竹縣,行,1030843,1198858779,1162.99
2025年1月,新竹縣,文教康樂,828210,2006433779,2422.61
2025年1月,新竹縣,百貨,1778719,2703983821,1520.19
2025年1月,新竹縣,其他,803830,2204002491,2741.88
2025年1月,新竹市,食,2218697,1266705114,570.92
2025年1月,新竹市,衣,116683,367726639,3151.5
2025年1月,新竹市,住,171262,675171119,3942.33
2025年1月,新竹市,行,874083,992949921,1135.99
2025年1月,新竹市,文教康樂,754203,1783463500,2364.7
2025年1月,新竹市,百貨,1661689,2515313731,1513.71
2025年1月,新竹市,其他,715491,1972191687,2756.42
2025年1月,苗栗縣,食,1182434,634429562,536.55
2025年1月,苗栗縣,衣,84809,218388763,2575.07
2025年1月,苗栗縣,住,101127,323070707,3194.7
2025年1月,苗栗縣,行,653152,689716980,1055.98
2025年1月,苗栗縣,文教康樂,468378,834532699,1781.75
2025年1月,苗栗縣,百貨,943835,1346800863,1426.95
2025年1月,苗栗縣,其他,467664,1123861959,2403.14
2025年1月,臺中市,食,10441671,6271896711,600.66
2025年1月,臺中市,衣,717646,2077693701,2895.15
2025年1月,臺中市,住,858727,2863305359,3334.36
2025年1月,臺中市,行,4820287,5201701509,1079.13
2025年1月,臺中市,文教康樂,3604914,7830830898,2172.27
2025年1月,臺中市,百貨,8096869,12065549618,1490.15
2025年1月,臺中市,其他,3375005,10377799331,3074.9
2025年1月,彰化縣,食,2342106,1290134410,550.84
2025年1月,彰化縣,衣,203694,527604327,2590.18
2025年1月,彰化縣,住,219596,648806966,2954.55
2025年1月,彰化縣,行,1328605,1507736133,1134.83
2025年1月,彰化縣,文教康樂,885976,1711729160,1932.03
2025年1月,彰化縣,百貨,1920642,2637132062,1373.05
2025年1月,彰化縣,其他,897345,2602924334,2900.7
2025年1月,南投縣,食,759584,408554090,537.87
2025年1月,南投縣,衣,65470,161605817,2468.39
2025年1月,南投縣,住,72057,215688765,2993.31
2025年1月,南投縣,行,461174,513681580,1113.86
2025年1月,南投縣,文教康樂,322030,565491837,1756.02
2025年1月,南投縣,百貨,647072,866538495,1339.17
2025年1月,南投縣,其他,304745,837734053,2748.97
2025年1月,雲林縣,食,947173,500804022,528.74
2025年1月,雲林縣,衣,87627,220897878,2520.89
2025年1月,雲林縣,住,93342,273089275,2925.68
2025年1月,雲林縣,行,622304,699295049,1123.72
2025年1月,雲林縣,文教康樂,399382,704090260,1762.95
2025年1月,雲林縣,百貨,797615,1087134444,1362.98
2025年1月,雲林縣,其他,369314,1079664281,2923.43
2025年1月,嘉義縣,食,666179,347703506,521.94
2025年1月,嘉義縣,衣,60872,147357727,2420.78
2025年1月,嘉義縣,住,66755,192709170,2886.81
2025年1月,嘉義縣,行,459086,475472176,1035.69
2025年1月,嘉義縣,文教康樂,291858,465008757,1593.27
2025年1月,嘉義縣,百貨,612256,833576487,1361.48
2025年1月,嘉義縣,其他,274742,748113691,2722.97
2025年1月,嘉義市,食,663508,363256752,547.48
2025年1月,嘉義市,衣,51893,141844998,2733.41
2025年1月,嘉義市,住,64372,205373046,3190.41
2025年1月,嘉義市,行,344480,356934673,1036.15
2025年1月,嘉義市,文教康樂,245460,477547425,1945.52
2025年1月,嘉義市,百貨,591936,843305837,1424.66
2025年1月,嘉義市,其他,238099,732509856,3076.49
2025年1月,臺南市,食,4908360,2591504960,527.98
2025年1月,臺南市,衣,368886,940336363,2549.12
2025年1月,臺南市,住,492175,1529577987,3107.79
2025年1月,臺南市,行,2615506,2661163600,1017.46
2025年1月,臺南市,文教康樂,1823972,3501290173,1919.6
2025年1月,臺南市,百貨,4302675,6286817736,1461.14
2025年1月,臺南市,其他,1850577,5327841955,2879.02
2025年1月,高雄市,食,7750386,4688775720,604.97
2025年1月,高雄市,衣,530266,1371697140,2586.81
2025年1月,高雄市,住,745170,2404321512,3226.54
2025年1月,高雄市,行,3996126,4116211279,1030.05
2025年1月,高雄市,文教康樂,2915038,5638449060,1934.26
2025年1月,高雄市,百貨,6867656,9821938233,1430.17
2025年1月,高雄市,其他,2824676,8411676963,2977.93
2025年1月,屏東縣,食,1152242,626459713,543.69
2025年1月,屏東縣,衣,95927,227938973,2376.17
2025年1月,屏東縣,住,125518,363845690,2898.75
2025年1月,屏東縣,行,772671,800312318,1035.77
2025年1月,屏東縣,文教康樂,522141,860600189,1648.21
2025年1月,屏東縣,百貨,1069901,1464201697,1368.54
2025年1月,屏東縣,其他,512158,1548847816,3024.16
2025年1月,基隆市,食,1051232,577988843,549.82
2025年1月,基隆市,衣,77421,212607816,2746.13
2025年1月,基隆市,住,83722,312733150,3735.38
2025年1月,基隆市,行,529171,488547518,923.23
2025年1月,基隆市,文教康樂,418369,721992263,1725.73
2025年1月,基隆市,百貨,890761,1128812307,1267.24
2025年1月,基隆市,其他,413879,1011016377,2442.78
2025年1月,宜蘭縣,食,900291,463098111,514.39
2025年1月,宜蘭縣,衣,68196,176899692,2593.99
2025年1月,宜蘭縣,住,91420,288103070,3151.42
2025年1月,宜蘭縣,行,477755,521942182,1092.49
2025年1月,宜蘭縣,文教康樂,365281,649284720,1777.49
2025年1月,宜蘭縣,百貨,797602,1006493557,1261.9
2025年1月,宜蘭縣,其他,333689,924560479,2770.73
2025年1月,花蓮縣,食,571168,351698377,615.75
2025年1月,花蓮縣,衣,43209,108095941,2501.7
2025年1月,花蓮縣,住,55284,185244232,3350.77
2025年1月,花蓮縣,行,317589,309695770,975.15
2025年1月,花蓮縣,文教康樂,255028,402202534,1577.09
2025年1月,花蓮縣,百貨,503386,642246370,1275.85
2025年1月,花蓮縣,其他,207151,577012893,2785.47
2025年1月,臺東縣,食,309700,160286477,517.55
2025年1月,臺東縣,衣,28305,70600346,2494.27
2025年1月,臺東縣,住,31412,102994118,3278.81
2025年1月,臺東縣,行,184699,172242292,932.56
2025年1月,臺東縣,文教康樂,130134,214584077,1648.95
2025年1月,臺東縣,百貨,258096,330995102,1282.45
2025年1月,臺東縣,其他,103805,312163377,3007.21
2025年1月,澎湖縣,食,173708,86121847,495.79
2025年1月,澎湖縣,衣,13601,39113367,2875.77
2025年1月,澎湖縣,住,16624,57179550,3439.58
2025年1月,澎湖縣,行,83506,91868079,1100.14
2025年1月,澎湖縣,文教康樂,72979,117226860,1606.31
2025年1月,澎湖縣,百貨,137368,161103008,1172.78
2025年1月,澎湖縣,其他,48345,135153644,2795.61
2025年1月,金門縣,食,110136,57711900,524.01
2025年1月,金門縣,衣,8357,27523049,3293.41
2025年1月,金門縣,住,10271,37570594,3657.93
2025年1月,金門縣,行,47423,57633574,1215.31
2025年1月,金門縣,文教康樂,51104,73932885,1446.71
2025年1月,金門縣,百貨,123466,150618250,1219.92
2025年1月,金門縣,其他,38484,103920937,2700.37
2025年1月,連江縣,食,33643,15159496,450.6
2025年1月,連江縣,衣,1579,3857877,2443.24
2025年1月,連江縣,住,2406,5987576,2488.6
2025年1月,連江縣,行,15206,16511390,1085.85
2025年1月,連江縣,文教康樂,11635,18343535,1576.58
2025年1月,連江縣,百貨,20611,25954389,1259.25
2025年1月,連江縣,其他,7988,18231284,2282.33
2025年2月,臺北市,食,13545979,8091842037,597.36
2025年2月,臺北市,衣,624994,2568444661,4109.55
2025年2月,臺北市,住,903017,3962697774,4388.29
2025年2月,臺北市,行,5196222,5859362197,1127.62
2025年2月,臺北市,文教康樂,4476553,12856390510,2871.94
2025年2月,臺北市,百貨,9090315,12619512273,1388.24
2025年2月,臺北市,其他,4561818,14237126152,3120.93
2025年2月,新北市,食,16004184,7912842167,494.42
2025年2月,新北市,衣,837050,2399135554,2866.18
2025年2月,新北市,住,1220391,3644719049,2986.52
2025年2月,新北市,行,6611832,6502765282,983.5
2025年2月,新北市,文教康樂,5889082,13976178011,2373.24
2025年2月,新北市,百貨,12119571,14470196534,1193.95
2025年2月,新北市,其他,6292721,16918100264,2688.52
2025年2月,桃園市,食,7314461,3470045944,474.41
2025年2月,桃園市,衣,383996,1057161506,2753.05
2025年2月,桃園市,住,589787,1753605328,2973.29
2025年2月,桃園市,行,3373914,3720684327,1102.78
2025年2月,桃園市,文教康樂,2732123,6109937594,2236.33
2025年2月,桃園市,百貨,5415299,7076270379,1306.72
2025年2月,桃園市,其他,3004883,7968432420,2651.83
2025年2月,新竹縣,食,2152062,1079855262,501.78
2025年2月,新竹縣,衣,103382,335864036,3248.77
2025年2月,新竹縣,住,167889,566596373,3374.83
2025年2月,新竹縣,行,943946,1155046997,1223.64
2025年2月,新竹縣,文教康樂,780848,2031909906,2602.18
2025年2月,新竹縣,百貨,1534553,2029290041,1322.4
2025年2月,新竹縣,其他,870106,2222280600,2554.03
2025年2月,新竹市,食,2002991,990140659,494.33
2025年2月,新竹市,衣,89749,302453264,3369.99
2025年2月,新竹市,住,153216,519922862,3393.4
2025年2月,新竹市,行,797208,941076084,1180.46
2025年2月,新竹市,文教康樂,715304,1926114970,2692.72
2025年2月,新竹市,百貨,1435579,1910636930,1330.92
2025年2月,新竹市,其他,783107,2065736627,2637.87
2025年2月,苗栗縣,食,1068513,492981807,461.37
2025年2月,苗栗縣,衣,64037,169248752,2642.98
2025年2月,苗栗縣,住,94002,267460252,2845.26
2025年2月,苗栗縣,行,599511,624153581,1041.1
2025年2月,苗栗縣,文教康樂,441150,927115572,2101.59
2025年2月,苗栗縣,百貨,812899,984818278,1211.49
2025年2月,苗栗縣,其他,512260,1298633349,2535.11
2025年2月,臺中市,食,9412361,4945134304,525.39
2025年2月,臺中市,衣,521986,1553088127,2975.34
2025年2月,臺中市,住,783613,2331602889,2975.45
2025年2月,臺中市,行,4436373,4886552125,1101.47
2025年2月,臺中市,文教康樂,3500630,8646090634,2469.87
2025年2月,臺中市,百貨,6904143,8834491674,1279.59
2025年2月,臺中市,其他,3715092,10690783827,2877.66
2025年2月,彰化縣,食,2133666,1036086990,485.59
2025年2月,彰化縣,衣,147473,375319705,2545.01
2025年2月,彰化縣,住,201702,549696791,2725.29
2025年2月,彰化縣,行,1232788,1402426585,1137.61
2025年2月,彰化縣,文教康樂,848454,1919197008,2261.99
2025年2月,彰化縣,百貨,1671454,2015159927,1205.63
2025年2月,彰化縣,其他,1008159,2873690713,2850.43
2025年2月,南投縣,食,697513,326228865,467.7
2025年2月,南投縣,衣,47533,115770681,2435.59
2025年2月,南投縣,住,67835,189504921,2793.62
2025年2月,南投縣,行,427243,481171261,1126.22
2025年2月,南投縣,文教康樂,302299,640128988,2117.54
2025年2月,南投縣,百貨,567435,664534492,1171.12
2025年2月,南投縣,其他,339942,930433574,2737.04
2025年2月,雲林縣,食,875279,404707440,462.38
2025年2月,雲林縣,衣,65632,156530307,2384.97
2025年2月,雲林縣,住,88279,233182069,2641.42
2025年2月,雲林縣,行,578559,635961302,1099.22
2025年2月,雲林縣,文教康樂,380667,780986928,2051.63
2025年2月,雲林縣,百貨,712294,856535156,1202.5
2025年2月,雲林縣,其他,423543,1199452479,2831.95
2025年2月,嘉義縣,食,613726,282631759,460.52
2025年2月,嘉義縣,衣,45454,103822142,2284.11
2025年2月,嘉義縣,住,63164,160729057,2544.63
2025年2月,嘉義縣,行,425067,455751561,1072.19
2025年2月,嘉義縣,文教康樂,278615,526773390,1890.69
2025年2月,嘉義縣,百貨,535846,648057720,1209.41
2025年2月,嘉義縣,其他,310577,885479467,2851.08
2025年2月,嘉義市,食,610404,294520813,482.5
2025年2月,嘉義市,衣,39800,113972887,2863.64
2025年2月,嘉義市,住,58690,166800204,2842.05
2025年2月,嘉義市,行,322442,347338164,1077.21
2025年2月,嘉義市,文教康樂,236925,544892472,2299.85
2025年2月,嘉義市,百貨,513502,654481420,1274.55
2025年2月,嘉義市,其他,271840,813960217,2994.26
2025年2月,臺南市,食,4421740,2057024258,465.21
2025年2月,臺南市,衣,277055,682112122,2462.01
2025年2月,臺南市,住,443648,1242153766,2799.86
2025年2月,臺南市,行,2386899,2613187946,1094.8
2025年2月,臺南市,文教康樂,1723936,3846479419,2231.22
2025年2月,臺南市,百貨,3692275,4785577083,1296.11
2025年2月,臺南市,其他,2095635,5709124403,2724.29
2025年2月,高雄市,食,7035803,3664761227,520.87
2025年2月,高雄市,衣,405991,1079008409,2657.72
2025年2月,高雄市,住,681204,2025691604,2973.69
2025年2月,高雄市,行,3694715,3772279715,1020.99
2025年2月,高雄市,文教康樂,2766514,6254508431,2260.79
2025年2月,高雄市,百貨,5912174,7511958625,1270.59
2025年2月,高雄市,其他,3140817,9152165828,2913.94
2025年2月,屏東縣,食,1061757,505603782,476.2
2025年2月,屏東縣,衣,74978,172731768,2303.77
2025年2月,屏東縣,住,117908,316693619,2685.94
2025年2月,屏東縣,行,719261,742711703,1032.6
2025年2月,屏東縣,文教康樂,494092,925409670,1872.95
2025年2月,屏東縣,百貨,944768,1152438001,1219.81
2025年2月,屏東縣,其他,583250,1766867736,3029.35
2025年2月,基隆市,食,954121,456456191,478.4
2025年2月,基隆市,衣,56995,148813967,2611.0
2025年2月,基隆市,住,77541,257715798,3323.61
2025年2月,基隆市,行,482440,455869013,944.92
2025年2月,基隆市,文教康樂,393587,792465460,2013.44
2025年2月,基隆市,百貨,773439,860061309,1112.0
2025年2月,基隆市,其他,459917,1115182996,2424.75
2025年2月,宜蘭縣,食,823263,369521922,448.85
2025年2月,宜蘭縣,衣,53177,130006624,2444.79
2025年2月,宜蘭縣,住,83091,231832894,2790.11
2025年2月,宜蘭縣,行,442368,450017404,1017.29
2025年2月,宜蘭縣,文教康樂,348517,745262976,2138.38
2025年2月,宜蘭縣,百貨,700182,799999182,1142.56
2025年2月,宜蘭縣,其他,380051,1047914160,2757.3
2025年2月,花蓮縣,食,517446,292149499,564.6
2025年2月,花蓮縣,衣,31365,78947766,2517.07
2025年2月,花蓮縣,住,51812,154582853,2983.53
2025年2月,花蓮縣,行,294914,278793793,945.34
2025年2月,花蓮縣,文教康樂,239027,437223967,1829.18
2025年2月,花蓮縣,百貨,441302,516071066,1169.43
2025年2月,花蓮縣,其他,242530,670003490,2762.56
2025年2月,臺東縣,食,282878,132672229,469.01
2025年2月,臺東縣,衣,19728,45925616,2327.94
2025年2月,臺東縣,住,29807,82091755,2754.11
2025年2月,臺東縣,行,172829,163200041,944.29
2025年2月,臺東縣,文教康樂,123228,213056058,1728.96
2025年2月,臺東縣,百貨,226847,251985613,1110.82
2025年2月,臺東縣,其他,121953,348519294,2857.82
2025年2月,澎湖縣,食,155637,66263660,425.76
2025年2月,澎湖縣,衣,8903,25068787,2815.77
2025年2月,澎湖縣,住,15048,45225503,3005.42
2025年2月,澎湖縣,行,87423,112721483,1289.38
2025年2月,澎湖縣,文教康樂,68443,115397641,1686.04
2025年2月,澎湖縣,百貨,120621,130812248,1084.49
2025年2月,澎湖縣,其他,57969,157716234,2720.7
2025年2月,金門縣,食,101906,53905788,528.98
2025年2月,金門縣,衣,6221,25393671,4081.93
2025年2月,金門縣,住,9999,34569059,3457.25
2025年2月,金門縣,行,49625,68562164,1381.61
2025年2月,金門縣,文教康樂,49428,83722225,1693.82
2025年2月,金門縣,百貨,107000,115293080,1077.51
2025年2月,金門縣,其他,45692,122470620,2680.35
2025年2月,連江縣,食,29320,11835091,403.65
2025年2月,連江縣,衣,1285,2872597,2235.48
2025年2月,連江縣,住,2116,5039306,2381.52
2025年2月,連江縣,行,15403,17711717,1149.89
2025年2月,連江縣,文教康樂,10283,18474726,1796.63
2025年2月,連江縣,百貨,17197,19024549,1106.27
2025年2月,連江縣,其他,8539,20241518,2370.48
2025年3月,臺北市,食,15743147,8913975838,566.21
2025年3月,臺北市,衣,688760,2858541743,4150.27
2025年3月,臺北市,住,976980,4457013398,4562.03
2025年3月,臺北市,行,5910777,6610729925,1118.42
2025年3月,臺北市,文教康樂,4752682,12989629897,2733.12
2025年3月,臺北市,百貨,10290401,13985543643,1359.09
2025年3月,臺北市,其他,4863036,16001884836,3290.51
2025年3月,新北市,食,18569026,8630440575,464.78
2025年3月,新北市,衣,931600,2524893244,2710.28
2025年3月,新北市,住,1315592,4040844293,3071.5
2025年3月,新北市,行,7461813,7452557360,998.76
2025年3月,新北市,文教康樂,6215977,13277376653,2136.01
2025年3月,新北市,百貨,13723403,16085409492,1172.12
2025年3月,新北市,其他,6762017,19515588450,2886.06
2025年3月,桃園市,食,8517751,3799623748,446.08
2025年3月,桃園市,衣,431154,1135228224,2633.0
2025年3月,桃園市,住,645170,1983977639,3075.12
2025年3月,桃園市,行,3816201,4235477777,1109.87
2025年3月,桃園市,文教康樂,2876952,5940997657,2065.03
2025年3月,桃園市,百貨,6110215,7790281985,1274.96
2025年3月,桃園市,其他,3234103,8958591444,2770.04
2025年3月,新竹縣,食,2496714,1185686767,474.9
2025年3月,新竹縣,衣,115414,334922572,2901.92
2025年3月,新竹縣,住,177882,598044288,3362.03
2025年3月,新竹縣,行,1063920,1316349079,1237.26
2025年3月,新竹縣,文教康樂,807003,1868528504,2315.39
2025年3月,新竹縣,百貨,1717353,2226323530,1296.37
2025年3月,新竹縣,其他,930769,2541892511,2730.96
2025年3月,新竹市,食,2327388,1087602744,467.31
2025年3月,新竹市,衣,101586,303528563,2987.9
2025年3月,新竹市,住,163087,567377999,3478.99
2025年3月,新竹市,行,898685,1090570314,1213.52
2025年3月,新竹市,文教康樂,732255,1797515448,2454.77
2025年3月,新竹市,百貨,1611910,2080316701,1290.59
2025年3月,新竹市,其他,830740,2203725091,2652.73
2025年3月,苗栗縣,食,1245732,545753060,438.1
2025年3月,苗栗縣,衣,70228,175574265,2500.06
2025年3月,苗栗縣,住,101390,301202567,2970.73
2025年3月,苗栗縣,行,679907,720863986,1060.24
2025年3月,苗栗縣,文教康樂,460798,932090074,2022.77
2025年3月,苗栗縣,百貨,916804,1080522175,1178.57
2025年3月,苗栗縣,其他,553869,1418227409,2560.58
2025年3月,臺中市,食,10963333,5387409999,491.4
2025年3月,臺中市,衣,591865,1708578376,2886.77
2025年3月,臺中市,住,843158,2568393787,3046.16
2025年3月,臺中市,行,5048695,5554733840,1100.23
2025年3月,臺中市,文教康樂,3562292,8058454325,2262.15
2025年3月,臺中市,百貨,7816996,10151822695,1298.69
2025年3月,臺中市,其他,3982860,12345147774,3099.57
2025年3月,彰化縣,食,2492454,1127181081,452.24
2025年3月,彰化縣,衣,165738,391725728,2363.52
2025年3月,彰化縣,住,216907,592712111,2732.56
2025年3月,彰化縣,行,1396104,1556769184,1115.08
2025年3月,彰化縣,文教康樂,886883,1745608410,1968.25
2025年3月,彰化縣,百貨,1895217,2254435558,1189.54
2025年3月,彰化縣,其他,1060662,3178890588,2997.08
2025年3月,南投縣,食,816987,361778405,442.82
2025年3月,南投縣,衣,52146,121958326,2338.79
2025年3月,南投縣,住,71779,196658840,2739.78
2025年3月,南投縣,行,483837,536448884,1108.74
2025年3月,南投縣,文教康樂,314661,616650533,1959.73
2025年3月,南投縣,百貨,644110,742171409,1152.24
2025年3月,南投縣,其他,361765,1043876797,2885.51
2025年3月,雲林縣,食,1034120,444959290,430.28
2025年3月,雲林縣,衣,74346,166949706,2245.58
2025年3月,雲林縣,住,94401,249542855,2643.43
2025年3月,雲林縣,行,655853,727202322,1108.79
2025年3月,雲林縣,文教康樂,398705,725538455,1819.74
2025年3月,雲林縣,百貨,802584,952772149,1187.13
2025年3月,雲林縣,其他,445216,1343118629,3016.78
2025年3月,嘉義縣,食,725085,307856852,424.58
2025年3月,嘉義縣,衣,51007,114814978,2250.97
2025年3月,嘉義縣,住,66481,174971010,2631.89
2025年3月,嘉義縣,行,480691,501659156,1043.62
2025年3月,嘉義縣,文教康樂,290552,481274399,1656.41
2025年3月,嘉義縣,百貨,603789,725783484,1202.05
2025年3月,嘉義縣,其他,328637,947051703,2881.76
2025年3月,嘉義市,食,708838,311922763,440.05
2025年3月,嘉義市,衣,43309,109782482,2534.87
2025年3月,嘉義市,住,61660,177329653,2875.93
2025年3月,嘉義市,行,366228,383941868,1048.37
2025年3月,嘉義市,文教康樂,245777,500108712,2034.81
2025年3月,嘉義市,百貨,575015,732252363,1273.45
2025年3月,嘉義市,其他,283747,834693415,2941.68
2025年3月,臺南市,食,5227048,2299085734,439.84
2025年3月,臺南市,衣,319016,763202279,2392.36
2025年3月,臺南市,住,484558,1374032432,2835.64
2025年3月,臺南市,行,2729388,2915904921,1068.34
2025年3月,臺南市,文教康樂,1824269,3678404759,2016.37
2025年3月,臺南市,百貨,4165984,5198740784,1247.9
2025年3月,臺南市,其他,2221559,6369769591,2867.25
2025年3月,高雄市,食,8214790,3923299623,477.59
2025年3月,高雄市,衣,467051,1174699378,2515.14
2025年3月,高雄市,住,735266,2176197554,2959.74
2025年3月,高雄市,行,4171254,4328103213,1037.6
2025年3月,高雄市,文教康樂,2907479,6009888644,2067.04
2025年3月,高雄市,百貨,6655761,8240237854,1238.06
2025年3月,高雄市,其他,3337486,10104982064,3027.72
2025年3月,屏東縣,食,1244291,550866040,442.71
2025年3月,屏東縣,衣,85130,191966492,2254.98
2025年3月,屏東縣,住,126232,340407700,2696.68
2025年3月,屏東縣,行,810174,835674793,1031.48
2025年3月,屏東縣,文教康樂,515809,901881924,1748.48
2025年3月,屏東縣,百貨,1061988,1243799686,1171.2
2025年3月,屏東縣,其他,607906,1918145342,3155.33
2025年3月,基隆市,食,1108340,494014558,445.72
2025年3月,基隆市,衣,62379,161795210,2593.74
2025年3月,基隆市,住,82713,270750185,3273.37
2025年3月,基隆市,行,543003,527837408,972.07
2025年3月,基隆市,文教康樂,415016,772430645,1861.21
2025年3月,基隆市,百貨,881136,954073289,1082.78
2025年3月,基隆市,其他,492366,1272630621,2584.72
2025年3月,宜蘭縣,食,963241,409793485,425.43
2025年3月,宜蘭縣,衣,58746,147138304,2504.65
2025年3月,宜蘭縣,住,87897,243995407,2775.92
2025年3月,宜蘭縣,行,500040,524586161,1049.09
2025年3月,宜蘭縣,文教康樂,364246,692137993,1900.19
2025年3月,宜蘭縣,百貨,794330,881643174,1109.92
2025年3月,宜蘭縣,其他,407688,1164633195,2856.68
2025年3月,花蓮縣,食,599044,318696483,532.01
2025年3月,花蓮縣,衣,33780,81593337,2415.43
2025年3月,花蓮縣,住,53458,165997660,3105.2
2025年3月,花蓮縣,行,336425,330132863,981.3
2025年3月,花蓮縣,文教康樂,252436,417649418,1654.48
2025年3月,花蓮縣,百貨,491859,561800181,1142.2
2025年3月,花蓮縣,其他,255050,723154027,2835.34
2025年3月,臺東縣,食,331431,147109005,443.86
2025年3月,臺東縣,衣,20894,46982664,2248.62
2025年3月,臺東縣,住,32063,94706929,2953.78
2025年3月,臺東縣,行,199247,179763896,902.22
2025年3月,臺東縣,文教康樂,129220,216613972,1676.32
2025年3月,臺東縣,百貨,254754,278003223,1091.26
2025年3月,臺東縣,其他,126308,392580757,3108.12
2025年3月,澎湖縣,食,183423,71967547,392.36
2025年3月,澎湖縣,衣,10033,26950754,2686.21
2025年3月,澎湖縣,住,16548,50980307,3080.75
2025年3月,澎湖縣,行,97074,120690050,1243.28
2025年3月,澎湖縣,文教康樂,72060,107175610,1487.31
2025年3月,澎湖縣,百貨,136979,141518910,1033.14
2025年3月,澎湖縣,其他,57915,168950109,2917.21
2025年3月,金門縣,食,122672,54586478,444.98
2025年3月,金門縣,衣,6340,19898533,3138.57
2025年3月,金門縣,住,10795,34605920,3205.74
2025年3月,金門縣,行,53121,70626311,1329.54
2025年3月,金門縣,文教康樂,50536,67685307,1339.35
2025年3月,金門縣,百貨,119870,119949852,1000.67
2025年3月,金門縣,其他,47121,126137981,2676.9
2025年3月,連江縣,食,33043,13062585,395.32
2025年3月,連江縣,衣,1309,3019843,2306.98
2025年3月,連江縣,住,2454,6070920,2473.89
2025年3月,連江縣,行,16353,18957967,1159.3
2025年3月,連江縣,文教康樂,10864,15881730,1461.87
2025年3月,連江縣,百貨,18396,19130848,1039.95
2025年3月,連江縣,其他,9072,25350082,2794.32
2025年4月,臺北市,食,15614628,8709594444,557.78
2025年4月,臺北市,衣,712090,2839720849,3987.87
2025年4月,臺北市,住,943112,4594803582,4871.96
2025年4月,臺北市,行,5708303,5987628910,1048.93
2025年4月,臺北市,文教康樂,4581144,12099112584,2641.07
2025年4月,臺北市,百貨,10213024,14434483270,1413.34
2025年4月,臺北市,其他,4853543,15965097140,3289.37
2025年4月,新北市,食,18438506,8585795572,465.64
2025年4月,新北市,衣,958421,2519649463,2628.96
2025年4月,新北市,住,1269222,4067827611,3204.98
2025年4月,新北市,行,7184412,6679535274,929.73
2025年4月,新北市,文教康樂,6008977,11909796484,1982.0
2025年4月,新北市,百貨,13595546,16073008103,1182.23
2025年4月,新北市,其他,6713481,18952558655,2823.06
2025年4月,桃園市,食,8510274,3834312221,450.55
2025年4月,桃園市,衣,441975,1156197729,2615.98
2025年4月,桃園市,住,618460,1946986043,3148.12
2025年4月,桃園市,行,3683746,3852666945,1045.86
2025年4月,桃園市,文教康樂,2805255,5520487943,1967.91
2025年4月,桃園市,百貨,6035303,7800817619,1292.53
2025年4月,桃園市,其他,3250291,9258828179,2848.62
2025年4月,新竹縣,食,2492181,1171845556,470.21
2025年4月,新竹縣,衣,119421,347401867,2909.05
2025年4月,新竹縣,住,173133,611638446,3532.77
2025年4月,新竹縣,行,1024931,1177540994,1148.9
2025年4月,新竹縣,文教康樂,781102,1685104977,2157.34
2025年4月,新竹縣,百貨,1697245,2229807151,1313.78
2025年4月,新竹縣,其他,939857,2609850105,2776.86
2025年4月,新竹市,食,2322792,1089516704,469.05
2025年4月,新竹市,衣,104108,325684554,3128.33
2025年4月,新竹市,住,160241,557540866,3479.39
2025年4月,新竹市,行,867104,985696592,1136.77
2025年4月,新竹市,文教康樂,713979,1634150204,2288.79
2025年4月,新竹市,百貨,1581423,2103984362,1330.44
2025年4月,新竹市,其他,839497,2454063102,2923.25
2025年4月,苗栗縣,食,1248476,546057521,437.38
2025年4月,苗栗縣,衣,72397,177260192,2448.45
2025年4月,苗栗縣,住,98012,307470476,3137.07
2025年4月,苗栗縣,行,656706,647472073,985.94
2025年4月,苗栗縣,文教康樂,447173,792264351,1771.72
2025年4月,苗栗縣,百貨,904493,1077815852,1191.62
2025年4月,苗栗縣,其他,551094,1520669727,2759.37
2025年4月,臺中市,食,10902469,5304142906,486.51
2025年4月,臺中市,衣,600663,1637021639,2725.36
2025年4月,臺中市,住,815639,2622757687,3215.59
2025年4月,臺中市,行,4816911,4994373333,1036.84
2025年4月,臺中市,文教康樂,3438806,7344089348,2135.65
2025年4月,臺中市,百貨,7632664,9506998175,1245.57
2025年4月,臺中市,其他,4114788,12639699105,3071.77
2025年4月,彰化縣,食,2463230,1138437112,462.17
2025年4月,彰化縣,衣,167977,393424692,2342.13
2025年4月,彰化縣,住,207248,605532499,2921.78
2025年4月,彰化縣,行,1336346,1415225093,1059.03
2025年4月,彰化縣,文教康樂,862965,1612698450,1868.79
2025年4月,彰化縣,百貨,1842284,2133177099,1157.9
2025年4月,彰化縣,其他,1080785,3354526285,3103.79
2025年4月,南投縣,食,806149,360590633,447.3
2025年4月,南投縣,衣,52314,122876139,2348.82
2025年4月,南投縣,住,69428,204031571,2938.75
2025年4月,南投縣,行,465379,480548758,1032.6
2025年4月,南投縣,文教康樂,306472,544188278,1775.65
2025年4月,南投縣,百貨,629271,717163363,1139.67
2025年4月,南投縣,其他,368838,1133576169,3073.37
2025年4月,雲林縣,食,1020005,443729468,435.03
2025年4月,雲林縣,衣,73511,167440264,2277.76
2025年4月,雲林縣,住,89672,246030586,2743.67
2025年4月,雲林縣,行,631535,663006425,1049.83
2025年4月,雲林縣,文教康樂,387182,651662007,1683.09
2025年4月,雲林縣,百貨,778683,912641614,1172.03
2025年4月,雲林縣,其他,449904,1416175916,3147.73
2025年4月,嘉義縣,食,717832,309589711,431.28
2025年4月,嘉義縣,衣,50706,109900019,2167.4
2025年4月,嘉義縣,住,62775,169259174,2696.28
2025年4月,嘉義縣,行,460857,459589419,997.25
2025年4月,嘉義縣,文教康樂,282120,444837748,1576.77
2025年4月,嘉義縣,百貨,585782,683535300,1166.88
2025年4月,嘉義縣,其他,328901,995106632,3025.55
2025年4月,嘉義市,食,699607,311706249,445.54
2025年4月,嘉義市,衣,44202,119083645,2694.08
2025年4月,嘉義市,住,58983,193967667,3288.54
2025年4月,嘉義市,行,349504,348296772,996.55
2025年4月,嘉義市,文教康樂,237199,443047042,1867.83
2025年4月,嘉義市,百貨,560381,713494966,1273.23
2025年4月,嘉義市,其他,286646,917341607,3200.26
2025年4月,臺南市,食,5218477,2345261344,449.41
2025年4月,臺南市,衣,328321,790899532,2408.92
2025年4月,臺南市,住,480448,1501688227,3125.6
2025年4月,臺南市,行,2639452,2619754498,992.54
2025年4月,臺南市,文教康樂,1822376,3611005529,1981.48
2025年4月,臺南市,百貨,4108777,5312803532,1293.04
2025年4月,臺南市,其他,2270589,6571054449,2893.99
2025年4月,高雄市,食,8114429,3894267712,479.92
2025年4月,高雄市,衣,455328,1108691834,2434.93
2025年4月,高雄市,住,701915,2177926269,3102.83
2025年4月,高雄市,行,3993457,3885635348,973.0
2025年4月,高雄市,文教康樂,2824482,5443779750,1927.36
2025年4月,高雄市,百貨,6528767,8322545029,1274.75
2025年4月,高雄市,其他,3329792,10090052851,3030.24
2025年4月,屏東縣,食,1225230,558217966,455.6
2025年4月,屏東縣,衣,81636,174672801,2139.65
2025年4月,屏東縣,住,119160,336907911,2827.36
2025年4月,屏東縣,行,772344,767671219,993.95
2025年4月,屏東縣,文教康樂,500631,826522140,1650.96
2025年4月,屏東縣,百貨,1042256,1281502645,1229.55
2025年4月,屏東縣,其他,612587,1965920593,3209.21
2025年4月,基隆市,食,1106858,496382367,448.46
2025年4月,基隆市,衣,64351,167149583,2597.47
2025年4月,基隆市,住,79038,284486922,3599.37
2025年4月,基隆市,行,523069,471043815,900.54
2025年4月,基隆市,文教康樂,404933,716371783,1769.11
2025年4月,基隆市,百貨,876835,965053945,1100.61
2025年4月,基隆市,其他,486931,1246796516,2560.52
2025年4月,宜蘭縣,食,958061,415497671,433.69
2025年4月,宜蘭縣,衣,60350,144777056,2398.96
2025年4月,宜蘭縣,住,85130,253134928,2973.51
2025年4月,宜蘭縣,行,480282,460018340,957.81
2025年4月,宜蘭縣,文教康樂,353830,627192751,1772.58
2025年4月,宜蘭縣,百貨,782299,854883329,1092.78
2025年4月,宜蘭縣,其他,408542,1223386604,2994.52
2025年4月,花蓮縣,食,596601,326648966,547.52
2025年4月,花蓮縣,衣,34707,79910844,2302.44
2025年4月,花蓮縣,住,51328,181509702,3536.27
2025年4月,花蓮縣,行,321576,297147226,924.03
2025年4月,花蓮縣,文教康樂,244919,382344192,1561.1
2025年4月,花蓮縣,百貨,490388,549181326,1119.89
2025年4月,花蓮縣,其他,255924,753509713,2944.27
2025年4月,臺東縣,食,323007,139798443,432.8
2025年4月,臺東縣,衣,20703,45316637,2188.89
2025年4月,臺東縣,住,29747,93011784,3126.76
2025年4月,臺東縣,行,188364,157974281,838.66
2025年4月,臺東縣,文教康樂,127025,189900575,1494.99
2025年4月,臺東縣,百貨,248938,270362848,1086.06
2025年4月,臺東縣,其他,127028,393241634,3095.71
2025年4月,澎湖縣,食,179713,71669566,398.8
2025年4月,澎湖縣,衣,10447,26938162,2578.55
2025年4月,澎湖縣,住,15167,52565680,3465.79
2025年4月,澎湖縣,行,88980,106772029,1199.96
2025年4月,澎湖縣,文教康樂,68222,92216455,1351.71
2025年4月,澎湖縣,百貨,134757,137502156,1020.37
2025年4月,澎湖縣,其他,56897,159759798,2807.88
2025年4月,金門縣,食,120599,81315064,674.26
2025年4月,金門縣,衣,6377,15912151,2495.24
2025年4月,金門縣,住,10085,38878932,3855.12
2025年4月,金門縣,行,51260,64958790,1267.24
2025年4月,金門縣,文教康樂,49433,63483792,1284.24
2025年4月,金門縣,百貨,118122,119030115,1007.69
2025年4月,金門縣,其他,45241,122875031,2716.01
2025年4月,連江縣,食,33191,18038266,543.47
2025年4月,連江縣,衣,1346,3028298,2249.85
2025年4月,連江縣,住,2271,4911054,2162.51
2025年4月,連江縣,行,15461,16067016,1039.2
2025年4月,連江縣,文教康樂,11092,15086786,1360.15
2025年4月,連江縣,百貨,18255,18705393,1024.67
2025年4月,連江縣,其他,9094,26510537,2915.17
2025年5月,臺北市,食,16434543,9404133879,572.22
2025年5月,臺北市,衣,798458,2972781842,3723.15
2025年5月,臺北市,住,983680,4436854591,4510.47
2025年5月,臺北市,行,6048319,6234326408,1030.75
2025年5月,臺北市,文教康樂,4803789,12765936325,2657.47
2025年5月,臺北市,百貨,10959416,14634938234,1335.38
2025年5月,臺北市,其他,5139492,27319179609,5315.54
2025年5月,新北市,食,19496302,9284571070,476.22
2025年5月,新北市,衣,1070114,2735805010,2556.55
2025年5月,新北市,住,1325362,4154313112,3134.47
2025年5月,新北市,行,7532872,6842380232,908.34
2025年5月,新北市,文教康樂,6295879,12864935456,2043.39
2025年5月,新北市,百貨,14742199,16854119774,1143.26
2025年5月,新北市,其他,7162057,29110113753,4064.49
2025年5月,桃園市,食,9021890,4132539962,458.06
2025年5月,桃園市,衣,496285,1277128278,2573.38
2025年5月,桃園市,住,647931,1983190589,3060.81
2025年5月,桃園市,行,3858957,3935978692,1019.96
2025年5月,桃園市,文教康樂,2929034,5923593755,2022.37
2025年5月,桃園市,百貨,6607041,8265670407,1251.04
2025年5月,桃園市,其他,3432470,12477367698,3635.1
2025年5月,新竹縣,食,2651072,1278695212,482.33
2025年5月,新竹縣,衣,133308,383922861,2879.97
2025年5月,新竹縣,住,181355,625464874,3448.84
2025年5月,新竹縣,行,1084227,1217413922,1122.84
2025年5月,新竹縣,文教康樂,820933,1847459688,2250.44
2025年5月,新竹縣,百貨,1862372,2420325603,1299.59
2025年5月,新竹縣,其他,998913,5425892713,5431.8
2025年5月,新竹市,食,2457557,1163540734,473.45
2025年5月,新竹市,衣,117382,333908152,2844.63
2025年5月,新竹市,住,166129,569122746,3425.79
2025年5月,新竹市,行,910861,998385536,1096.09
2025年5月,新竹市,文教康樂,748331,1775094770,2372.07
2025年5月,新竹市,百貨,1730228,2279113830,1317.23
2025年5月,新竹市,其他,886655,5360720590,6046.01
2025年5月,苗栗縣,食,1330248,589385796,443.06
2025年5月,苗栗縣,衣,79889,195925813,2452.48
2025年5月,苗栗縣,住,102681,308808841,3007.46
2025年5月,苗栗縣,行,686669,685133685,997.76
2025年5月,苗栗縣,文教康樂,467901,847110147,1810.45
2025年5月,苗栗縣,百貨,996897,1165119351,1168.75
2025年5月,苗栗縣,其他,584012,2026633489,3470.19
2025年5月,臺中市,食,11601881,5788045790,498.89
2025年5月,臺中市,衣,666122,1834038241,2753.31
2025年5月,臺中市,住,847611,2605298534,3073.7
2025年5月,臺中市,行,5050358,5107448047,1011.3
2025年5月,臺中市,文教康樂,3607297,7924262500,2196.73
2025年5月,臺中市,百貨,8350235,10187484562,1220.02
2025年5月,臺中市,其他,4530349,16469826358,3635.44
2025年5月,彰化縣,食,2643786,1221798378,462.14
2025年5月,彰化縣,衣,184702,432951145,2344.05
2025年5月,彰化縣,住,217013,601596724,2772.17
2025年5月,彰化縣,行,1391531,1477651781,1061.89
2025年5月,彰化縣,文教康樂,902976,1730061939,1915.96
2025年5月,彰化縣,百貨,2041621,2296751774,1124.96
2025年5月,彰化縣,其他,1127941,3928996212,3483.33
2025年5月,南投縣,食,864186,391380693,452.89
2025年5月,南投縣,衣,57567,133083305,2311.8
2025年5月,南投縣,住,71845,199821573,2781.29
2025年5月,南投縣,行,485517,492028501,1013.41
2025年5月,南投縣,文教康樂,318542,555410848,1743.6
2025年5月,南投縣,百貨,693445,762938797,1100.22
2025年5月,南投縣,其他,385784,1203196804,3118.84
2025年5月,雲林縣,食,1101020,484461548,440.01
2025年5月,雲林縣,衣,81272,185477592,2282.18
2025年5月,雲林縣,住,94077,253073477,2690.07
2025年5月,雲林縣,行,659499,658760773,998.88
2025年5月,雲林縣,文教康樂,406600,720513003,1772.04
2025年5月,雲林縣,百貨,862767,967537884,1121.44
2025年5月,雲林縣,其他,472504,1702378193,3602.89
2025年5月,嘉義縣,食,775586,328606880,423.69
2025年5月,嘉義縣,衣,55197,122681852,2222.62
2025年5月,嘉義縣,住,66485,182825545,2749.88
2025年5月,嘉義縣,行,480868,468782839,974.87
2025年5月,嘉義縣,文教康樂,296797,476777604,1606.41
2025年5月,嘉義縣,百貨,651494,748294787,1148.58
2025年5月,嘉義縣,其他,345905,1133940284,3278.18
2025年5月,嘉義市,食,747251,335488389,448.96
2025年5月,嘉義市,衣,47469,127319172,2682.15
2025年5月,嘉義市,住,62300,191465086,3073.28
2025年5月,嘉義市,行,363699,377218088,1037.17
2025年5月,嘉義市,文教康樂,252903,488928359,1933.26
2025年5月,嘉義市,百貨,613010,735763238,1200.25
2025年5月,嘉義市,其他,301378,1188380976,3943.16
2025年5月,臺南市,食,5568682,2448410259,439.68
2025年5月,臺南市,衣,349056,829813104,2377.31
2025年5月,臺南市,住,487122,1395431002,2864.64
2025年5月,臺南市,行,2714269,2656204400,978.61
2025年5月,臺南市,文教康樂,1862887,3519106675,1889.06
2025年5月,臺南市,百貨,4473976,5392871231,1205.39
2025年5月,臺南市,其他,2323830,8612435808,3706.14
2025年5月,高雄市,食,8725111,4249614956,487.06
2025年5月,高雄市,衣,507379,1235838252,2435.73
2025年5月,高雄市,住,739375,2220752069,3003.55
2025年5月,高雄市,行,4181353,3937891335,941.77
2025年5月,高雄市,文教康樂,2965938,5738449773,1934.78
2025年5月,高雄市,百貨,7166167,8684174436,1211.83
2025年5月,高雄市,其他,3530784,13167664719,3729.39
2025年5月,屏東縣,食,1316859,595762784,452.41
2025年5月,屏東縣,衣,90317,195386221,2163.34
2025年5月,屏東縣,住,124668,345848817,2774.16
2025年5月,屏東縣,行,804739,768027962,954.38
2025年5月,屏東縣,文教康樂,515475,847988143,1645.06
2025年5月,屏東縣,百貨,1145501,1323522854,1155.41
2025年5月,屏東縣,其他,636903,2142768783,3364.36
2025年5月,基隆市,食,1170867,534956187,456.89
2025年5月,基隆市,衣,71299,166413331,2334.02
2025年5月,基隆市,住,82469,285023732,3456.13
2025年5月,基隆市,行,543416,485163790,892.8
2025年5月,基隆市,文教康樂,419448,750065735,1788.22
2025年5月,基隆市,百貨,951895,988911674,1038.89
2025年5月,基隆市,其他,511941,1537193363,3002.68
2025年5月,宜蘭縣,食,1007073,432449727,429.41
2025年5月,宜蘭縣,衣,64857,151665389,2338.46
2025年5月,宜蘭縣,住,91071,274444279,3013.52
2025年5月,宜蘭縣,行,502866,478294568,951.14
2025年5月,宜蘭縣,文教康樂,369220,656833630,1778.98
2025年5月,宜蘭縣,百貨,855206,924301085,1080.79
2025年5月,宜蘭縣,其他,427298,1429725770,3345.97
2025年5月,花蓮縣,食,628074,339204309,540.07
2025年5月,花蓮縣,衣,37347,83918225,2246.99
2025年5月,花蓮縣,住,53848,175702611,3262.94
2025年5月,花蓮縣,行,324797,298159479,917.99
2025年5月,花蓮縣,文教康樂,253736,404123678,1592.69
2025年5月,花蓮縣,百貨,533081,572246637,1073.47
2025年5月,花蓮縣,其他,263213,833953998,3168.36
2025年5月,臺東縣,食,343036,149267347,435.14
2025年5月,臺東縣,衣,23439,52720086,2249.25
2025年5月,臺東縣,住,31572,96273990,3049.35
2025年5月,臺東縣,行,196811,168451110,855.9
2025年5月,臺東縣,文教康樂,131434,202603496,1541.48
2025年5月,臺東縣,百貨,271319,288080189,1061.78
2025年5月,臺東縣,其他,133115,435606377,3272.41
2025年5月,澎湖縣,食,195382,76471147,391.39
2025年5月,澎湖縣,衣,10510,27413517,2608.33
2025年5月,澎湖縣,住,15203,48086917,3162.99
2025年5月,澎湖縣,行,89135,95409606,1070.39
2025年5月,澎湖縣,文教康樂,71332,96670709,1355.22
2025年5月,澎湖縣,百貨,144819,142988765,987.36
2025年5月,澎湖縣,其他,58951,194015310,3291.13
2025年5月,金門縣,食,130797,54600323,417.44
2025年5月,金門縣,衣,7138,18343839,2569.88
2025年5月,金門縣,住,10837,37840705,3491.81
2025年5月,金門縣,行,54693,69807582,1276.35
2025年5月,金門縣,文教康樂,53030,71956221,1356.9
2025年5月,金門縣,百貨,128686,124284624,965.8
2025年5月,金門縣,其他,48245,157276545,3259.96
2025年5月,連江縣,食,35549,14505665,408.05
2025年5月,連江縣,衣,1465,3310296,2259.59
2025年5月,連江縣,住,2358,5551043,2354.13
2025年5月,連江縣,行,15779,15749516,998.13
2025年5月,連江縣,文教康樂,11216,16163931,1441.15
2025年5月,連江縣,百貨,20192,22127962,1095.88
2025年5月,連江縣,其他,9489,27227754,2869.4
2025年6月,臺北市,食,16112793,8885675958,551.47
2025年6月,臺北市,衣,830615,3199451947,3851.91
2025年6月,臺北市,住,1004419,4584681917,4564.51
2025年6月,臺北市,行,5972771,6036022274,1010.59
2025年6月,臺北市,文教康樂,4895820,13299706334,2716.54
2025年6月,臺北市,百貨,10917791,14273274098,1307.34
2025年6月,臺北市,其他,5217680,95915835758,18382.85
2025年6月,新北市,食,19195393,8676164461,451.99
2025年6月,新北市,衣,1101222,2828441503,2568.46
2025年6月,新北市,住,1360640,4191568971,3080.59
2025年6月,新北市,行,7405139,6707459914,905.78
2025年6月,新北市,文教康樂,6334755,13168573893,2078.78
2025年6月,新北市,百貨,14741955,16398459076,1112.37
2025年6月,新北市,其他,7132915,48589002968,6811.94
2025年6月,桃園市,食,8903856,3874229055,435.12
2025年6月,桃園市,衣,510580,1329258579,2603.43
2025年6月,桃園市,住,667731,2049750445,3069.72
2025年6月,桃園市,行,3781406,3792669337,1002.98
2025年6月,桃園市,文教康樂,2952696,6028831803,2041.81
2025年6月,桃園市,百貨,6572344,7940196766,1208.12
2025年6月,桃園市,其他,3424200,21574102942,6300.48
2025年6月,新竹縣,食,2609205,1210157822,463.8
2025年6月,新竹縣,衣,135071,381262791,2822.68
2025年6月,新竹縣,住,186704,657178175,3519.89
2025年6月,新竹縣,行,1065658,1166717698,1094.83
2025年6月,新竹縣,文教康樂,830808,2030647841,2444.18
2025年6月,新竹縣,百貨,1850990,2295926420,1240.38
2025年6月,新竹縣,其他,994668,14703548242,14782.37
2025年6月,新竹市,食,2407806,1100777066,457.17
2025年6月,新竹市,衣,119483,344007048,2879.13
2025年6月,新竹市,住,171201,579163257,3382.94
2025年6月,新竹市,行,895926,969180137,1081.76
2025年6月,新竹市,文教康樂,759798,1904832424,2507.02
2025年6月,新竹市,百貨,1717498,2161774348,1258.68
2025年6月,新竹市,其他,890697,16372430441,18381.59
2025年6月,苗栗縣,食,1310338,550087406,419.81
2025年6月,苗栗縣,衣,79763,185311344,2323.27
2025年6月,苗栗縣,住,105859,311276318,2940.48
2025年6月,苗栗縣,行,676924,645592977,953.72
2025年6月,苗栗縣,文教康樂,470969,877420206,1863.01
2025年6月,苗栗縣,百貨,1000405,1133118790,1132.66
2025年6月,苗栗縣,其他,579087,2753048908,4754.12
2025年6月,臺中市,食,11342105,5430448319,478.79
2025年6月,臺中市,衣,662915,1764864138,2662.28
2025年6月,臺中市,住,875930,2683591365,3063.71
2025年6月,臺中市,行,4989222,4981398969,998.43
2025年6月,臺中市,文教康樂,3633669,8147425667,2242.2
2025年6月,臺中市,百貨,8285605,9936034563,1199.19
2025年6月,臺中市,其他,4565517,28737017842,6294.36
2025年6月,彰化縣,食,2588504,1133169175,437.77
2025年6月,彰化縣,衣,183054,413197353,2257.24
2025年6月,彰化縣,住,225518,620817759,2752.85
2025年6月,彰化縣,行,1373475,1382435325,1006.52
2025年6月,彰化縣,文教康樂,909031,1759972850,1936.1
2025年6月,彰化縣,百貨,2044973,2282647973,1116.22
2025年6月,彰化縣,其他,1121659,6915446119,6165.37
2025年6月,南投縣,食,848036,365667858,431.19
2025年6月,南投縣,衣,56501,124287931,2199.75
2025年6月,南投縣,住,75337,211446344,2806.67
2025年6月,南投縣,行,477927,498942407,1043.97
2025年6月,南投縣,文教康樂,321262,572338101,1781.53
2025年6月,南投縣,百貨,690135,750783630,1087.88
2025年6月,南投縣,其他,381186,1690085534,4433.76
2025年6月,雲林縣,食,1074238,451948855,420.72
2025年6月,雲林縣,衣,79758,173296073,2172.77
2025年6月,雲林縣,住,97766,260933978,2668.96
2025年6月,雲林縣,行,646187,665634745,1030.1
2025年6月,雲林縣,文教康樂,410861,726483925,1768.2
2025年6月,雲林縣,百貨,866266,961184331,1109.57
2025年6月,雲林縣,其他,470568,2251914054,4785.52
2025年6月,嘉義縣,食,750826,316757977,421.88
2025年6月,嘉義縣,衣,53077,114109445,2149.88
2025年6月,嘉義縣,住,67664,183172826,2707.09
2025年6月,嘉義縣,行,468329,444942353,950.06
2025年6月,嘉義縣,文教康樂,298991,483411971,1616.81
2025年6月,嘉義縣,百貨,639164,715884954,1120.03
2025年6月,嘉義縣,其他,341806,1399503954,4094.44
2025年6月,嘉義市,食,721900,319326551,442.34
2025年6月,嘉義市,衣,45928,114609244,2495.41
2025年6月,嘉義市,住,64031,193536766,3022.55
2025年6月,嘉義市,行,355718,356413047,1001.95
2025年6月,嘉義市,文教康樂,255998,513511063,2005.92
2025年6月,嘉義市,百貨,602443,710641901,1179.6
2025年6月,嘉義市,其他,300187,1634023461,5443.35
2025年6月,臺南市,食,5365419,2326636778,433.64
2025年6月,臺南市,衣,339798,780818423,2297.89
2025年6月,臺南市,住,491948,1346840649,2737.77
2025年6月,臺南市,行,2647404,2549019403,962.84
2025年6月,臺南市,文教康樂,1895783,3704185528,1953.91
2025年6月,臺南市,百貨,4397521,5157529484,1172.83
2025年6月,臺南市,其他,2303060,14879243174,6460.64
2025年6月,高雄市,食,8372077,3938447078,470.43
2025年6月,高雄市,衣,497126,1249018752,2512.48
2025年6月,高雄市,住,743066,2147127410,2889.55
2025年6月,高雄市,行,4074445,3853532246,945.78
2025年6月,高雄市,文教康樂,2974743,5670503666,1906.22
2025年6月,高雄市,百貨,7009299,8173742974,1166.13
2025年6月,高雄市,其他,3471921,20381401107,5870.35
2025年6月,屏東縣,食,1273916,555794801,436.29
2025年6月,屏東縣,衣,86910,193031748,2221.05
2025年6月,屏東縣,住,125433,339604075,2707.45
2025年6月,屏東縣,行,780522,752234210,963.76
2025年6月,屏東縣,文教康樂,525440,851849551,1621.21
2025年6月,屏東縣,百貨,1127436,1267866217,1124.56
2025年6月,屏東縣,其他,629021,2703166750,4297.42
2025年6月,基隆市,食,1152831,494472437,428.92
2025年6月,基隆市,衣,72525,173387488,2390.73
2025年6月,基隆市,住,84764,282174314,3328.94
2025年6月,基隆市,行,534964,474527138,887.03
2025年6月,基隆市,文教康樂,418293,751955594,1797.68
2025年6月,基隆市,百貨,953938,973605348,1020.62
2025年6月,基隆市,其他,514725,5213253863,10128.23
2025年6月,宜蘭縣,食,996055,409915616,411.54
2025年6月,宜蘭縣,衣,65765,150638712,2290.56
2025年6月,宜蘭縣,住,91933,268623536,2921.95
2025年6月,宜蘭縣,行,494610,451039140,911.91
2025年6月,宜蘭縣,文教康樂,373111,649921596,1741.9
2025年6月,宜蘭縣,百貨,858585,884574548,1030.27
2025年6月,宜蘭縣,其他,429208,1781744941,4151.24
2025年6月,花蓮縣,食,620669,320909789,517.04
2025年6月,花蓮縣,衣,37658,85652224,2274.48
2025年6月,花蓮縣,住,55560,180736709,3253.0
2025年6月,花蓮縣,行,325392,305608392,939.2
2025年6月,花蓮縣,文教康樂,255920,434631097,1698.31
2025年6月,花蓮縣,百貨,535060,564023251,1054.13
2025年6月,花蓮縣,其他,264572,1033073929,3904.7
2025年6月,臺東縣,食,336554,141900563,421.63
2025年6月,臺東縣,衣,22460,46737440,2080.92
2025年6月,臺東縣,住,32066,95191892,2968.62
2025年6月,臺東縣,行,192955,177974603,922.36
2025年6月,臺東縣,文教康樂,131331,203666454,1550.79
2025年6月,臺東縣,百貨,267137,284475706,1064.91
2025年6月,臺東縣,其他,131875,528217004,4005.44
2025年6月,澎湖縣,食,191335,73054094,381.81
2025年6月,澎湖縣,衣,10647,25331856,2379.25
2025年6月,澎湖縣,住,16705,50334617,3013.15
2025年6月,澎湖縣,行,88972,95286457,1070.97
2025年6月,澎湖縣,文教康樂,72343,105433855,1457.42
2025年6月,澎湖縣,百貨,143715,136957119,952.98
2025年6月,澎湖縣,其他,61376,234546553,3821.47
2025年6月,金門縣,食,129459,50599858,390.86
2025年6月,金門縣,衣,7393,20615405,2788.5
2025年6月,金門縣,住,11226,36834127,3281.14
2025年6月,金門縣,行,56598,76885361,1358.45
2025年6月,金門縣,文教康樂,53550,77314644,1443.78
2025年6月,金門縣,百貨,128945,122229850,947.92
2025年6月,金門縣,其他,49814,211378576,4243.36
2025年6月,連江縣,食,33548,12118553,361.23
2025年6月,連江縣,衣,1388,2708912,1951.67
2025年6月,連江縣,住,2413,5391705,2234.44
2025年6月,連江縣,行,15520,16076448,1035.85
2025年6月,連江縣,文教康樂,11743,16009175,1363.3
2025年6月,連江縣,百貨,19905,20859413,1047.95
2025年6月,連江縣,其他,9477,32653303,3445.53
2025年7月,臺北市,食,16838101,9275908521,550.89
2025年7月,臺北市,衣,818747,2988151223,3649.66
2025年7月,臺北市,住,1020769,4636818550,4542.48
2025年7月,臺北市,行,6117639,6259873550,1023.25
2025年7月,臺北市,文教康樂,5113853,13111759254,2563.97
2025年7月,臺北市,百貨,11312006,14127433299,1248.89
2025年7月,臺北市,其他,5273285,16995328522,3222.91
2025年7月,新北市,食,20320589,9167768953,451.16
2025年7月,新北市,衣,1076895,2627625763,2440.0
2025年7月,新北市,住,1373309,4250761473,3095.27
2025年7月,新北市,行,7606727,7012567953,921.89
2025年7月,新北市,文教康樂,6640517,13659700735,2057.02
2025年7月,新北市,百貨,15334455,16389909447,1068.83
2025年7月,新北市,其他,7417107,19892483425,2681.97
2025年7月,桃園市,食,9359278,4109017544,439.03
2025年7月,桃園市,衣,493583,1184009208,2398.8
2025年7月,桃園市,住,672694,2021536431,3005.14
2025年7月,桃園市,行,3872450,3988747424,1030.03
2025年7月,桃園市,文教康樂,3101555,6205572505,2000.79
2025年7月,桃園市,百貨,6833168,7973021849,1166.81
2025年7月,桃園市,其他,3558363,9301019328,2613.85
2025年7月,新竹縣,食,2711980,1267082595,467.22
2025年7月,新竹縣,衣,135295,374050286,2764.7
2025年7月,新竹縣,住,194841,682127003,3500.94
2025年7月,新竹縣,行,1085387,1217371163,1121.6
2025年7月,新竹縣,文教康樂,893315,2056701583,2302.33
2025年7月,新竹縣,百貨,1932580,2332201759,1206.78
2025年7月,新竹縣,其他,1041647,2596011922,2492.22
2025年7月,新竹市,食,2502097,1163520196,465.02
2025年7月,新竹市,衣,120174,340220612,2831.07
2025年7月,新竹市,住,177217,626212468,3533.59
2025年7月,新竹市,行,911367,1026578205,1126.42
2025年7月,新竹市,文教康樂,808632,1990195023,2461.19
2025年7月,新竹市,百貨,1793455,2213349982,1234.13
2025年7月,新竹市,其他,919466,2433197687,2646.32
2025年7月,苗栗縣,食,1367305,588880540,430.69
2025年7月,苗栗縣,衣,79810,183493302,2299.13
2025年7月,苗栗縣,住,109603,332697638,3035.48
2025年7月,苗栗縣,行,685749,680286549,992.03
2025年7月,苗栗縣,文教康樂,502634,948659256,1887.38
2025年7月,苗栗縣,百貨,1066080,1151306614,1079.94
2025年7月,苗栗縣,其他,616463,1511651661,2452.14
2025年7月,臺中市,食,11657272,5703450860,489.26
2025年7月,臺中市,衣,661118,1718796292,2599.83
2025年7月,臺中市,住,898382,2712017656,3018.78
2025年7月,臺中市,行,5086984,5210671578,1024.31
2025年7月,臺中市,文教康樂,3830538,8218942062,2145.64
2025年7月,臺中市,百貨,8653377,9911380987,1145.38
2025年7月,臺中市,其他,4866332,12704373258,2610.67
2025年7月,彰化縣,食,2655277,1214922408,457.55
2025年7月,彰化縣,衣,177340,385347702,2172.93
2025年7月,彰化縣,住,232447,654496698,2815.68
2025年7月,彰化縣,行,1377871,1497825763,1087.06
2025年7月,彰化縣,文教康樂,956868,1802644065,1883.9
2025年7月,彰化縣,百貨,2132775,2273063406,1065.78
2025年7月,彰化縣,其他,1177504,3378777078,2869.44
2025年7月,南投縣,食,870569,389023859,446.86
2025年7月,南投縣,衣,56376,124801630,2213.74
2025年7月,南投縣,住,77563,217448105,2803.5
2025年7月,南投縣,行,480279,509083625,1059.97
2025年7月,南投縣,文教康樂,337288,590586708,1750.99
2025年7月,南投縣,百貨,721889,755587991,1046.68
2025年7月,南投縣,其他,401190,1073100872,2674.79
2025年7月,雲林縣,食,1109776,483307948,435.5
2025年7月,雲林縣,衣,78880,164789668,2089.12
2025年7月,雲林縣,住,101271,271797858,2683.87
2025年7月,雲林縣,行,650260,673895031,1036.35
2025年7月,雲林縣,文教康樂,435788,752128789,1725.91
2025年7月,雲林縣,百貨,911214,980122718,1075.62
2025年7月,雲林縣,其他,492720,1368233469,2776.9
2025年7月,嘉義縣,食,770192,332993745,432.35
2025年7月,嘉義縣,衣,52174,109842137,2105.3
2025年7月,嘉義縣,住,71725,214607256,2992.08
2025年7月,嘉義縣,行,464726,482001349,1037.17
2025年7月,嘉義縣,文教康樂,311356,509286839,1635.71
2025年7月,嘉義縣,百貨,673510,756097545,1122.62
2025年7月,嘉義縣,其他,356889,953575520,2671.91
2025年7月,嘉義市,食,741889,337603110,455.06
2025年7月,嘉義市,衣,46539,108720067,2336.11
2025年7月,嘉義市,住,67933,195197284,2873.38
2025年7月,嘉義市,行,355756,377378601,1060.78
2025年7月,嘉義市,文教康樂,267407,522925389,1955.54
2025年7月,嘉義市,百貨,635269,739210890,1163.62
2025年7月,嘉義市,其他,310700,888450147,2859.51
2025年7月,臺南市,食,5509594,2458591744,446.24
2025年7月,臺南市,衣,331748,732243527,2207.23
2025年7月,臺南市,住,516844,1433921273,2774.38
2025年7月,臺南市,行,2636577,2661947130,1009.62
2025年7月,臺南市,文教康樂,1983601,3756729143,1893.89
2025年7月,臺南市,百貨,4651488,5453610017,1172.44
2025年7月,臺南市,其他,2369590,6346216193,2678.19
2025年7月,高雄市,食,8493192,4123612212,485.52
2025年7月,高雄市,衣,486907,1159824297,2382.02
2025年7月,高雄市,住,759754,2198291158,2893.42
2025年7月,高雄市,行,4077409,3992341174,979.14
2025年7月,高雄市,文教康樂,3118873,5997617801,1923.01
2025年7月,高雄市,百貨,7335186,8523175436,1161.96
2025年7月,高雄市,其他,3598183,10316065228,2867.02
2025年7月,屏東縣,食,1284613,587113160,457.04
2025年7月,屏東縣,衣,85902,179459311,2089.12
2025年7月,屏東縣,住,129614,353832312,2729.89
2025年7月,屏東縣,行,766607,786869366,1026.43
2025年7月,屏東縣,文教康樂,560073,918176851,1639.39
2025年7月,屏東縣,百貨,1183524,1290550089,1090.43
2025年7月,屏東縣,其他,654541,1928949992,2947.03
2025年7月,基隆市,食,1212275,523474897,431.81
2025年7月,基隆市,衣,69585,154311397,2217.6
2025年7月,基隆市,住,85498,285661638,3341.15
2025年7月,基隆市,行,543928,489771062,900.43
2025年7月,基隆市,文教康樂,440518,770245157,1748.5
2025年7月,基隆市,百貨,995115,979783462,984.59
2025年7月,基隆市,其他,530379,1253090226,2362.63
2025年7月,宜蘭縣,食,1045024,432116930,413.5
2025年7月,宜蘭縣,衣,64395,150871626,2342.91
2025年7月,宜蘭縣,住,93951,277718408,2955.99
2025年7月,宜蘭縣,行,507170,483415044,953.16
2025年7月,宜蘭縣,文教康樂,390938,700594985,1792.09
2025年7月,宜蘭縣,百貨,903012,902480571,999.41
2025年7月,宜蘭縣,其他,457378,1217973223,2662.95
2025年7月,花蓮縣,食,644713,345950020,536.6
2025年7月,花蓮縣,衣,36070,82704477,2292.89
2025年7月,花蓮縣,住,55970,177109343,3164.36
2025年7月,花蓮縣,行,322566,301897302,935.92
2025年7月,花蓮縣,文教康樂,268038,436489303,1628.46
2025年7月,花蓮縣,百貨,555857,561187098,1009.59
2025年7月,花蓮縣,其他,273875,720850453,2632.04
2025年7月,臺東縣,食,340094,149167309,438.61
2025年7月,臺東縣,衣,21040,44955704,2136.68
2025年7月,臺東縣,住,32434,98563344,3038.89
2025年7月,臺東縣,行,184984,175031245,946.2
2025年7月,臺東縣,文教康樂,139252,210564283,1512.11
2025年7月,臺東縣,百貨,277777,290601986,1046.17
2025年7月,臺東縣,其他,136376,388437913,2848.29
2025年7月,澎湖縣,食,193397,78570525,406.27
2025年7月,澎湖縣,衣,10883,25316869,2326.28
2025年7月,澎湖縣,住,17829,53444749,2997.63
2025年7月,澎湖縣,行,90645,99232057,1094.73
2025年7月,澎湖縣,文教康樂,78684,119932315,1524.23
2025年7月,澎湖縣,百貨,151930,150789777,992.5
2025年7月,澎湖縣,其他,64132,161366526,2516.16
2025年7月,金門縣,食,135575,53959019,398.0
2025年7月,金門縣,衣,7603,21449920,2821.24
2025年7月,金門縣,住,11618,41900364,3606.5
2025年7月,金門縣,行,57349,76289683,1330.27
2025年7月,金門縣,文教康樂,58943,90597658,1537.04
2025年7月,金門縣,百貨,136234,124132111,911.17
2025年7月,金門縣,其他,53739,127094683,2365.04
2025年7月,連江縣,食,35589,14136740,397.22
2025年7月,連江縣,衣,1578,3548889,2248.98
2025年7月,連江縣,住,2595,6597983,2542.58
2025年7月,連江縣,行,16082,16808210,1045.16
2025年7月,連江縣,文教康樂,12397,18727121,1510.62
2025年7月,連江縣,百貨,21543,22010845,1021.72
2025年7月,連江縣,其他,10836,26553624,2450.5
2025年8月,臺北市,食,17663575,9892691245,560.06
2025年8月,臺北市,衣,810157,3167240686,3909.42
2025年8月,臺北市,住,1073959,4749906657,4422.8
2025年8月,臺北市,行,6252556,6295743457,1006.91
2025年8月,臺北市,文教康樂,5229092,14937228085,2856.56
2025年8月,臺北市,百貨,11812690,15265670016,1292.31
2025年8月,臺北市,其他,5153273,15270585392,2963.28
2025年8月,新北市,食,21484014,9986807666,464.85
2025年8月,新北市,衣,1086957,2620662220,2411.01
2025年8月,新北市,住,1435052,4400775260,3066.63
2025年8月,新北市,行,7770785,7071152078,909.97
2025年8月,新北市,文教康樂,6819955,15382921109,2255.58
2025年8月,新北市,百貨,16032527,17475648024,1090.01
2025年8月,新北市,其他,7145324,18394730488,2574.37
2025年8月,桃園市,食,10014236,4520893704,451.45
2025年8月,桃園市,衣,511582,1260303173,2463.54
2025年8月,桃園市,住,715044,2150137200,3007.0
2025年8月,桃園市,行,3991284,3977219969,996.48
2025年8月,桃園市,文教康樂,3204922,6991609751,2181.52
2025年8月,桃園市,百貨,7201870,8646441174,1200.58
2025年8月,桃園市,其他,3431928,8492068318,2474.43
2025年8月,新竹縣,食,2911970,1407310418,483.28
2025年8月,新竹縣,衣,138945,393880196,2834.79
2025年8月,新竹縣,住,204724,729621553,3563.93
2025年8月,新竹縣,行,1144038,1249952796,1092.58
2025年8月,新竹縣,文教康樂,925347,2290343175,2475.12
2025年8月,新竹縣,百貨,2018001,2445102335,1211.65
2025年8月,新竹縣,其他,996475,2439611912,2448.24
2025年8月,新竹市,食,2695392,1280325462,475.01
2025年8月,新竹市,衣,122476,351834759,2872.68
2025年8月,新竹市,住,189655,653094406,3443.59
2025年8月,新竹市,行,956317,1035649640,1082.96
2025年8月,新竹市,文教康樂,836639,2183311111,2609.62
2025年8月,新竹市,百貨,1880460,2335697979,1242.09
2025年8月,新竹市,其他,880515,2170138029,2464.62
2025年8月,苗栗縣,食,1475562,644281392,436.63
2025年8月,苗栗縣,衣,82152,181851510,2213.6
2025年8月,苗栗縣,住,115905,333814886,2880.07
2025年8月,苗栗縣,行,721161,680334963,943.39
2025年8月,苗栗縣,文教康樂,519662,1024585252,1971.64
2025年8月,苗栗縣,百貨,1110638,1232238315,1109.49
2025年8月,苗栗縣,其他,584568,1397781197,2391.14
2025年8月,臺中市,食,12528089,6204627740,495.26
2025年8月,臺中市,衣,683318,1756681146,2570.81
2025年8月,臺中市,住,941859,2936048618,3117.29
2025年8月,臺中市,行,5249182,5278337497,1005.55
2025年8月,臺中市,文教康樂,3961283,9738954695,2458.54
2025年8月,臺中市,百貨,9030722,10463471614,1158.65
2025年8月,臺中市,其他,4735353,11793686948,2490.56
2025年8月,彰化縣,食,2866794,1350533759,471.1
2025年8月,彰化縣,衣,190549,410048852,2151.93
2025年8月,彰化縣,住,246921,675221504,2734.56
2025年8月,彰化縣,行,1454203,1466562470,1008.5
2025年8月,彰化縣,文教康樂,998807,2253417415,2256.11
2025年8月,彰化縣,百貨,2242700,2445177650,1090.28
2025年8月,彰化縣,其他,1126906,3084039126,2736.73
2025年8月,南投縣,食,928894,422676161,455.03
2025年8月,南投縣,衣,58872,124403276,2113.11
2025年8月,南投縣,住,80891,222504343,2750.67
2025年8月,南投縣,行,506565,531814993,1049.85
2025年8月,南投縣,文教康樂,345488,690186656,1997.72
2025年8月,南投縣,百貨,758424,816499926,1076.57
2025年8月,南投縣,其他,385147,962968269,2500.26
2025年8月,雲林縣,食,1182041,530283674,448.62
2025年8月,雲林縣,衣,82935,173709311,2094.52
2025年8月,雲林縣,住,107222,286640108,2673.33
2025年8月,雲林縣,行,679246,703659016,1035.94
2025年8月,雲林縣,文教康樂,452610,899032364,1986.33
2025年8月,雲林縣,百貨,953433,1052682524,1104.1
2025年8月,雲林縣,其他,467826,1271698115,2718.31
2025年8月,嘉義縣,食,828765,366726959,442.5
2025年8月,嘉義縣,衣,56625,118887475,2099.56
2025年8月,嘉義縣,住,75996,200003612,2631.76
2025年8月,嘉義縣,行,491898,487329835,990.71
2025年8月,嘉義縣,文教康樂,328303,587291802,1788.87
2025年8月,嘉義縣,百貨,708019,802806337,1133.88
2025年8月,嘉義縣,其他,340503,910472541,2673.9
2025年8月,嘉義市,食,803060,374041600,465.77
2025年8月,嘉義市,衣,49244,113968453,2314.36
2025年8月,嘉義市,住,71895,210681350,2930.4
2025年8月,嘉義市,行,378540,378229492,999.18
2025年8月,嘉義市,文教康樂,284334,619610304,2179.16
2025年8月,嘉義市,百貨,672841,798739423,1187.11
2025年8月,嘉義市,其他,298539,832997865,2790.25
2025年8月,臺南市,食,5855326,2654689080,453.38
2025年8月,臺南市,衣,351731,787517264,2238.98
2025年8月,臺南市,住,542397,1492016511,2750.78
2025年8月,臺南市,行,2745774,2780387721,1012.61
2025年8月,臺南市,文教康樂,2058335,4342554570,2109.74
2025年8月,臺南市,百貨,4892005,5864176765,1198.73
2025年8月,臺南市,其他,2263509,6026849814,2662.61
2025年8月,高雄市,食,9085330,4531085818,498.73
2025年8月,高雄市,衣,509032,1189366802,2336.53
2025年8月,高雄市,住,802116,2261167211,2819.0
2025年8月,高雄市,行,4237409,4066731865,959.72
2025年8月,高雄市,文教康樂,3178696,6523700429,2052.32
2025年8月,高雄市,百貨,7670592,9169745575,1195.44
2025年8月,高雄市,其他,3440055,9614079963,2794.75
2025年8月,屏東縣,食,1380355,640231154,463.82
2025年8月,屏東縣,衣,91762,186412592,2031.48
2025年8月,屏東縣,住,139217,373635184,2683.83
2025年8月,屏東縣,行,812312,822145644,1012.11
2025年8月,屏東縣,文教康樂,575425,1004657399,1745.94
2025年8月,屏東縣,百貨,1247114,1405450886,1126.96
2025年8月,屏東縣,其他,634861,1820320373,2867.27
2025年8月,基隆市,食,1285540,565224759,439.68
2025年8月,基隆市,衣,71958,158746232,2206.1
2025年8月,基隆市,住,89810,283793621,3159.93
2025年8月,基隆市,行,554901,494315888,890.82
2025年8月,基隆市,文教康樂,451183,864783056,1916.7
2025年8月,基隆市,百貨,1042334,1081473655,1037.55
2025年8月,基隆市,其他,507237,1204565357,2374.76
2025年8月,宜蘭縣,食,1104183,464543709,420.71
2025年8月,宜蘭縣,衣,67263,146320473,2175.35
2025年8月,宜蘭縣,住,99489,275154715,2765.68
2025年8月,宜蘭縣,行,528561,486963870,921.3
2025年8月,宜蘭縣,文教康樂,399706,795191563,1989.44
2025年8月,宜蘭縣,百貨,957120,985470001,1029.62
2025年8月,宜蘭縣,其他,429102,1091615112,2543.95
2025年8月,花蓮縣,食,671017,357156973,532.26
2025年8月,花蓮縣,衣,38053,84545560,2221.78
2025年8月,花蓮縣,住,59941,186245826,3107.15
2025年8月,花蓮縣,行,336393,326668086,971.09
2025年8月,花蓮縣,文教康樂,280075,505589198,1805.19
2025年8月,花蓮縣,百貨,582831,616537936,1057.83
2025年8月,花蓮縣,其他,257285,695680738,2703.93
2025年8月,臺東縣,食,363476,162820927,447.96
2025年8月,臺東縣,衣,22754,48095596,2113.72
2025年8月,臺東縣,住,34436,107545156,3123.04
2025年8月,臺東縣,行,196478,179226735,912.2
2025年8月,臺東縣,文教康樂,142713,238320069,1669.93
2025年8月,臺東縣,百貨,295330,317930490,1076.53
2025年8月,臺東縣,其他,130918,356863291,2725.85
2025年8月,澎湖縣,食,203132,84000624,413.53
2025年8月,澎湖縣,衣,11545,26348538,2282.25
2025年8月,澎湖縣,住,19085,52594002,2755.78
2025年8月,澎湖縣,行,95757,110879512,1157.93
2025年8月,澎湖縣,文教康樂,81357,131382868,1614.89
2025年8月,澎湖縣,百貨,158275,157827241,997.17
2025年8月,澎湖縣,其他,62949,162017457,2573.79
2025年8月,金門縣,食,139976,57673774,412.03
2025年8月,金門縣,衣,7293,20420709,2800.04
2025年8月,金門縣,住,11676,37810876,3238.34
2025年8月,金門縣,行,59109,77244830,1306.82
2025年8月,金門縣,文教康樂,57749,89496521,1549.75
2025年8月,金門縣,百貨,141049,131980739,935.71
2025年8月,金門縣,其他,50694,121529282,2397.31
2025年8月,連江縣,食,36723,15576569,424.16
2025年8月,連江縣,衣,1555,3187825,2050.05
2025年8月,連江縣,住,2650,7076334,2670.31
2025年8月,連江縣,行,16509,17295601,1047.65
2025年8月,連江縣,文教康樂,12044,20037506,1663.69
2025年8月,連江縣,百貨,22497,23089904,1026.35
2025年8月,連江縣,其他,9697,24042015,2479.33
2025年9月,臺北市,食,16924556,9252751384,546.71
2025年9月,臺北市,衣,746202,2816328605,3774.22
2025年9月,臺北市,住,1008805,4431732214,4393.05
2025年9月,臺北市,行,5966594,5996895670,1005.08
2025年9月,臺北市,文教康樂,5026273,15125752750,3009.34
2025年9月,臺北市,百貨,11076172,15076595094,1361.17
2025年9月,臺北市,其他,5069042,21581026235,4257.42
2025年9月,新北市,食,20588157,9283828001,450.93
2025年9月,新北市,衣,1014150,2515232839,2480.14
2025年9月,新北市,住,1365731,4082553559,2989.28
2025年9月,新北市,行,7472577,6679502294,893.87
2025年9月,新北市,文教康樂,6638818,16498208119,2485.11
2025年9月,新北市,百貨,15044617,17056023601,1133.7
2025年9月,新北市,其他,7160265,21680161461,3027.84
2025年9月,桃園市,食,9559342,4137380404,432.81
2025年9月,桃園市,衣,472914,1154701236,2441.67
2025年9月,桃園市,住,670286,2004318832,2990.24
2025年9月,桃園市,行,3800471,3757771519,988.76
2025年9月,桃園市,文教康樂,3036960,7624308672,2510.51
2025年9月,桃園市,百貨,6770597,8334142769,1230.93
2025年9月,桃園市,其他,3409678,9779811454,2868.25
2025年9月,新竹縣,食,2776943,1290589476,464.75
2025年9月,新竹縣,衣,126948,347746823,2739.29
2025年9月,新竹縣,住,190184,643718876,3384.72
2025年9月,新竹縣,行,1084789,1175650844,1083.76
2025年9月,新竹縣,文教康樂,891124,2365344562,2654.34
2025年9月,新竹縣,百貨,1885684,2359001088,1251.01
2025年9月,新竹縣,其他,990511,3374554395,3406.88
2025年9月,新竹市,食,2570970,1160338408,451.32
2025年9月,新竹市,衣,112499,319019187,2835.75
2025年9月,新竹市,住,176467,592247484,3356.14
2025年9月,新竹市,行,906605,963399058,1062.64
2025年9月,新竹市,文教康樂,802042,2204646720,2748.79
2025年9月,新竹市,百貨,1746942,2221628034,1271.72
2025年9月,新竹市,其他,874852,2575979185,2944.47
2025年9月,苗栗縣,食,1411169,601323844,426.12
2025年9月,苗栗縣,衣,75756,170659972,2252.76
2025年9月,苗栗縣,住,107475,305914252,2846.38
2025年9月,苗栗縣,行,685921,646262953,942.18
2025年9月,苗栗縣,文教康樂,495813,1077473225,2173.14
2025年9月,苗栗縣,百貨,1041422,1204371362,1156.47
2025年9月,苗栗縣,其他,585989,1462248473,2495.35
2025年9月,臺中市,食,11999755,5743210334,478.61
2025年9月,臺中市,衣,632227,1568586161,2481.05
2025年9月,臺中市,住,876604,2607165769,2974.17
2025年9月,臺中市,行,5008754,4933923695,985.06
2025年9月,臺中市,文教康樂,3781844,10062803617,2660.82
2025年9月,臺中市,百貨,8579511,11367688315,1324.98
2025年9月,臺中市,其他,4669845,12994372326,2782.61
2025年9月,彰化縣,食,2756705,1247876197,452.67
2025年9月,彰化縣,衣,175252,374412807,2136.43
2025年9月,彰化縣,住,226889,603731347,2660.91
2025年9月,彰化縣,行,1380314,1371616666,993.7
2025年9月,彰化縣,文教康樂,950345,2376145468,2500.3
2025年9月,彰化縣,百貨,2113517,2490674981,1178.45
2025年9月,彰化縣,其他,1117546,3246073379,2904.64
2025年9月,南投縣,食,899124,393218859,437.34
2025年9月,南投縣,衣,54454,119223497,2189.44
2025年9月,南投縣,住,74452,193011416,2592.43
2025年9月,南投縣,行,482494,479151270,993.07
2025年9月,南投縣,文教康樂,331136,724057956,2186.59
2025年9月,南投縣,百貨,715426,824292704,1152.17
2025年9月,南投縣,其他,381080,1067056873,2800.09
2025年9月,雲林縣,食,1152484,489807650,425.0
2025年9月,雲林縣,衣,76739,160956267,2097.45
2025年9月,雲林縣,住,99107,259944494,2622.87
2025年9月,雲林縣,行,647232,633765311,979.19
2025年9月,雲林縣,文教康樂,429128,939353215,2188.98
2025年9月,雲林縣,百貨,898299,1061106549,1181.24
2025年9月,雲林縣,其他,469860,1365921226,2907.08
2025年9月,嘉義縣,食,810045,343087354,423.54
2025年9月,嘉義縣,衣,53270,109490999,2055.4
2025年9月,嘉義縣,住,69795,174907866,2506.02
2025年9月,嘉義縣,行,470034,454160632,966.23
2025年9月,嘉義縣,文教康樂,311447,603538480,1937.85
2025年9月,嘉義縣,百貨,670687,814411996,1214.3
2025年9月,嘉義縣,其他,343889,946530719,2752.43
2025年9月,嘉義市,食,783843,353939604,451.54
2025年9月,嘉義市,衣,45876,113692330,2478.25
2025年9月,嘉義市,住,64829,180497786,2784.21
2025年9月,嘉義市,行,363863,352908519,969.89
2025年9月,嘉義市,文教康樂,268230,630432923,2350.34
2025年9月,嘉義市,百貨,633835,829016918,1307.94
2025年9月,嘉義市,其他,300536,903372210,3005.87
2025年9月,臺南市,食,5764700,2486210528,431.28
2025年9月,臺南市,衣,333713,729588029,2186.27
2025年9月,臺南市,住,500140,1343841392,2686.93
2025年9月,臺南市,行,2687605,2586404794,962.35
2025年9月,臺南市,文教康樂,1951849,4509873225,2310.56
2025年9月,臺南市,百貨,4681014,5528208716,1180.99
2025年9月,臺南市,其他,2313800,6630918307,2865.81
2025年9月,高雄市,食,8913505,4356219253,488.72
2025年9月,高雄市,衣,484463,1174240552,2423.8
2025年9月,高雄市,住,750812,2121252034,2825.28
2025年9月,高雄市,行,4139125,3893193859,940.58
2025年9月,高雄市,文教康樂,3110419,7574863000,2435.32
2025年9月,高雄市,百貨,7240622,8985813762,1241.03
2025年9月,高雄市,其他,3497233,11366063706,3250.02
2025年9月,屏東縣,食,1358173,602493853,443.61
2025年9月,屏東縣,衣,86250,175041543,2029.47
2025年9月,屏東縣,住,126649,327044982,2582.29
2025年9月,屏東縣,行,783889,762946373,973.28
2025年9月,屏東縣,文教康樂,550370,1097754560,1994.58
2025年9月,屏東縣,百貨,1168719,1331233813,1139.05
2025年9月,屏東縣,其他,633594,1929351062,3045.09
2025年9月,基隆市,食,1232883,532925990,432.26
2025年9月,基隆市,衣,66910,158092040,2362.76
2025年9月,基隆市,住,85234,274239840,3217.49
2025年9月,基隆市,行,531908,461857611,868.3
2025年9月,基隆市,文教康樂,433236,972113355,2243.84
2025年9月,基隆市,百貨,977276,1040201905,1064.39
2025年9月,基隆市,其他,506717,3559333435,7024.3
2025年9月,宜蘭縣,食,1051431,427150579,406.26
2025年9月,宜蘭縣,衣,62678,137618674,2195.65
2025年9月,宜蘭縣,住,91614,249884443,2727.58
2025年9月,宜蘭縣,行,504104,467424622,927.24
2025年9月,宜蘭縣,文教康樂,388260,840762839,2165.46
2025年9月,宜蘭縣,百貨,890966,957078656,1074.2
2025年9月,宜蘭縣,其他,431093,1187115563,2753.73
2025年9月,花蓮縣,食,639981,331472252,517.94
2025年9月,花蓮縣,衣,33515,75103706,2240.9
2025年9月,花蓮縣,住,53563,160955704,3004.98
2025年9月,花蓮縣,行,321002,291197851,907.15
2025年9月,花蓮縣,文教康樂,261277,517892203,1982.16
2025年9月,花蓮縣,百貨,547367,583558916,1066.12
2025年9月,花蓮縣,其他,256106,741453015,2895.1
2025年9月,臺東縣,食,352935,148352495,420.34
2025年9月,臺東縣,衣,21139,43484371,2057.07
2025年9月,臺東縣,住,32639,89688840,2747.9
2025年9月,臺東縣,行,190235,168324184,884.82
2025年9月,臺東縣,文教康樂,135800,267600630,1970.55
2025年9月,臺東縣,百貨,279746,299676038,1071.24
2025年9月,臺東縣,其他,128993,376470374,2918.53
2025年9月,澎湖縣,食,198199,78424397,395.69
2025年9月,澎湖縣,衣,10218,25624899,2507.82
2025年9月,澎湖縣,住,16614,48595428,2924.97
2025年9月,澎湖縣,行,87833,93094023,1059.9
2025年9月,澎湖縣,文教康樂,74621,128872189,1727.02
2025年9月,澎湖縣,百貨,148874,146980886,987.28
2025年9月,澎湖縣,其他,59927,163542741,2729.03
2025年9月,金門縣,食,138504,53227923,384.31
2025年9月,金門縣,衣,6555,14187168,2164.33
2025年9月,金門縣,住,10898,35575530,3264.41
2025年9月,金門縣,行,52387,64596610,1233.07
2025年9月,金門縣,文教康樂,53872,84952863,1576.94
2025年9月,金門縣,百貨,132994,125692994,945.1
2025年9月,金門縣,其他,50348,125675529,2496.14
2025年9月,連江縣,食,35028,17987944,513.53
2025年9月,連江縣,衣,1305,3482475,2668.56
2025年9月,連江縣,住,2403,5275117,2195.22
2025年9月,連江縣,行,14433,16131615,1117.69
2025年9月,連江縣,文教康樂,11077,20070017,1811.86
2025年9月,連江縣,百貨,19994,20137451,1007.17
2025年9月,連江縣,其他,9504,24305909,2557.44
2025年10月,臺北市,食,17367635,9491530827,546.51
2025年10月,臺北市,衣,819158,3278853222,4002.71
2025年10月,臺北市,住,1051917,4875045291,4634.44
2025年10月,臺北市,行,6222173,6628033720,1065.23
2025年10月,臺北市,文教康樂,5270393,14091146948,2673.64
2025年10月,臺北市,百貨,11453412,17441671463,1522.84
2025年10月,臺北市,其他,5240077,16968253410,3238.17
2025年10月,新北市,食,21125225,9475601773,448.54
2025年10月,新北市,衣,1118202,2965698008,2652.2
2025年10月,新北市,住,1410688,4410074819,3126.19
2025年10月,新北市,行,7827195,7314345682,934.48
2025年10月,新北市,文教康樂,6991083,14810119357,2118.43
2025年10月,新北市,百貨,15562997,19666181861,1263.65
2025年10月,新北市,其他,7337722,19602464743,2671.46
2025年10月,桃園市,食,9860760,4266778923,432.7
2025年10月,桃園市,衣,533502,1407265469,2637.79
2025年10月,桃園市,住,689922,2097046339,3039.54
2025年10月,桃園市,行,4004680,4059215719,1013.62
2025年10月,桃園市,文教康樂,3267165,6724882535,2058.32
2025年10月,桃園市,百貨,7018923,9368851263,1334.8
2025年10月,桃園市,其他,3529034,9038350214,2561.14
2025年10月,新竹縣,食,2895889,1317966770,455.12
2025年10月,新竹縣,衣,145150,448639277,3090.87
2025年10月,新竹縣,住,198701,703879715,3542.41
2025年10月,新竹縣,行,1129462,1289405869,1141.61
2025年10月,新竹縣,文教康樂,942305,2144783666,2276.1
2025年10月,新竹縣,百貨,1967412,2578466466,1310.59
2025年10月,新竹縣,其他,1029495,2644584090,2568.82
2025年10月,新竹市,食,2667184,1200902268,450.25
2025年10月,新竹市,衣,127524,401549994,3148.82
2025年10月,新竹市,住,182421,637012469,3491.99
2025年10月,新竹市,行,943812,1073475793,1137.38
2025年10月,新竹市,文教康樂,840542,1982764065,2358.91
2025年10月,新竹市,百貨,1817262,2487560620,1368.85
2025年10月,新竹市,其他,908389,2395437398,2637.02
2025年10月,苗栗縣,食,1470122,606141250,412.31
2025年10月,苗栗縣,衣,85446,202401249,2368.76
2025年10月,苗栗縣,住,110400,321720888,2914.14
2025年10月,苗栗縣,行,712804,684494546,960.28
2025年10月,苗栗縣,文教康樂,531543,981622509,1846.74
2025年10月,苗栗縣,百貨,1085337,1310931321,1207.86
2025年10月,苗栗縣,其他,598485,1427511152,2385.21
2025年10月,臺中市,食,12611743,5899671673,467.79
2025年10月,臺中市,衣,706839,1916035403,2710.71
2025年10月,臺中市,住,899678,2794347418,3105.94
2025年10月,臺中市,行,5241051,5338892146,1018.67
2025年10月,臺中市,文教康樂,4020352,8935595294,2222.59
2025年10月,臺中市,百貨,9015866,12264956749,1360.37
2025年10月,臺中市,其他,5048647,12622256984,2500.13
2025年10月,彰化縣,食,2892671,1260424205,435.73
2025年10月,彰化縣,衣,196780,444430872,2258.52
2025年10月,彰化縣,住,229180,637692746,2782.5
2025年10月,彰化縣,行,1453466,1485216997,1021.85
2025年10月,彰化縣,文教康樂,1008388,1985820662,1969.3
2025年10月,彰化縣,百貨,2187109,2718207435,1242.83
2025年10月,彰化縣,其他,1152895,3211607323,2785.69
2025年10月,南投縣,食,954987,398901224,417.7
2025年10月,南投縣,衣,59793,132449523,2215.13
2025年10月,南投縣,住,75502,206163251,2730.57
2025年10月,南投縣,行,507690,516102222,1016.57
2025年10月,南投縣,文教康樂,352939,639672534,1812.42
2025年10月,南投縣,百貨,738863,868985719,1176.11
2025年10月,南投縣,其他,390268,1034045233,2649.58
2025年10月,雲林縣,食,1212350,506605033,417.87
2025年10月,雲林縣,衣,90774,214126862,2358.9
2025年10月,雲林縣,住,103716,289407812,2790.39
2025年10月,雲林縣,行,692592,722811758,1043.63
2025年10月,雲林縣,文教康樂,474947,927136457,1952.08
2025年10月,雲林縣,百貨,941823,1143378746,1214.01
2025年10月,雲林縣,其他,495661,1351326492,2726.31
2025年10月,嘉義縣,食,848699,344052563,405.39
2025年10月,嘉義縣,衣,60583,128105663,2114.55
2025年10月,嘉義縣,住,70148,184969460,2636.85
2025年10月,嘉義縣,行,497811,491113530,986.55
2025年10月,嘉義縣,文教康樂,336313,568786754,1691.24
2025年10月,嘉義縣,百貨,688482,853643214,1239.89
2025年10月,嘉義縣,其他,350689,953327869,2718.44
2025年10月,嘉義市,食,817179,348124095,426.01
2025年10月,嘉義市,衣,50709,126008052,2484.92
2025年10月,嘉義市,住,64743,188313779,2908.64
2025年10月,嘉義市,行,379065,401747466,1059.84
2025年10月,嘉義市,文教康樂,281171,566361627,2014.3
2025年10月,嘉義市,百貨,646229,866475488,1340.82
2025年10月,嘉義市,其他,307180,891102436,2900.91
2025年10月,臺南市,食,6067025,2549270306,420.18
2025年10月,臺南市,衣,373276,864794998,2316.77
2025年10月,臺南市,住,511629,1431680648,2798.28
2025年10月,臺南市,行,2821614,2768790223,981.28
2025年10月,臺南市,文教康樂,2082708,4157026727,1995.97
2025年10月,臺南市,百貨,4851428,6457659151,1331.08
2025年10月,臺南市,其他,2376949,6428517566,2704.52
2025年10月,高雄市,食,9438746,4400934233,466.26
2025年10月,高雄市,衣,538509,1338397175,2485.38
2025年10月,高雄市,住,770295,2282280304,2962.87
2025年10月,高雄市,行,4371143,4120946709,942.76
2025年10月,高雄市,文教康樂,3268139,6582160218,2014.04
2025年10月,高雄市,百貨,7573669,9834908445,1298.57
2025年10月,高雄市,其他,3598700,10211280248,2837.49
2025年10月,屏東縣,食,1429389,608125078,425.44
2025年10月,屏東縣,衣,95759,197381879,2061.24
2025年10月,屏東縣,住,129064,335709736,2601.11
2025年10月,屏東縣,行,828053,810252869,978.5
2025年10月,屏東縣,文教康樂,583156,1008537421,1729.45
2025年10月,屏東縣,百貨,1231283,1561500179,1268.19
2025年10月,屏東縣,其他,651371,1875551544,2879.39
2025年10月,基隆市,食,1255141,547405311,436.13
2025年10月,基隆市,衣,73919,182442677,2468.14
2025年10月,基隆市,住,87141,282354584,3240.2
2025年10月,基隆市,行,557101,503818995,904.36
2025年10月,基隆市,文教康樂,464427,869147854,1871.44
2025年10月,基隆市,百貨,1007010,1164347395,1156.24
2025年10月,基隆市,其他,521642,1240829055,2378.7
2025年10月,宜蘭縣,食,1080093,435258944,402.98
2025年10月,宜蘭縣,衣,70989,168739523,2376.98
2025年10月,宜蘭縣,住,93613,268540204,2868.62
2025年10月,宜蘭縣,行,524826,485451593,924.98
2025年10月,宜蘭縣,文教康樂,413234,766978883,1856.04
2025年10月,宜蘭縣,百貨,920704,1010946503,1098.01
2025年10月,宜蘭縣,其他,439579,1155893665,2629.55
2025年10月,花蓮縣,食,676221,341957243,505.69
2025年10月,花蓮縣,衣,37752,87402488,2315.18
2025年10月,花蓮縣,住,55835,175396527,3141.34
2025年10月,花蓮縣,行,336572,319755279,950.04
2025年10月,花蓮縣,文教康樂,281556,486812486,1729.01
2025年10月,花蓮縣,百貨,573163,684536293,1194.31
2025年10月,花蓮縣,其他,265338,732581554,2760.94
2025年10月,臺東縣,食,369646,150498730,407.14
2025年10月,臺東縣,衣,22593,50740479,2245.85
2025年10月,臺東縣,住,32601,94774012,2907.09
2025年10月,臺東縣,行,198806,182499445,917.98
2025年10月,臺東縣,文教康樂,145358,223273294,1536.02
2025年10月,臺東縣,百貨,286758,300620880,1048.34
2025年10月,臺東縣,其他,134299,374995238,2792.24
2025年10月,澎湖縣,食,211717,84932221,401.16
2025年10月,澎湖縣,衣,11887,29674737,2496.4
2025年10月,澎湖縣,住,17654,50887552,2882.49
2025年10月,澎湖縣,行,95004,100258461,1055.31
2025年10月,澎湖縣,文教康樂,82848,131060733,1581.94
2025年10月,澎湖縣,百貨,157135,159006818,1011.91
2025年10月,澎湖縣,其他,63565,172770509,2718.01
2025年10月,金門縣,食,146842,74612719,508.12
2025年10月,金門縣,衣,7169,15450204,2155.14
2025年10月,金門縣,住,10481,34277227,3270.42
2025年10月,金門縣,行,54652,74103454,1355.91
2025年10月,金門縣,文教康樂,57283,76449543,1334.59
2025年10月,金門縣,百貨,135579,131124275,967.14
2025年10月,金門縣,其他,53121,128834632,2425.31
2025年10月,連江縣,食,34529,12839923,371.86
2025年10月,連江縣,衣,1595,3515760,2204.24
2025年10月,連江縣,住,2288,5602354,2448.58
2025年10月,連江縣,行,14742,14634699,992.72
2025年10月,連江縣,文教康樂,11467,16549312,1443.21
2025年10月,連江縣,百貨,20512,22531319,1098.45
2025年10月,連江縣,其他,9907,22009428,2221.6
2025年11月,臺北市,食,17080090,9356002966,547.77
2025年11月,臺北市,衣,897468,3356470975,3739.93
2025年11月,臺北市,住,1101034,5175327831,4700.43
2025年11月,臺北市,行,5980112,6175095845,1032.61
2025年11月,臺北市,文教康樂,5016618,13672201673,2725.38
2025年11月,臺北市,百貨,11580147,18743938933,1618.63
2025年11月,臺北市,其他,5217965,17680464118,3388.38
2025年11月,新北市,食,20737894,9412641703,453.89
2025年11月,新北市,衣,1251072,3274179323,2617.1
2025年11月,新北市,住,1494143,4779113265,3198.56
2025年11月,新北市,行,7570878,7119518788,940.38
2025年11月,新北市,文教康樂,6744563,14123246319,2094.02
2025年11月,新北市,百貨,15808894,21331485899,1349.33
2025年11月,新北市,其他,7348229,20345418181,2768.75
2025年11月,桃園市,食,9623131,4227289085,439.28
2025年11月,桃園市,衣,600013,1572181548,2620.25
2025年11月,桃園市,住,733148,2270035669,3096.29
2025年11月,桃園市,行,3866022,3982293974,1030.08
2025年11月,桃園市,文教康樂,3196989,6435290925,2012.92
2025年11月,桃園市,百貨,7281496,10692962859,1468.51
2025年11月,桃園市,其他,3488097,9174629669,2630.27
2025年11月,新竹縣,食,2842121,1304035499,458.82
2025年11月,新竹縣,衣,158511,450473741,2841.91
2025年11月,新竹縣,住,206853,735807198,3557.15
2025年11月,新竹縣,行,1106361,1276352750,1153.65
2025年11月,新竹縣,文教康樂,907357,2043161539,2251.77
2025年11月,新竹縣,百貨,2039006,3358892415,1647.32
2025年11月,新竹縣,其他,1014298,2581822209,2545.43
2025年11月,新竹市,食,2610331,1177792368,451.2
2025年11月,新竹市,衣,138802,398853544,2873.54
2025年11月,新竹市,住,187948,642074988,3416.24
2025年11月,新竹市,行,911035,996221778,1093.51
2025年11月,新竹市,文教康樂,804972,1909834997,2372.55
2025年11月,新竹市,百貨,1883897,3165506690,1680.3
2025年11月,新竹市,其他,896543,2333713615,2603.01
2025年11月,苗栗縣,食,1432447,611883879,427.16
2025年11月,苗栗縣,衣,96482,235740088,2443.36
2025年11月,苗栗縣,住,117831,356670989,3026.97
2025年11月,苗栗縣,行,692607,701665583,1013.08
2025年11月,苗栗縣,文教康樂,519336,954329776,1837.6
2025年11月,苗栗縣,百貨,1108330,1522011531,1373.25
2025年11月,苗栗縣,其他,590907,1440165994,2437.21
2025年11月,臺中市,食,12230677,5786549654,473.12
2025年11月,臺中市,衣,804694,2155983465,2679.26
2025年11月,臺中市,住,952394,2963698981,3111.84
2025年11月,臺中市,行,5058565,5061413084,1000.56
2025年11月,臺中市,文教康樂,3933267,8749333262,2224.44
2025年11月,臺中市,百貨,9200722,12320631389,1339.09
2025年11月,臺中市,其他,5056208,12575351345,2487.11
2025年11月,彰化縣,食,2815535,1239542191,440.25
2025年11月,彰化縣,衣,229356,538347641,2347.21
2025年11月,彰化縣,住,249021,683699056,2745.55
2025年11月,彰化縣,行,1400343,1433119257,1023.41
2025年11月,彰化縣,文教康樂,996010,1991256409,1999.23
2025年11月,彰化縣,百貨,2258830,2860583951,1266.4
2025年11月,彰化縣,其他,1144087,3200693467,2797.6
2025年11月,南投縣,食,934386,397129292,425.02
2025年11月,南投縣,衣,72475,169273535,2335.61
2025年11月,南投縣,住,82120,226650840,2760.0
2025年11月,南投縣,行,496962,509314260,1024.86
2025年11月,南投縣,文教康樂,347270,639984309,1842.9
2025年11月,南投縣,百貨,766410,953945185,1244.69
2025年11月,南投縣,其他,390771,1004181044,2569.74
2025年11月,雲林縣,食,1176014,498015293,423.48
2025年11月,雲林縣,衣,100469,228081819,2270.17
2025年11月,雲林縣,住,108259,295337515,2728.06
2025年11月,雲林縣,行,662175,709766596,1071.87
2025年11月,雲林縣,文教康樂,454295,806199717,1774.62
2025年11月,雲林縣,百貨,961837,1225478464,1274.1
2025年11月,雲林縣,其他,479315,1399256414,2919.28
2025年11月,嘉義縣,食,831686,340342371,409.22
2025年11月,嘉義縣,衣,68599,151513020,2208.68
2025年11月,嘉義縣,住,75157,210987220,2807.29
2025年11月,嘉義縣,行,480939,488245729,1015.19
2025年11月,嘉義縣,文教康樂,330559,562828236,1702.66
2025年11月,嘉義縣,百貨,716659,961535065,1341.69
2025年11月,嘉義縣,其他,351329,940224897,2676.19
2025年11月,嘉義市,食,790681,349746054,442.34
2025年11月,嘉義市,衣,58257,147509336,2532.04
2025年11月,嘉義市,住,68786,209092683,3039.76
2025年11月,嘉義市,行,367545,376259764,1023.71
2025年11月,嘉義市,文教康樂,275283,573436065,2083.08
2025年11月,嘉義市,百貨,663283,938863092,1415.48
2025年11月,嘉義市,其他,306587,909489331,2966.5
2025年11月,臺南市,食,5832049,2499275380,428.54
2025年11月,臺南市,衣,421337,975881580,2316.15
2025年11月,臺南市,住,543170,1562884539,2877.34
2025年11月,臺南市,行,2704195,2741990706,1013.98
2025年11月,臺南市,文教康樂,2036645,4082751452,2004.65
2025年11月,臺南市,百貨,5099647,7907357282,1550.57
2025年11月,臺南市,其他,2356246,6615969450,2807.84
2025年11月,高雄市,食,9088386,4344741850,478.05
2025年11月,高雄市,衣,601510,1467248619,2439.28
2025年11月,高雄市,住,813566,2398046397,2947.57
2025年11月,高雄市,行,4179488,4046963353,968.29
2025年11月,高雄市,文教康樂,3182788,6333693938,1989.98
2025年11月,高雄市,百貨,7757132,11021373695,1420.81
2025年11月,高雄市,其他,3572245,10605786279,2968.94
2025年11月,屏東縣,食,1389217,607798021,437.51
2025年11月,屏東縣,衣,111714,258181825,2311.1
2025年11月,屏東縣,住,138440,382049577,2759.68
2025年11月,屏東縣,行,796561,810519977,1017.52
2025年11月,屏東縣,文教康樂,578756,1010737257,1746.4
2025年11月,屏東縣,百貨,1256713,1625348263,1293.33
2025年11月,屏東縣,其他,639787,1865907934,2916.45
2025年11月,基隆市,食,1224439,536262358,437.97
2025年11月,基隆市,衣,82466,202231535,2452.3
2025年11月,基隆市,住,94998,345375364,3635.61
2025年11月,基隆市,行,545468,483228386,885.9
2025年11月,基隆市,文教康樂,451186,831946398,1843.91
2025年11月,基隆市,百貨,1033709,1291145373,1249.04
2025年11月,基隆市,其他,512165,1265388559,2470.67
2025年11月,宜蘭縣,食,1054146,437321019,414.86
2025年11月,宜蘭縣,衣,79288,187386291,2363.36
2025年11月,宜蘭縣,住,104405,313259076,3000.42
2025年11月,宜蘭縣,行,510466,506244980,991.73
2025年11月,宜蘭縣,文教康樂,406980,748275780,1838.61
2025年11月,宜蘭縣,百貨,957266,1164266326,1216.24
2025年11月,宜蘭縣,其他,435536,1148573312,2637.15
2025年11月,花蓮縣,食,661242,340792082,515.38
2025年11月,花蓮縣,衣,44856,105870605,2360.23
2025年11月,花蓮縣,住,62572,199784565,3192.87
2025年11月,花蓮縣,行,322963,307871764,953.27
2025年11月,花蓮縣,文教康樂,280617,478393574,1704.79
2025年11月,花蓮縣,百貨,591916,699878151,1182.39
2025年11月,花蓮縣,其他,262515,725514607,2763.71
2025年11月,臺東縣,食,358741,151127319,421.27
2025年11月,臺東縣,衣,27215,61341268,2253.95
2025年11月,臺東縣,住,34158,98980155,2897.72
2025年11月,臺東縣,行,191168,178144303,931.87
2025年11月,臺東縣,文教康樂,146669,231078776,1575.51
2025年11月,臺東縣,百貨,298118,346137530,1161.08
2025年11月,臺東縣,其他,132321,380079987,2872.41
2025年11月,澎湖縣,食,207742,84461928,406.57
2025年11月,澎湖縣,衣,14071,35084138,2493.36
2025年11月,澎湖縣,住,19436,55728870,2867.3
2025年11月,澎湖縣,行,93842,100855348,1074.74
2025年11月,澎湖縣,文教康樂,82520,124440910,1508.01
2025年11月,澎湖縣,百貨,158644,179435135,1131.06
2025年11月,澎湖縣,其他,63000,168558105,2675.53
2025年11月,金門縣,食,142779,56553233,396.09
2025年11月,金門縣,衣,8529,20798685,2438.58
2025年11月,金門縣,住,12285,46415801,3778.25
2025年11月,金門縣,行,52482,67683905,1289.66
2025年11月,金門縣,文教康樂,55816,84145033,1507.54
2025年11月,金門縣,百貨,135563,149289855,1101.26
2025年11月,金門縣,其他,53383,134144877,2512.88
2025年11月,連江縣,食,32356,12979371,401.14
2025年11月,連江縣,衣,1703,4276919,2511.4
2025年11月,連江縣,住,2349,6392757,2721.48
2025年11月,連江縣,行,13682,14242160,1040.94
2025年11月,連江縣,文教康樂,11082,15866305,1431.72
2025年11月,連江縣,百貨,19841,25708785,1295.74
2025年11月,連江縣,其他,9604,29603661,3082.43
2025年12月,臺北市,食,17879943,10188794627,569.84
2025年12月,臺北市,衣,943470,3576500899,3790.79
2025年12月,臺北市,住,1114818,5021919903,4504.7
2025年12月,臺北市,行,6369705,6419638357,1007.84
2025年12月,臺北市,文教康樂,5279736,13524284617,2561.55
2025年12月,臺北市,百貨,11455304,15959350276,1393.18
2025年12月,臺北市,其他,5516804,19633969951,3558.94
2025年12月,新北市,食,21739584,10037705649,461.72
2025年12月,新北市,衣,1298050,3308572627,2548.88
2025年12月,新北市,住,1501811,4332296881,2884.72
2025年12月,新北市,行,8000042,7289818446,911.22
2025年12月,新北市,文教康樂,7040629,14216179344,2019.16
2025年12月,新北市,百貨,15523820,18244504756,1175.26
2025年12月,新北市,其他,7727834,23629833921,3057.76
2025年12月,桃園市,食,10150034,4507848037,444.12
2025年12月,桃園市,衣,613760,1564846647,2549.61
2025年12月,桃園市,住,730982,2019286282,2762.43
2025年12月,桃園市,行,4096394,4191897021,1023.31
2025年12月,桃園市,文教康樂,3320407,6529266165,1966.41
2025年12月,桃園市,百貨,7074546,8911919540,1259.72
2025年12月,桃園市,其他,3713034,11041357584,2973.68
2025年12月,新竹縣,食,2976765,1409181831,473.39
2025年12月,新竹縣,衣,163640,461972797,2823.1
2025年12月,新竹縣,住,208617,694325770,3328.23
2025年12月,新竹縣,行,1161070,1275432239,1098.5
2025年12月,新竹縣,文教康樂,953613,2106821164,2209.3
2025年12月,新竹縣,百貨,1990709,2713771261,1363.22
2025年12月,新竹縣,其他,1074311,3082142993,2868.95
2025年12月,新竹市,食,2725937,1277248340,468.55
2025年12月,新竹市,衣,141903,397764321,2803.07
2025年12月,新竹市,住,190529,632359118,3318.97
2025年12月,新竹市,行,961265,1064844261,1107.75
2025年12月,新竹市,文教康樂,846449,1923072239,2271.93
2025年12月,新竹市,百貨,1861195,2650997868,1424.35
2025年12月,新竹市,其他,949023,2836226826,2988.58
2025年12月,苗栗縣,食,1506845,631631812,419.18
2025年12月,苗栗縣,衣,98937,233115824,2356.2
2025年12月,苗栗縣,住,117294,313944059,2676.56
2025年12月,苗栗縣,行,731254,687624079,940.34
2025年12月,苗栗縣,文教康樂,540167,952748179,1763.8
2025年12月,苗栗縣,百貨,1081367,1306622737,1208.31
2025年12月,苗栗縣,其他,632150,1742452336,2756.39
2025年12月,臺中市,食,12825481,6152706613,479.73
2025年12月,臺中市,衣,820605,2171888432,2646.69
2025年12月,臺中市,住,964408,2806932105,2910.52
2025年12月,臺中市,行,5383353,5214093469,968.56
2025年12月,臺中市,文教康樂,4083921,8727044064,2136.93
2025年12月,臺中市,百貨,9025542,11167383590,1237.31
2025年12月,臺中市,其他,5381368,15380862567,2858.17
2025年12月,彰化縣,食,2935386,1280093195,436.09
2025年12月,彰化縣,衣,231797,528219170,2278.8
2025年12月,彰化縣,住,248595,623618032,2508.57
2025年12月,彰化縣,行,1477041,1491037817,1009.48
2025年12月,彰化縣,文教康樂,1030695,1934182179,1876.58
2025年12月,彰化縣,百貨,2172078,2478533488,1141.09
2025年12月,彰化縣,其他,1230260,4034631671,3279.5
2025年12月,南投縣,食,979951,418194798,426.75
2025年12月,南投縣,衣,72042,160357658,2225.89
2025年12月,南投縣,住,83458,216948294,2599.49
2025年12月,南投縣,行,523607,504687738,963.87
2025年12月,南投縣,文教康樂,358144,636007536,1775.84
2025年12月,南投縣,百貨,746545,829141857,1110.64
2025年12月,南投縣,其他,420876,1304421061,3099.3
2025年12月,雲林縣,食,1236763,522349196,422.35
2025年12月,雲林縣,衣,98655,218430874,2214.09
2025年12月,雲林縣,住,107964,266501146,2468.43
2025年12月,雲林縣,行,697610,720967813,1033.48
2025年12月,雲林縣,文教康樂,467226,805185057,1723.33
2025年12月,雲林縣,百貨,922703,1040568124,1127.74
2025年12月,雲林縣,其他,516023,1651853972,3201.12
2025年12月,嘉義縣,食,873749,356993627,408.58
2025年12月,嘉義縣,衣,67536,143089316,2118.71
2025年12月,嘉義縣,住,75770,188455555,2487.21
2025年12月,嘉義縣,行,509895,505855320,992.08
2025年12月,嘉義縣,文教康樂,342652,558024984,1628.55
2025年12月,嘉義縣,百貨,686486,801523940,1167.58
2025年12月,嘉義縣,其他,376856,1201852703,3189.16
2025年12月,嘉義市,食,833171,371972167,446.45
2025年12月,嘉義市,衣,57837,144121153,2491.85
2025年12月,嘉義市,住,69270,189289661,2732.64
2025年12月,嘉義市,行,386012,382287446,990.35
2025年12月,嘉義市,文教康樂,286445,556597558,1943.12
2025年12月,嘉義市,百貨,633356,772919700,1220.36
2025年12月,嘉義市,其他,324500,1067768169,3290.5
2025年12月,臺南市,食,6104389,2612181880,427.92
2025年12月,臺南市,衣,421698,972902300,2307.11
2025年12月,臺南市,住,548242,1474050441,2688.69
2025年12月,臺南市,行,2890706,2883719558,997.58
2025年12月,臺南市,文教康樂,2119834,4182600896,1973.08
2025年12月,臺南市,百貨,4800063,5714978804,1190.6
2025年12月,臺南市,其他,2534559,7978923256,3148.05
2025年12月,高雄市,食,9570789,4557455400,476.18
2025年12月,高雄市,衣,603184,1510156941,2503.64
2025年12月,高雄市,住,823336,2293249157,2785.31
2025年12月,高雄市,行,4492436,4280118968,952.74
2025年12月,高雄市,文教康樂,3300375,6283065272,1903.74
2025年12月,高雄市,百貨,7515861,9257234175,1231.69
2025年12月,高雄市,其他,3824955,12681349728,3315.42
2025年12月,屏東縣,食,1453720,634372343,436.38
2025年12月,屏東縣,衣,109948,233826168,2126.7
2025年12月,屏東縣,住,138727,346618995,2498.57
2025年12月,屏東縣,行,844637,863541168,1022.38
2025年12月,屏東縣,文教康樂,599004,982985075,1641.03
2025年12月,屏東縣,百貨,1217997,1400774214,1150.06
2025年12月,屏東縣,其他,708535,2464447369,3478.23
2025年12月,基隆市,食,1286701,564660796,438.84
2025年12月,基隆市,衣,84393,202639075,2401.14
2025年12月,基隆市,住,93880,285858535,3044.94
2025年12月,基隆市,行,574598,522539193,909.4
2025年12月,基隆市,文教康樂,467316,800486659,1712.95
2025年12月,基隆市,百貨,1005738,1093856117,1087.62
2025年12月,基隆市,其他,550198,1502063235,2730.04
2025年12月,宜蘭縣,食,1117048,461314918,412.98
2025年12月,宜蘭縣,衣,79021,183962904,2328.03
2025年12月,宜蘭縣,住,104048,277352201,2665.62
2025年12月,宜蘭縣,行,541059,538852643,995.92
2025年12月,宜蘭縣,文教康樂,417965,728523292,1743.02
2025年12月,宜蘭縣,百貨,921696,971723237,1054.28
2025年12月,宜蘭縣,其他,475832,1464262430,3077.27
2025年12月,花蓮縣,食,696470,362145875,519.97
2025年12月,花蓮縣,衣,44588,104543094,2344.65
2025年12月,花蓮縣,住,62347,179549608,2879.84
2025年12月,花蓮縣,行,343924,336919119,979.63
2025年12月,花蓮縣,文教康樂,287844,470210382,1633.56
2025年12月,花蓮縣,百貨,573397,603380810,1052.29
2025年12月,花蓮縣,其他,287548,913547768,3177.03
2025年12月,臺東縣,食,375177,157138691,418.84
2025年12月,臺東縣,衣,27354,60579814,2214.66
2025年12月,臺東縣,住,34668,98813779,2850.29
2025年12月,臺東縣,行,201200,182581996,907.47
2025年12月,臺東縣,文教康樂,148851,235445651,1581.75
2025年12月,臺東縣,百貨,289137,308074815,1065.5
2025年12月,臺東縣,其他,142228,467533743,3287.21
2025年12月,澎湖縣,食,216116,86361577,399.61
2025年12月,澎湖縣,衣,13836,34344613,2482.26
2025年12月,澎湖縣,住,19283,55058495,2855.29
2025年12月,澎湖縣,行,105998,123060952,1160.97
2025年12月,澎湖縣,文教康樂,84405,135400277,1604.17
2025年12月,澎湖縣,百貨,153802,161421600,1049.54
2025年12月,澎湖縣,其他,67869,208724655,3075.4
2025年12月,金門縣,食,148273,55538404,374.57
2025年12月,金門縣,衣,8193,21442272,2617.15
2025年12月,金門縣,住,11262,40344834,3582.39
2025年12月,金門縣,行,61446,86856082,1413.54
2025年12月,金門縣,文教康樂,58275,78563186,1348.15
2025年12月,金門縣,百貨,133700,141580751,1058.94
2025年12月,金門縣,其他,55853,153124772,2741.57
2025年12月,連江縣,食,32963,13465274,408.5
2025年12月,連江縣,衣,1688,4117270,2439.14
2025年12月,連江縣,住,2348,6076586,2587.98
2025年12月,連江縣,行,15535,17828708,1147.65
2025年12月,連江縣,文教康樂,11450,16884236,1474.61
2025年12月,連江縣,百貨,18970,22970000,1210.86
2025年12月,連江縣,其他,10317,28484595,2760.94
2026年1月,臺北市,食,17549064,10265747734,584.97
2026年1月,臺北市,衣,950929,3275606079,3444.64
2026年1月,臺北市,住,1133819,4940089931,4357.04
2026年1月,臺北市,行,6311601,6772272513,1072.99
2026年1月,臺北市,文教康樂,5193020,15123824820,2912.34
2026年1月,臺北市,百貨,11234392,16282131158,1449.31
2026年1月,臺北市,其他,5288574,17912980857,3387.11
2026年1月,新北市,食,21469464,10617406041,494.54
2026年1月,新北市,衣,1346708,3379024285,2509.1
2026年1月,新北市,住,1560920,4523081852,2897.7
2026年1月,新北市,行,8036536,7626463687,948.97
2026年1月,新北市,文教康樂,6926592,16116470055,2326.75
2026年1月,新北市,百貨,15396681,19237551303,1249.46
2026年1月,新北市,其他,7420269,21372878699,2880.34
2026年1月,桃園市,食,10020370,4780415845,477.07
2026年1月,桃園市,衣,641175,1601820109,2498.26
2026年1月,桃園市,住,773750,2153337103,2782.99
2026年1月,桃園市,行,4083940,4282232640,1048.55
2026年1月,桃園市,文教康樂,3268419,7224840059,2210.5
2026年1月,桃園市,百貨,7051617,9512960059,1349.05
2026年1月,桃園市,其他,3555247,9874258361,2777.38
2026年1月,新竹縣,食,2925917,1471193579,502.81
2026年1月,新竹縣,衣,168805,460076185,2725.49
2026年1月,新竹縣,住,217289,718509049,3306.7
2026年1月,新竹縣,行,1158183,1343805230,1160.27
2026年1月,新竹縣,文教康樂,940957,2319993415,2465.57
2026年1月,新竹縣,百貨,1956051,2717536303,1389.3
2026年1月,新竹縣,其他,1035092,2841213958,2744.89
2026年1月,新竹市,食,2682585,1335142072,497.71
2026年1月,新竹市,衣,146190,397237944,2717.27
2026年1月,新竹市,住,199587,658581122,3299.72
2026年1月,新竹市,行,955968,1082292705,1132.14
2026年1月,新竹市,文教康樂,840530,2214981974,2635.22
2026年1月,新竹市,百貨,1804619,2549002455,1412.49
2026年1月,新竹市,其他,909320,2577658949,2834.71
2026年1月,苗栗縣,食,1482652,683819895,461.21
2026年1月,苗栗縣,衣,103508,246613682,2382.56
2026年1月,苗栗縣,住,122795,333721704,2717.71
2026年1月,苗栗縣,行,723053,780210017,1079.05
2026年1月,苗栗縣,文教康樂,528451,1050373418,1987.65
2026年1月,苗栗縣,百貨,1069793,1373722542,1284.1
2026年1月,苗栗縣,其他,608276,1468159923,2413.64
2026年1月,臺中市,食,12604129,6475337003,513.75
2026年1月,臺中市,衣,841249,2148644820,2554.11
2026年1月,臺中市,住,997146,2878268537,2886.51
2026年1月,臺中市,行,5315418,5343557559,1005.29
2026年1月,臺中市,文教康樂,4014781,9787415383,2437.85
2026年1月,臺中市,百貨,8940638,12073860876,1350.45
2026年1月,臺中市,其他,4549919,14032954773,3084.22
2026年1月,彰化縣,食,2872065,1367904681,476.28
2026年1月,彰化縣,衣,238872,536875825,2247.55
2026年1月,彰化縣,住,255762,656158879,2565.51
2026年1月,彰化縣,行,1455910,1541712689,1058.93
2026年1月,彰化縣,文教康樂,1006495,2218061772,2203.75
2026年1月,彰化縣,百貨,2155587,2681998268,1244.21
2026年1月,彰化縣,其他,1157646,3319316586,2867.3
2026年1月,南投縣,食,958291,444766396,464.12
2026年1月,南投縣,衣,74935,168186230,2244.43
2026年1月,南投縣,住,86528,219134335,2532.53
2026年1月,南投縣,行,515214,525454336,1019.88
2026年1月,南投縣,文教康樂,351189,701580325,1997.73
2026年1月,南投縣,百貨,745952,907142336,1216.09
2026年1月,南投縣,其他,399228,1030532148,2581.31
2026年1月,雲林縣,食,1209207,560269403,463.34
2026年1月,雲林縣,衣,106069,236094111,2225.85
2026年1月,雲林縣,住,113312,291400951,2571.67
2026年1月,雲林縣,行,688174,727012907,1056.44
2026年1月,雲林縣,文教康樂,456336,863047498,1891.25
2026年1月,雲林縣,百貨,921370,1134426287,1231.24
2026年1月,雲林縣,其他,487225,1361656142,2794.72
2026年1月,嘉義縣,食,848248,385194694,454.11
2026年1月,嘉義縣,衣,71806,160987821,2241.98
2026年1月,嘉義縣,住,80635,213101666,2642.79
2026年1月,嘉義縣,行,499068,528425075,1058.82
2026年1月,嘉義縣,文教康樂,341974,606237180,1772.76
2026年1月,嘉義縣,百貨,688140,873641706,1269.57
2026年1月,嘉義縣,其他,357461,961949207,2691.06
2026年1月,嘉義市,食,808088,393124026,486.49
2026年1月,嘉義市,衣,60398,148432009,2457.56
2026年1月,嘉義市,住,72606,200374068,2759.75
2026年1月,嘉義市,行,379542,402353194,1060.1
2026年1月,嘉義市,文教康樂,281827,613178417,2175.73
2026年1月,嘉義市,百貨,636898,885008189,1389.56
2026年1月,嘉義市,其他,308809,913784444,2959.06
2026年1月,臺南市,食,5982338,2764976951,462.19
2026年1月,臺南市,衣,440494,996720944,2262.73
2026年1月,臺南市,住,571271,1568356705,2745.38
2026年1月,臺南市,行,2842248,2936542426,1033.18
2026年1月,臺南市,文教康樂,2093510,4546588717,2171.75
2026年1月,臺南市,百貨,4788097,6341610133,1324.45
2026年1月,臺南市,其他,2389657,7009508820,2933.27
2026年1月,高雄市,食,9420208,4848342240,514.67
2026年1月,高雄市,衣,632783,1479062244,2337.39
2026年1月,高雄市,住,862567,2421400364,2807.2
2026年1月,高雄市,行,4462061,4425586410,991.83
2026年1月,高雄市,文教康樂,3263129,6839851586,2096.1
2026年1月,高雄市,百貨,7516915,9955980605,1324.48
2026年1月,高雄市,其他,3654026,10952070304,2997.26
2026年1月,屏東縣,食,1411227,665349764,471.47
2026年1月,屏東縣,衣,111556,238475685,2137.72
2026年1月,屏東縣,住,149404,368795326,2468.44
2026年1月,屏東縣,行,832013,856378102,1029.28
2026年1月,屏東縣,文教康樂,589284,1061396709,1801.16
2026年1月,屏東縣,百貨,1219535,1503141267,1232.55
2026年1月,屏東縣,其他,663371,1970275194,2970.1
2026年1月,基隆市,食,1266540,596904766,471.29
2026年1月,基隆市,衣,87484,216156372,2470.81
2026年1月,基隆市,住,96674,279084372,2886.86
2026年1月,基隆市,行,571611,524947212,918.36
2026年1月,基隆市,文教康樂,458864,899329787,1959.9
2026年1月,基隆市,百貨,1002353,1176564179,1173.8
2026年1月,基隆市,其他,519028,1389661065,2677.43
2026年1月,宜蘭縣,食,1107981,487934244,440.38
2026年1月,宜蘭縣,衣,82294,191709593,2329.57
2026年1月,宜蘭縣,住,107945,291329771,2698.87
2026年1月,宜蘭縣,行,540008,532789696,986.63
2026年1月,宜蘭縣,文教康樂,416021,808279655,1942.88
2026年1月,宜蘭縣,百貨,919037,1043167437,1135.07
2026年1月,宜蘭縣,其他,452457,1197664915,2647.02
2026年1月,花蓮縣,食,681821,378669364,555.38
2026年1月,花蓮縣,衣,48426,111376594,2299.93
2026年1月,花蓮縣,住,65230,195202654,2992.53
2026年1月,花蓮縣,行,344846,351822706,1020.23
2026年1月,花蓮縣,文教康樂,285975,500802912,1751.21
2026年1月,花蓮縣,百貨,571904,654935564,1145.18
2026年1月,花蓮縣,其他,270665,751964669,2778.21
2026年1月,臺東縣,食,362170,165338560,456.52
2026年1月,臺東縣,衣,29698,65981408,2221.75
2026年1月,臺東縣,住,35506,100735091,2837.13
2026年1月,臺東縣,行,194144,195125830,1005.06
2026年1月,臺東縣,文教康樂,147801,254350240,1720.9
2026年1月,臺東縣,百貨,289505,324184069,1119.79
2026年1月,臺東縣,其他,135098,396197407,2932.67
2026年1月,澎湖縣,食,203525,93139444,457.63
2026年1月,澎湖縣,衣,14039,35294272,2514.02
2026年1月,澎湖縣,住,20146,63344922,3144.29
2026年1月,澎湖縣,行,94617,109150534,1153.6
2026年1月,澎湖縣,文教康樂,82788,141767497,1712.42
2026年1月,澎湖縣,百貨,150208,166241216,1106.74
2026年1月,澎湖縣,其他,64412,172682621,2680.91
2026年1月,金門縣,食,139717,71180657,509.46
2026年1月,金門縣,衣,8159,21945935,2689.78
2026年1月,金門縣,住,11556,44814134,3878.0
2026年1月,金門縣,行,55600,71234807,1281.2
2026年1月,金門縣,文教康樂,57598,89978191,1562.18
2026年1月,金門縣,百貨,133636,151324146,1132.36
2026年1月,金門縣,其他,53124,129593994,2439.46
2026年1月,連江縣,食,31448,29222491,929.23
2026年1月,連江縣,衣,1717,4348938,2532.87
2026年1月,連江縣,住,2414,5852120,2424.24
2026年1月,連江縣,行,14289,16087112,1125.84
2026年1月,連江縣,文教康樂,11283,19303037,1710.81
2026年1月,連江縣,百貨,18824,23266189,1235.99
2026年1月,連江縣,其他,9886,24162199,2444.08
2026年2月,臺北市,食,15428958,9833673539,637.35
2026年2月,臺北市,衣,790633,3247635242,4107.64
2026年2月,臺北市,住,1025587,4803668835,4683.82
2026年2月,臺北市,行,5589482,5680363438,1016.26
2026年2月,臺北市,文教康樂,5143449,13997959752,2721.51
2026年2月,臺北市,百貨,10180105,15386323784,1511.41
2026年2月,臺北市,其他,4534998,13858219023,3055.84
2026年2月,新北市,食,19088707,10028141022,525.34
2026年2月,新北市,衣,1102023,3013170825,2734.22
2026年2月,新北市,住,1364488,4288937844,3143.26
2026年2月,新北市,行,7192309,6312212417,877.63
2026年2月,新北市,文教康樂,6968495,15628418618,2242.73
2026年2月,新北市,百貨,13985654,17902341458,1280.05
2026年2月,新北市,其他,6334194,15789978948,2492.82
2026年2月,桃園市,食,8966326,4524605066,504.62
2026年2月,桃園市,衣,518779,1458746716,2811.88
2026年2月,桃園市,住,659718,2015848342,3055.62
2026年2月,桃園市,行,3680255,3479197228,945.37
2026年2月,桃園市,文教康樂,3311404,7065014209,2133.54
2026年2月,桃園市,百貨,6437146,8951453868,1390.59
2026年2月,桃園市,其他,3041709,7342391783,2413.9
2026年2月,新竹縣,食,2628135,1395398609,530.95
2026年2月,新竹縣,衣,139822,433772362,3102.32
2026年2月,新竹縣,住,191638,696455986,3634.23
2026年2月,新竹縣,行,1039360,1094392568,1052.95
2026年2月,新竹縣,文教康樂,954473,2330477229,2441.64
2026年2月,新竹縣,百貨,1803996,2597979368,1440.12
2026年2月,新竹縣,其他,887924,2173052897,2447.34
2026年2月,新竹市,食,2405056,1280116698,532.26
2026年2月,新竹市,衣,121818,387857872,3183.91
2026年2月,新竹市,住,178112,658158948,3695.2
2026年2月,新竹市,行,861295,909199052,1055.62
2026年2月,新竹市,文教康樂,847904,2131844889,2514.25
2026年2月,新竹市,百貨,1662434,2417300726,1454.07
2026年2月,新竹市,其他,783785,1944301973,2480.66
2026年2月,苗栗縣,食,1324159,643291477,485.81
2026年2月,苗栗縣,衣,82540,203453507,2464.91
2026年2月,苗栗縣,住,102613,298845191,2912.35
2026年2月,苗栗縣,行,629170,589970877,937.7
2026年2月,苗栗縣,文教康樂,534875,1059283184,1980.43
2026年2月,苗栗縣,百貨,969282,1274811336,1315.21
2026年2月,苗栗縣,其他,503632,1133635698,2250.92
2026年2月,臺中市,食,11434549,6261255823,547.57
2026年2月,臺中市,衣,692660,1916601134,2767.02
2026年2月,臺中市,住,858532,2649287172,3085.83
2026年2月,臺中市,行,4722461,4422753721,936.54
2026年2月,臺中市,文教康樂,4027922,9587043401,2380.15
2026年2月,臺中市,百貨,8147064,11040201070,1355.11
2026年2月,臺中市,其他,3753542,10074958440,2684.12
2026年2月,彰化縣,食,2596775,1312360042,505.38
2026年2月,彰化縣,衣,195405,464983429,2379.59
2026年2月,彰化縣,住,218411,606305576,2775.98
2026年2月,彰化縣,行,1283992,1219871867,950.06
2026年2月,彰化縣,文教康樂,1019133,2147424906,2107.11
2026年2月,彰化縣,百貨,1959069,2462065399,1256.75
2026年2月,彰化縣,其他,987693,2545122608,2576.84
2026年2月,南投縣,食,849499,412026154,485.02
2026年2月,南投縣,衣,60250,136824109,2270.94
2026年2月,南投縣,住,71667,198636023,2771.65
2026年2月,南投縣,行,449895,425911158,946.69
2026年2月,南投縣,文教康樂,355631,703878195,1979.24
2026年2月,南投縣,百貨,666018,808045841,1213.25
2026年2月,南投縣,其他,330936,810505241,2449.13
2026年2月,雲林縣,食,1074333,506891725,471.82
2026年2月,雲林縣,衣,84611,198428892,2345.19
2026年2月,雲林縣,住,93881,255602576,2722.62
2026年2月,雲林縣,行,600152,586203860,976.76
2026年2月,雲林縣,文教康樂,462141,850295720,1839.91
2026年2月,雲林縣,百貨,820115,1019143906,1242.68
2026年2月,雲林縣,其他,413396,1067340814,2581.88
2026年2月,嘉義縣,食,746197,348219364,466.66
2026年2月,嘉義縣,衣,57609,121980240,2117.38
2026年2月,嘉義縣,住,66908,174999798,2615.53
2026年2月,嘉義縣,行,435675,402403673,923.63
2026年2月,嘉義縣,文教康樂,341657,605338067,1771.77
2026年2月,嘉義縣,百貨,609105,797699384,1309.63
2026年2月,嘉義縣,其他,295402,750565627,2540.83
2026年2月,嘉義市,食,722274,371828206,514.8
2026年2月,嘉義市,衣,49319,124542981,2525.25
2026年2月,嘉義市,住,62770,181861087,2897.26
2026年2月,嘉義市,行,329832,305050581,924.87
2026年2月,嘉義市,文教康樂,279763,590161938,2109.51
2026年2月,嘉義市,百貨,570392,770487202,1350.8
2026年2月,嘉義市,其他,261908,714988727,2729.92
2026年2月,臺南市,食,5416916,2642777022,487.87
2026年2月,臺南市,衣,358498,868892753,2423.7
2026年2月,臺南市,住,489371,1400986483,2862.83
2026年2月,臺南市,行,2539823,2350547045,925.48
2026年2月,臺南市,文教康樂,2096241,4281608254,2042.52
2026年2月,臺南市,百貨,4386599,5953175039,1357.13
2026年2月,臺南市,其他,2012621,5238325121,2602.74
2026年2月,高雄市,食,8520945,4631514772,543.54
2026年2月,高雄市,衣,517872,1346951827,2600.94
2026年2月,高雄市,住,736276,2204001837,2993.45
2026年2月,高雄市,行,3976150,3526260216,886.85
2026年2月,高雄市,文教康樂,3255670,6744318843,2071.56
2026年2月,高雄市,百貨,6818858,9094986940,1333.8
2026年2月,高雄市,其他,3076984,8273748124,2688.91
2026年2月,屏東縣,食,1261144,617167391,489.37
2026年2月,屏東縣,衣,93610,204815057,2187.96
2026年2月,屏東縣,住,123014,339168214,2757.15
2026年2月,屏東縣,行,734718,688820919,937.53
2026年2月,屏東縣,文教康樂,588971,1048014719,1779.4
2026年2月,屏東縣,百貨,1092132,1372035072,1256.29
2026年2月,屏東縣,其他,556107,1490735425,2680.66
2026年2月,基隆市,食,1131181,564661111,499.18
2026年2月,基隆市,衣,72581,184301481,2539.25
2026年2月,基隆市,住,82124,253118840,3082.15
2026年2月,基隆市,行,508859,423830391,832.9
2026年2月,基隆市,文教康樂,464329,906817086,1952.96
2026年2月,基隆市,百貨,898573,1078976136,1200.77
2026年2月,基隆市,其他,444783,989756936,2225.26
2026年2月,宜蘭縣,食,980200,452950297,462.1
2026年2月,宜蘭縣,衣,67986,169863185,2498.5
2026年2月,宜蘭縣,住,91026,260750296,2864.57
2026年2月,宜蘭縣,行,475694,425667777,894.84
2026年2月,宜蘭縣,文教康樂,415136,815179510,1963.64
2026年2月,宜蘭縣,百貨,819005,937743395,1144.98
2026年2月,宜蘭縣,其他,377500,926357677,2453.93
2026年2月,花蓮縣,食,598835,332099462,554.58
2026年2月,花蓮縣,衣,40728,99646936,2446.64
2026年2月,花蓮縣,住,55064,172183805,3126.98
2026年2月,花蓮縣,行,296987,270777014,911.75
2026年2月,花蓮縣,文教康樂,285990,481849388,1684.85
2026年2月,花蓮縣,百貨,510911,585252501,1145.51
2026年2月,花蓮縣,其他,225577,585574187,2595.89
2026年2月,臺東縣,食,318506,151297540,475.02
2026年2月,臺東縣,衣,24927,56973034,2285.6
2026年2月,臺東縣,住,30040,92536673,3080.45
2026年2月,臺東縣,行,168025,149566362,890.14
2026年2月,臺東縣,文教康樂,149325,240218246,1608.69
2026年2月,臺東縣,百貨,259911,297828806,1145.89
2026年2月,臺東縣,其他,113256,300714560,2655.18
2026年2月,澎湖縣,食,179892,84398987,469.16
2026年2月,澎湖縣,衣,11653,29171408,2503.34
2026年2月,澎湖縣,住,16556,50283934,3037.2
2026年2月,澎湖縣,行,82915,87944780,1060.66
2026年2月,澎湖縣,文教康樂,82090,129779645,1580.94
2026年2月,澎湖縣,百貨,133091,155317609,1167.0
2026年2月,澎湖縣,其他,55793,139424147,2498.95
2026年2月,金門縣,食,122502,61868571,505.04
2026年2月,金門縣,衣,7226,19230916,2661.35
2026年2月,金門縣,住,9212,31690108,3440.09
2026年2月,金門縣,行,48719,60096320,1233.53
2026年2月,金門縣,文教康樂,57556,88322165,1534.54
2026年2月,金門縣,百貨,115108,131456503,1142.03
2026年2月,金門縣,其他,45346,109428078,2413.18
2026年2月,連江縣,食,27920,13351682,478.21
2026年2月,連江縣,衣,1404,3412690,2430.69
2026年2月,連江縣,住,2074,5392403,2600.0
2026年2月,連江縣,行,13737,15943974,1160.66
2026年2月,連江縣,文教康樂,11292,19089950,1690.57
2026年2月,連江縣,百貨,17922,22739229,1268.79
2026年2月,連江縣,其他,8554,29738757,3476.59
2026年3月,臺北市,食,17864880,9375209716,524.78
2026年3月,臺北市,衣,825495,3073129197,3722.77
2026年3月,臺北市,住,1101859,4771410142,4330.33
2026年3月,臺北市,行,6506455,7523518635,1156.32
2026年3月,臺北市,文教康樂,5344769,15627784514,2923.94
2026年3月,臺北市,百貨,10878959,14531733200,1335.77
2026年3月,臺北市,其他,5834693,18612386964,3189.95
2026年3月,新北市,食,21774819,9459374154,434.42
2026年3月,新北市,衣,1160604,2804824114,2416.69
2026年3月,新北市,住,1512164,4264136102,2819.89
2026年3月,新北市,行,8304145,8486432909,1021.95
2026年3月,新北市,文教康樂,7226516,16867537825,2334.12
2026年3月,新北市,百貨,14971263,17290318807,1154.9
2026年3月,新北市,其他,8166170,22127378450,2709.64
2026年3月,桃園市,食,10207190,4254642126,416.83
2026年3月,桃園市,衣,545265,1357755366,2490.08
2026年3月,桃園市,住,748027,2041102829,2728.65
2026年3月,桃園市,行,4253609,4593487835,1079.9
2026年3月,桃園市,文教康樂,3383354,7617266340,2251.4
2026年3月,桃園市,百貨,6818728,8433837484,1236.86
2026年3月,桃園市,其他,3899808,10277697455,2635.44
2026年3月,新竹縣,食,2986153,1308102855,438.06
2026年3月,新竹縣,衣,146510,400675809,2734.8
2026年3月,新竹縣,住,209203,667480351,3190.59
2026年3月,新竹縣,行,1209436,1480427375,1224.06
2026年3月,新竹縣,文教康樂,981897,2508442892,2554.69
2026年3月,新竹縣,百貨,1888476,2422122873,1282.58
2026年3月,新竹縣,其他,1124118,2843562911,2529.59
2026年3月,新竹市,食,2722297,1193077416,438.26
2026年3月,新竹市,衣,126841,354913358,2798.1
2026年3月,新竹市,住,190783,604461575,3168.32
2026年3月,新竹市,行,994244,1257438022,1264.72
2026年3月,新竹市,文教康樂,863174,2315067592,2682.04
2026年3月,新竹市,百貨,1745331,2250911552,1289.68
2026年3月,新竹市,其他,992947,2509276584,2527.1
2026年3月,苗栗縣,食,1508173,600106161,397.9
2026年3月,苗栗縣,衣,89002,195225661,2193.5
2026年3月,苗栗縣,住,118629,310639062,2618.58
2026年3月,苗栗縣,行,759993,797239844,1049.01
2026年3月,苗栗縣,文教康樂,549121,1174245355,2138.41
2026年3月,苗栗縣,百貨,1043488,1218318159,1167.54
2026年3月,苗栗縣,其他,666368,1660206708,2491.43
2026年3月,臺中市,食,12873125,5799343715,450.5
2026年3月,臺中市,衣,733441,1878221754,2560.84
2026年3月,臺中市,住,974447,2653894499,2723.49
2026年3月,臺中市,行,5587119,6026664544,1078.67
2026年3月,臺中市,文教康樂,4158364,10229873450,2460.07
2026年3月,臺中市,百貨,8818923,11218015167,1272.04
2026年3月,臺中市,其他,4924226,14091916167,2861.75
2026年3月,彰化縣,食,2945380,1220075129,414.23
2026年3月,彰化縣,衣,207654,427296182,2057.73
2026年3月,彰化縣,住,250716,597687890,2383.92
2026年3月,彰化縣,行,1540328,1685392829,1094.18
2026年3月,彰化縣,文教康樂,1044498,2281785434,2184.58
2026年3月,彰化縣,百貨,2137125,2473500151,1157.4
2026年3月,彰化縣,其他,1283924,3716875485,2894.93
2026年3月,南投縣,食,976618,391292953,400.66
2026年3月,南投縣,衣,65650,138474521,2109.28
2026年3月,南投縣,住,83371,200477481,2404.64
2026年3月,南投縣,行,540800,591715216,1094.15
2026年3月,南投縣,文教康樂,366634,809039710,2206.67
2026年3月,南投縣,百貨,736721,837564641,1136.88
2026年3月,南投縣,其他,439471,1188118884,2703.52
2026年3月,雲林縣,食,1254392,499823512,398.46
2026年3月,雲林縣,衣,92605,192842247,2082.42
2026年3月,雲林縣,住,110548,259858870,2350.64
2026年3月,雲林縣,行,728232,794013296,1090.33
2026年3月,雲林縣,文教康樂,478222,934424686,1953.96
2026年3月,雲林縣,百貨,911115,1049319894,1151.69
2026年3月,雲林縣,其他,547851,1566414651,2859.2
2026年3月,嘉義縣,食,884806,341708310,386.2
2026年3月,嘉義縣,衣,64105,126273478,1969.79
2026年3月,嘉義縣,住,78822,181409628,2301.51
2026年3月,嘉義縣,行,523526,530635585,1013.58
2026年3月,嘉義縣,文教康樂,350416,649241156,1852.77
2026年3月,嘉義縣,百貨,672980,794845288,1181.08
2026年3月,嘉義縣,其他,390097,1093235827,2802.47
2026年3月,嘉義市,食,832510,340933807,409.53
2026年3月,嘉義市,衣,54733,126360357,2308.67
2026年3月,嘉義市,住,70821,183621273,2592.75
2026年3月,嘉義市,行,395972,412469746,1041.66
2026年3月,嘉義市,文教康樂,290550,648168572,2230.83
2026年3月,嘉義市,百貨,621906,780478405,1254.98
2026年3月,嘉義市,其他,338575,973901222,2876.47
2026年3月,臺南市,食,6204827,2493219186,401.82
2026年3月,臺南市,衣,399134,859313472,2152.94
2026年3月,臺南市,住,556122,1427000949,2565.99
2026年3月,臺南市,行,2989218,3219251893,1076.95
2026年3月,臺南市,文教康樂,2143811,4786728672,2232.81
2026年3月,臺南市,百貨,4702164,5705256615,1213.33
2026年3月,臺南市,其他,2660877,7231579724,2717.74
2026年3月,高雄市,食,9689252,4287231823,442.47
2026年3月,高雄市,衣,584934,1337752103,2287.01
2026年3月,高雄市,住,840216,2263026747,2693.39
2026年3月,高雄市,行,4655567,4661769275,1001.33
2026年3月,高雄市,文教康樂,3370267,7445937746,2209.3
2026年3月,高雄市,百貨,7335842,8945068652,1219.36
2026年3月,高雄市,其他,4006005,11270305777,2813.35
2026年3月,屏東縣,食,1459036,602837929,413.18
2026年3月,屏東縣,衣,106788,215279922,2015.96
2026年3月,屏東縣,住,143610,348873695,2429.31
2026年3月,屏東縣,行,870966,901609923,1035.18
2026年3月,屏東縣,文教康樂,606742,1134039975,1869.06
2026年3月,屏東縣,百貨,1200561,1371951278,1142.76
2026年3月,屏東縣,其他,733500,2164083883,2950.35
2026年3月,基隆市,食,1287006,527922882,410.19
2026年3月,基隆市,衣,77406,176556815,2280.92
2026年3月,基隆市,住,95413,270374356,2833.73
2026年3月,基隆市,行,593045,548452133,924.81
2026年3月,基隆市,文教康樂,477318,1006589261,2108.84
2026年3月,基隆市,百貨,969938,1139364906,1174.68
2026年3月,基隆市,其他,572950,1415143257,2469.92
2026年3月,宜蘭縣,食,1132580,442656161,390.84
2026年3月,宜蘭縣,衣,75159,170972351,2274.81
2026年3月,宜蘭縣,住,104060,263108188,2528.43
2026年3月,宜蘭縣,行,563806,563783565,999.96
2026年3月,宜蘭縣,文教康樂,432209,876970861,2029.04
2026年3月,宜蘭縣,百貨,910337,964063437,1059.02
2026年3月,宜蘭縣,其他,503128,1337594627,2658.56
2026年3月,花蓮縣,食,691438,332192700,480.44
2026年3月,花蓮縣,衣,42306,96656525,2284.7
2026年3月,花蓮縣,住,61617,177203498,2875.89
2026年3月,花蓮縣,行,360592,342194844,948.98
2026年3月,花蓮縣,文教康樂,294843,529868918,1797.12
2026年3月,花蓮縣,百貨,558573,600514599,1075.09
2026年3月,花蓮縣,其他,305158,847205447,2776.28
2026年3月,臺東縣,食,373435,150712757,403.58
2026年3月,臺東縣,衣,24347,47977611,1970.58
2026年3月,臺東縣,住,35390,100801061,2848.29
2026年3月,臺東縣,行,207321,199376930,961.68
2026年3月,臺東縣,文教康樂,149881,269428264,1797.61
2026年3月,臺東縣,百貨,285134,296697521,1040.55
2026年3月,臺東縣,其他,153154,438657971,2864.16
2026年3月,澎湖縣,食,209391,82690592,394.91
2026年3月,澎湖縣,衣,11906,28056921,2356.54
2026年3月,澎湖縣,住,19128,54631936,2856.12
2026年3月,澎湖縣,行,103706,127028148,1224.89
2026年3月,澎湖縣,文教康樂,82430,130156084,1578.99
2026年3月,澎湖縣,百貨,146042,150624712,1031.38
2026年3月,澎湖縣,其他,72088,192792972,2674.41
2026年3月,金門縣,食,144488,52163423,361.02
2026年3月,金門縣,衣,6870,16735721,2436.06
2026年3月,金門縣,住,11019,34017123,3087.13
2026年3月,金門縣,行,56844,74895659,1317.56
2026年3月,金門縣,文教康樂,58407,86440613,1479.97
2026年3月,金門縣,百貨,126542,124899115,987.02
2026年3月,金門縣,其他,59716,144776218,2424.41
2026年3月,連江縣,食,30223,13069146,432.42
2026年3月,連江縣,衣,1266,2909466,2298.16
2026年3月,連江縣,住,2384,5685154,2384.71
2026年3月,連江縣,行,15108,18592872,1230.66
2026年3月,連江縣,文教康樂,11350,17322899,1526.25
2026年3月,連江縣,百貨,17854,19288950,1080.37
2026年3月,連江縣,其他,10318,24830635,2406.54
2026年4月,臺北市,食,17862504,9318198280,521.66
2026年4月,臺北市,衣,903071,3181758573,3523.27
2026年4月,臺北市,住,1081480,4827124472,4463.44
2026年4月,臺北市,行,6165388,6758874752,1096.26
2026年4月,臺北市,文教康樂,5236941,14139562446,2699.97
2026年4月,臺北市,百貨,10914354,15797971014,1447.45
2026年4月,臺北市,其他,5744139,18628779431,3243.09
2026年4月,新北市,食,21887154,9577429488,437.58
2026年4月,新北市,衣,1270565,2910711189,2290.88
2026年4月,新北市,住,1475068,4388259411,2974.95
2026年4月,新北市,行,7875504,7673825509,974.39
2026年4月,新北市,文教康樂,7063457,14791596985,2094.1
2026年4月,新北市,百貨,14981924,17556761603,1171.86
2026年4月,新北市,其他,7971012,22075667977,2769.49
2026年4月,桃園市,食,10338099,4406254148,426.22
2026年4月,桃園市,衣,598342,1392390080,2327.08
2026年4月,桃園市,住,726254,2093332629,2882.37
2026年4月,桃園市,行,4022411,4305918844,1070.48
2026年4月,桃園市,文教康樂,3333958,6805879557,2041.38
2026年4月,桃園市,百貨,6830552,8595277151,1258.36
2026年4月,桃園市,其他,3861967,10602202291,2745.29
2026年4月,新竹縣,食,3011656,1335710503,443.51
2026年4月,新竹縣,衣,161291,409759414,2540.5
2026年4月,新竹縣,住,205558,700449597,3407.55
2026年4月,新竹縣,行,1146480,1353247614,1180.35
2026年4月,新竹縣,文教康樂,943317,2193466998,2325.27
2026年4月,新竹縣,百貨,1910655,2539783135,1329.27
2026年4月,新竹縣,其他,1116995,3052425847,2732.71
2026年4月,新竹市,食,2731716,1207910714,442.18
2026年4月,新竹市,衣,139632,363213571,2601.22
2026年4月,新竹市,住,185451,618864193,3337.08
2026年4月,新竹市,行,934215,1119298161,1198.12
2026年4月,新竹市,文教康樂,837051,2068054931,2470.64
2026年4月,新竹市,百貨,1743241,2322192672,1332.11
2026年4月,新竹市,其他,990704,2833167674,2859.75
2026年4月,苗栗縣,食,1524025,625465953,410.4
2026年4月,苗栗縣,衣,95130,202572827,2129.43
2026年4月,苗栗縣,住,115197,329275557,2858.37
2026年4月,苗栗縣,行,699713,733503764,1048.29
2026年4月,苗栗縣,文教康樂,532017,1013369345,1904.77
2026年4月,苗栗縣,百貨,1041764,1213485881,1164.84
2026年4月,苗栗縣,其他,644178,1673758847,2598.29
2026年4月,臺中市,食,12870710,5900232394,458.42
2026年4月,臺中市,衣,770130,1800907040,2338.45
2026年4月,臺中市,住,929417,2753923810,2963.07
2026年4月,臺中市,行,5228271,5615775836,1074.12
2026年4月,臺中市,文教康樂,4040457,8934315078,2211.21
2026年4月,臺中市,百貨,8790291,10997473606,1251.09
2026年4月,臺中市,其他,4887725,14618791093,2990.92
2026年4月,彰化縣,食,2940196,1276385147,434.12
2026年4月,彰化縣,衣,219969,433100055,1968.91
2026年4月,彰化縣,住,239740,633430968,2642.16
2026年4月,彰化縣,行,1414303,1573502454,1112.56
2026年4月,彰化縣,文教康樂,1014690,2014286905,1985.13
2026年4月,彰化縣,百貨,2115908,2452121685,1158.9
2026年4月,彰化縣,其他,1250139,3900535114,3120.08
2026年4月,南投縣,食,973461,405956803,417.02
2026年4月,南投縣,衣,67988,130257267,1915.89
2026年4月,南投縣,住,78132,211923347,2712.38
2026年4月,南投縣,行,494542,564288438,1141.03
2026年4月,南投縣,文教康樂,357699,676574747,1891.46
2026年4月,南投縣,百貨,722216,811496159,1123.62
2026年4月,南投縣,其他,429074,1217660298,2837.88
2026年4月,雲林縣,食,1255637,514914228,410.08
2026年4月,雲林縣,衣,97645,190941795,1955.47
2026年4月,雲林縣,住,105401,274095069,2600.5
2026年4月,雲林縣,行,669088,727557244,1087.39
2026年4月,雲林縣,文教康樂,470316,816094323,1735.2
2026年4月,雲林縣,百貨,898527,1029551452,1145.82
2026年4月,雲林縣,其他,533394,1546743623,2899.81
2026年4月,嘉義縣,食,883520,363294546,411.19
2026年4月,嘉義縣,衣,69334,134353627,1937.77
2026年4月,嘉義縣,住,76083,198450744,2608.35
2026年4月,嘉義縣,行,489094,513120276,1049.12
2026年4月,嘉義縣,文教康樂,351126,611366398,1741.16
2026年4月,嘉義縣,百貨,676828,795326219,1175.08
2026年4月,嘉義縣,其他,388123,1111591178,2864.02
2026年4月,嘉義市,食,822863,354925811,431.33
2026年4月,嘉義市,衣,57836,127046514,2196.67
2026年4月,嘉義市,住,68178,206860219,3034.12
2026年4月,嘉義市,行,368966,388494621,1052.93
2026年4月,嘉義市,文教康樂,286465,582637181,2033.89
2026年4月,嘉義市,百貨,617886,762402728,1233.89
2026年4月,嘉義市,其他,335492,1032815956,3078.51
2026年4月,臺南市,食,6223457,2609352571,419.28
2026年4月,臺南市,衣,418132,861315004,2059.91
2026年4月,臺南市,住,527072,1432922741,2718.65
2026年4月,臺南市,行,2778986,2876056381,1034.93
2026年4月,臺南市,文教康樂,2094664,4193379678,2001.93
2026年4月,臺南市,百貨,4659955,5696299248,1222.39
2026年4月,臺南市,其他,2590464,8119850571,3134.52
2026年4月,高雄市,食,9699973,4379144720,451.46
2026年4月,高雄市,衣,603269,1286173187,2132.01
2026年4月,高雄市,住,792691,2192907227,2766.41
2026年4月,高雄市,行,4357529,4278708161,981.91
2026年4月,高雄市,文教康樂,3291405,6617483841,2010.53
2026年4月,高雄市,百貨,7281413,9073312326,1246.09
2026年4月,高雄市,其他,3889037,11463060983,2947.53
2026年4月,屏東縣,食,1458484,631220468,432.79
2026年4月,屏東縣,衣,106950,201667718,1885.63
2026年4月,屏東縣,住,132132,338228921,2559.78
2026年4月,屏東縣,行,807775,832489678,1030.6
2026年4月,屏東縣,文教康樂,590068,1000329646,1695.28
2026年4月,屏東縣,百貨,1181247,1380144418,1168.38
2026年4月,屏東縣,其他,699762,2148604580,3070.48
2026年4月,基隆市,食,1299560,542171996,417.2
2026年4月,基隆市,衣,84499,178643633,2114.15
2026年4月,基隆市,住,93374,280983346,3009.22
2026年4月,基隆市,行,558675,516171492,923.92
2026年4月,基隆市,文教康樂,468847,884731436,1887.04
2026年4月,基隆市,百貨,973957,1067242483,1095.78
2026年4月,基隆市,其他,563192,1448245938,2571.5
2026年4月,宜蘭縣,食,1145892,456974231,398.79
2026年4月,宜蘭縣,衣,81130,170509864,2101.69
2026年4月,宜蘭縣,住,100457,277815397,2765.52
2026年4月,宜蘭縣,行,524365,519840596,991.37
2026年4月,宜蘭縣,文教康樂,425350,798532069,1877.35
2026年4月,宜蘭縣,百貨,895575,941016603,1050.74
2026年4月,宜蘭縣,其他,489484,1391134678,2842.04
2026年4月,花蓮縣,食,692630,341217000,492.64
2026年4月,花蓮縣,衣,44118,91458361,2073.04
2026年4月,花蓮縣,住,58900,187538010,3184.01
2026年4月,花蓮縣,行,328066,318667931,971.35
2026年4月,花蓮縣,文教康樂,285419,470565845,1648.68
2026年4月,花蓮縣,百貨,551234,595811172,1080.87
2026年4月,花蓮縣,其他,292197,834121255,2854.65
2026年4月,臺東縣,食,374365,153468922,409.94
2026年4月,臺東縣,衣,25651,49546134,1931.55
2026年4月,臺東縣,住,33256,99509933,2992.24
2026年4月,臺東縣,行,193201,184890380,956.98
2026年4月,臺東縣,文教康樂,146817,231308596,1575.49
2026年4月,臺東縣,百貨,292776,304777464,1040.99
2026年4月,臺東縣,其他,148215,443583166,2992.84
2026年4月,澎湖縣,食,209263,81853880,391.15
2026年4月,澎湖縣,衣,12295,27403299,2228.82
2026年4月,澎湖縣,住,18256,56824687,3112.66
2026年4月,澎湖縣,行,93222,109949661,1179.44
2026年4月,澎湖縣,文教康樂,80235,116693100,1454.39
2026年4月,澎湖縣,百貨,146596,149457762,1019.52
2026年4月,澎湖縣,其他,68024,165117715,2427.34
2026年4月,金門縣,食,143729,74004208,514.89
2026年4月,金門縣,衣,7160,16012614,2236.4
2026年4月,金門縣,住,10578,42266016,3995.65
2026年4月,金門縣,行,55175,74811986,1355.9
2026年4月,金門縣,文教康樂,56997,76897461,1349.15
2026年4月,金門縣,百貨,123777,117754780,951.35
2026年4月,金門縣,其他,56241,128410099,2283.21
2026年4月,連江縣,食,30400,14252041,468.82
2026年4月,連江縣,衣,1455,2755828,1894.04
2026年4月,連江縣,住,2210,5478919,2479.15
2026年4月,連江縣,行,14207,16747677,1178.83
2026年4月,連江縣,文教康樂,10739,16090867,1498.36
2026年4月,連江縣,百貨,18247,19367824,1061.43
2026年4月,連江縣,其他,9768,26167878,2678.94
2026年5月,臺北市,食,19190561,10371135926,540.43
2026年5月,臺北市,衣,986546,3371121829,3417.1
2026年5月,臺北市,住,1112847,4753715641,4271.67
2026年5月,臺北市,行,6594917,6784197378,1028.7
2026年5月,臺北市,文教康樂,5412374,14547251045,2687.78
2026年5月,臺北市,百貨,11569141,15852639095,1370.25
2026年5月,臺北市,其他,5984048,120580354946,20150.3
2026年5月,新北市,食,23564485,10715503221,454.73
2026年5月,新北市,衣,1395129,3057276655,2191.39
2026年5月,新北市,住,1541839,4450838279,2886.71
2026年5月,新北市,行,8378437,7822796571,933.68
2026年5月,新北市,文教康樂,7289584,15242234495,2090.96
2026年5月,新北市,百貨,15988820,18519408558,1158.27
2026年5月,新北市,其他,8453702,75655903331,8949.44
2026年5月,桃園市,食,11109804,4920374284,442.89
2026年5月,桃園市,衣,658461,1495082392,2270.57
2026年5月,桃園市,住,762930,2120115961,2778.91
2026年5月,桃園市,行,4285357,4470639534,1043.24
2026年5月,桃園市,文教康樂,3440774,7018159031,2039.7
2026年5月,桃園市,百貨,7305928,9110140363,1246.95
2026年5月,桃園市,其他,4086586,33110618032,8102.27
2026年5月,新竹縣,食,3256838,1520924223,466.99
2026年5月,新竹縣,衣,176774,428733835,2425.32
2026年5月,新竹縣,住,214210,706259175,3297.04
2026年5月,新竹縣,行,1232136,1417075046,1150.1
2026年5月,新竹縣,文教康樂,978477,2257077693,2306.73
2026年5月,新竹縣,百貨,2059616,2714280885,1317.86
2026年5月,新竹縣,其他,1198183,23064345503,19249.43
2026年5月,新竹市,食,2952302,1368228118,463.44
2026年5月,新竹市,衣,153925,369889490,2403.05
2026年5月,新竹市,住,195044,619292554,3175.14
2026年5月,新竹市,行,1001677,1122346086,1120.47
2026年5月,新竹市,文教康樂,868325,2083891958,2399.9
2026年5月,新竹市,百貨,1881362,2520928788,1339.95
2026年5月,新竹市,其他,1059300,25948147739,24495.56
2026年5月,苗栗縣,食,1650753,703806897,426.36
2026年5月,苗栗縣,衣,106380,221312763,2080.4
2026年5月,苗栗縣,住,122381,339255987,2772.13
2026年5月,苗栗縣,行,756376,778473656,1029.22
2026年5月,苗栗縣,文教康樂,551801,1055139406,1912.17
2026年5月,苗栗縣,百貨,1128634,1298264108,1150.3
2026年5月,苗栗縣,其他,687120,3959317373,5762.19
2026年5月,臺中市,食,14040734,6689171460,476.41
2026年5月,臺中市,衣,867227,1921707211,2215.92
2026年5月,臺中市,住,976841,2741105498,2806.09
2026年5月,臺中市,行,5614986,5870798380,1045.56
2026年5月,臺中市,文教康樂,4207356,9271379980,2203.61
2026年5月,臺中市,百貨,9396642,11444124768,1217.9
2026年5月,臺中市,其他,5124455,39369726331,7682.71
2026年5月,彰化縣,食,3215161,1428984383,444.45
2026年5月,彰化縣,衣,247147,475940472,1925.74
2026年5月,彰化縣,住,249174,629245222,2525.32
2026年5月,彰化縣,行,1534772,1672214332,1089.55
2026年5月,彰化縣,文教康樂,1060943,2072333729,1953.29
2026年5月,彰化縣,百貨,2284353,2562129303,1121.6
2026年5月,彰化縣,其他,1309625,8231859192,6285.66
2026年5月,南投縣,食,1054237,453133711,429.82
2026年5月,南投縣,衣,76142,149440466,1962.65
2026年5月,南投縣,住,82216,208001804,2529.94
2026年5月,南投縣,行,536339,598160128,1115.27
2026年5月,南投縣,文教康樂,373060,707380503,1896.16
2026年5月,南投縣,百貨,777010,851536791,1095.91
2026年5月,南投縣,其他,445799,2731348187,6126.86
2026年5月,雲林縣,食,1365043,576807274,422.56
2026年5月,雲林縣,衣,107598,203416352,1890.52
2026年5月,雲林縣,住,109222,282258310,2584.26
2026年5月,雲林縣,行,724675,787857930,1087.19
2026年5月,雲林縣,文教康樂,488957,855885176,1750.43
2026年5月,雲林縣,百貨,968604,1087440517,1122.69
2026年5月,雲林縣,其他,556000,2952773535,5310.74
2026年5月,嘉義縣,食,948353,397625735,419.28
2026年5月,嘉義縣,衣,74343,137811347,1853.72
2026年5月,嘉義縣,住,77477,190513724,2458.97
2026年5月,嘉義縣,行,523801,533919062,1019.32
2026年5月,嘉義縣,文教康樂,355667,593122155,1667.63
2026年5月,嘉義縣,百貨,716045,823507020,1150.08
2026年5月,嘉義縣,其他,398323,1704870234,4280.12
2026年5月,嘉義市,食,894345,390824604,437.0
2026年5月,嘉義市,衣,61975,132705464,2141.27
2026年5月,嘉義市,住,70156,191358216,2727.61
2026年5月,嘉義市,行,394519,409456039,1037.86
2026年5月,嘉義市,文教康樂,296866,588107026,1981.05
2026年5月,嘉義市,百貨,655176,802800403,1225.32
2026年5月,嘉義市,其他,347719,2086761438,6001.29
2026年5月,臺南市,食,6775819,2948663039,435.17
2026年5月,臺南市,衣,459669,935289775,2034.7
2026年5月,臺南市,住,553867,1459083844,2634.36
2026年5月,臺南市,行,2995043,2974572512,993.17
2026年5月,臺南市,文教康樂,2181386,4250919626,1948.72
2026年5月,臺南市,百貨,4995948,6018271652,1204.63
2026年5月,臺南市,其他,2705868,20127334104,7438.4
2026年5月,高雄市,食,10489748,4919296107,468.96
2026年5月,高雄市,衣,667518,1383288468,2072.29
2026年5月,高雄市,住,833765,2244523794,2692.03
2026年5月,高雄市,行,4650311,4455451685,958.1
2026年5月,高雄市,文教康樂,3400887,6712976635,1973.89
2026年5月,高雄市,百貨,7744758,9437291133,1218.54
2026年5月,高雄市,其他,4107030,30430510099,7409.37
2026年5月,屏東縣,食,1568120,695415735,443.47
2026年5月,屏東縣,衣,117623,218193193,1855.02
2026年5月,屏東縣,住,138716,353480570,2548.23
2026年5月,屏東縣,行,863945,888621961,1028.56
2026年5月,屏東縣,文教康樂,609289,1013857431,1664.0
2026年5月,屏東縣,百貨,1262985,1417273397,1122.16
2026年5月,屏東縣,其他,728942,3135555306,4301.52
2026年5月,基隆市,食,1402567,606385949,432.34
2026年5月,基隆市,衣,92248,208108878,2255.97
2026年5月,基隆市,住,97055,284390945,2930.2
2026年5月,基隆市,行,602559,553696341,918.91
2026年5月,基隆市,文教康樂,484645,893602889,1843.83
2026年5月,基隆市,百貨,1038976,1120451749,1078.42
2026年5月,基隆市,其他,591389,5266848086,8905.89
2026年5月,宜蘭縣,食,1219426,505717525,414.72
2026年5月,宜蘭縣,衣,86718,177043024,2041.59
2026年5月,宜蘭縣,住,105189,291069814,2767.11
2026年5月,宜蘭縣,行,560021,535534078,956.27
2026年5月,宜蘭縣,文教康樂,437395,826294122,1889.13
2026年5月,宜蘭縣,百貨,953932,1017072335,1066.19
2026年5月,宜蘭縣,其他,512084,2265855652,4424.77
2026年5月,花蓮縣,食,747693,375756333,502.55
2026年5月,花蓮縣,衣,48037,97266320,2024.82
2026年5月,花蓮縣,住,61995,185822976,2997.39
2026年5月,花蓮縣,行,353972,323064179,912.68
2026年5月,花蓮縣,文教康樂,297396,489175735,1644.86
2026年5月,花蓮縣,百貨,594196,630346768,1060.84
2026年5月,花蓮縣,其他,301955,1229666453,4072.35
2026年5月,臺東縣,食,401102,171456182,427.46
2026年5月,臺東縣,衣,28261,55854509,1976.38
2026年5月,臺東縣,住,34827,104002126,2986.25
2026年5月,臺東縣,行,205990,197597815,959.26
2026年5月,臺東縣,文教康樂,151742,234704574,1546.73
2026年5月,臺東縣,百貨,315957,319390382,1010.87
2026年5月,臺東縣,其他,150776,638117303,4232.22
2026年5月,澎湖縣,食,225853,88584804,392.22
2026年5月,澎湖縣,衣,13055,28964343,2218.64
2026年5月,澎湖縣,住,18336,54416082,2967.72
2026年5月,澎湖縣,行,97493,113412495,1163.29
2026年5月,澎湖縣,文教康樂,82096,122263948,1489.28
2026年5月,澎湖縣,百貨,157815,159839018,1012.83
2026年5月,澎湖縣,其他,71832,276109852,3843.83
2026年5月,金門縣,食,157168,59167586,376.46
2026年5月,金門縣,衣,7907,17279209,2185.31
2026年5月,金門縣,住,11187,39209512,3504.92
2026年5月,金門縣,行,58510,78599699,1343.35
2026年5月,金門縣,文教康樂,58562,80206310,1369.6
2026年5月,金門縣,百貨,133602,133219858,997.14
2026年5月,金門縣,其他,60026,246555833,4107.48
2026年5月,連江縣,食,34150,22159801,648.9
2026年5月,連江縣,衣,1422,3461189,2434.03
2026年5月,連江縣,住,2406,5996916,2492.48
2026年5月,連江縣,行,14311,17258461,1205.96
2026年5月,連江縣,文教康樂,10474,15766285,1505.28
2026年5月,連江縣,百貨,19676,21035055,1069.07
2026年5月,連江縣,其他,10760,39843537,3702.93
